Index,Source,P/C,,,,Count
1,Paul Drinkwater / NBCUniversal via Getty Images,Professional - getty,,,,2
2,Broward Sheriff's Office / Courtesy,Professional - sherif,,,,1
3,Katherine Frey/The Washington Post,Professional - washington post,,,,2
4,Jonathan Ferrey / Getty Images,Professional - getty,,,,1
5,Trae Patton/NBC,Professional - nbc,,,,3
6,Orlando Fire Department,Professional - department,,,,2
7,Elise Amendola / AP,Professional - AP,,,,2
8,AP,Professional - AP,,,,11
9,Robert Duyos / Sun Sentinel,Professional - sun sentinel,,,,1
10,AFP/Getty Images,Professional - getty,,,,1
11,Orlando Police Department,Professional - police,,,,3
12,Lee Jin-man / AP,Professional - AP,,,,1
13,No Image,                              ,,,,153
14,Joy Wallace Dickinson,                              ,,,,1
15,Jim Mone/AP,Professional - AP,,,,2
16,File,Professional - file,,,,15
17,No Credit,                              ,,,,171
18,Will Heath/NBC,Professional - nbc,,,,1
19,NBC / Will Heath/NBC,Professional - nbc,,,,2
20,Julio Cortez / Associated Press,Professional - press,,,,1
21,Aaron Gash/AP,Professional - AP,,,,1
22,Gerry Broome / AP,Professional - AP,,,,1
23,Steven Cannon/AP,Professional - AP,,,,1
24,Wilfredo Lee / AP file,Professional - file,,,,2
25,Wade Payne/AP,Professional - AP,,,,1
26,Sean Gardner/Getty Images,Professional - getty,,,,1
27,Jonathan Ferrey/Getty Images,Professional - getty,,,,1
28,Eric Risberg/AP,Professional - AP,,,,1
29,Alessandro Trovati / AP,Professional - AP,,,,1
30,Don Emmert/AFP/Getty Images,Professional - getty,,,,1
31,Carlos Osorio/AP,Professional - AP,,,,1
32,Joseph Prezioso/AFP/Getty Images,Professional - getty,,,,1
33,Elise Amendola/AP,Professional - AP,,,,3
34,Orange County Sheriff's Office,Professional - sherif,,,,2
35,Courtesy of Amanda Robinson,                              ,,,,3
36,Cliff Owen/AP,Professional - AP,,,,1
37,Cliff Owen / AP,Professional - AP,,,,2
38,hocus-focus / Getty Images,Professional - getty,,,,1
39,Taimy Alvarez / Sun Sentinel file,Professional - file,,,,1
40,Mike Fender,Professional - indystar,,,,1
41,Courtesy of Gary Bassing,                              ,,,,1
42,Osceola County Jail,Professional - jail,,,,2
43,J.C. Carnahan/Orlando Sentinel,Professional - orlando sentinel,,,,4
44,Orange County Jail,Professional - jail,,,,10
45,Stephen M. Dowell/Orlando Sentinel,Professional - orlando sentinel,,,,16
46,Cliff Hawkins/Getty Images,Professional - getty,,,,1
47,Sentinel file photo,Professional - file,,,,5
48,Stephen M. Dowell / Orlando Sentinel,Professional - orlando sentinel,,,,12
49,Patrick Connolly / Orlando Sentinel,Professional - orlando sentinel,,,,15
50,C-Span,Professional - c-span,,,,1
51,Clermont Police Department,Professional - police,,,,1
52,Drew Angerer/Getty Images,Professional - getty,,,,2
53,Colleen Hayes/HBO,Professional - hbo,,,,1
54,Dan Steinberg / AP,Professional - AP,,,,1
55,Highlands County Sheriff's Office,Professional - sherif,,,,3
56,AP /Brynn Anderson,Professional - ap,,,,1
57,WKMG,Professional - news,,,,4
58,Jim Carchidi /,                              ,,,,1
59,Steven Lemongello / Orlando Sentinel,Professional - orlando sentinel,,,,2
60,RomoloTavani / Getty Images/iStockphoto,Professional - getty,,,,2
61,Joe Burbank / Orlando Sentinel,Professional - orlando sentinel,,,,24
62,Kevin Spear,Professional - orlando sentinel,,,,2
63,Kevin Spear / Orlando Sentinel,Professional - orlando sentinel,,,,12
64,Associated Press file,Professional - file,,,,2
65,Joe Burbank/Orlando Sentinel,Professional - orlando sentinel,,,,5
66,Stephanie Keith/Getty Images,Professional - getty,,,,1
67,Orlando Sentinel,Professional - orlando sentinel,,,,22
68,Dr. Oz Show,                              ,,,,1
69,Evan Vucci / AP,Professional - AP,,,,5
70,David Dow / NBAE/Getty Images,Professional - getty,,,,1
71,File photo,Professional - file,,,,17
72,Orlando Sentinel file,Professional - file,,,,10
73,Carolyn Van Houten/The Washington Post,Professional - washington post,,,,5
74,Dalton Bennett/The Washington Post,Professional - washington post,,,,1
75,Lucy Nicholson / AFP/Getty Images,Professional - getty,,,,1
76,Zbigniew Bzdak/Chicago Tribune,Professional - chicago,,,,1
77,"Davie Police, courtesy",Professional - police,,,,5
78,"Broward Sheriff's Office, courtesy",Professional - sherif,,,,1
79,Lisa Maria Garza / Orlando Sentinel,Professional - orlando sentinel,,,,1
80,Courtesy Photo,Professional - police,,,,1
81,Ryan Gillespie / Orlando Sentinel,Professional - orlando sentinel,,,,3
82,Dr. Phillips Charities,                              ,,,,1
83,Courtesy photo,Professional - police,,,,4
84,"Gillespie, Ryan / Courtesy photo",                              ,,,,2
85,Bill O'Leary/Washington Post,Professional - washington post,,,,1
86,Courtesy of Orange County Fire Rescue,Professional - county,,,,2
87,ESPN / Courtesy,                              ,,,,2
88,Google Maps,Professional - google maps,,,,4
89,"Florida Fish and Wildlife Conservation Commission, taken under NOAA permit 20556-01",Professional - noaa,,,,1
90,Steve Cannon / AP,Professional - AP,,,,2
91,Ricardo Ramirez Buxeda / Orlando Sentinel,Professional - orlando sentinel,,,,15
92,Elise Amendola / Associated Press,Professional - press,,,,1
93,Leo Correa / Associated Press,Professional - press,,,,1
94,Renato Spyrro / Associated Press,Professional - press,,,,1
95,Matt Sayles/Invision/AP,Professional - AP,,,,1
96,Rosalind O'Connor/NBC,Professional - nbc,,,,1
97,Getty Images,Professional - getty,,,,5
98,Lynn Johnson/PBS / TNS,Professional - tns,,,,1
99,J. Scott Applewhite/AP,Professional - AP,,,,2
100,Andrew Harnik/AP,Professional - AP,,,,3
101,Jon Elswick / AP,Professional - AP,,,,1
102,Lauren Delgado / Orlando Sentinel,Professional - orlando sentinel,,,,13
103,Anonymous / Associated Press,Professional - press,,,,1
104,Susan Walsh / AP,Professional - AP,,,,5
105,Angela Weiss/Getty-AFP,Professional - getty,,,,1
106,Willie J. Allen Jr. / AP,Professional - AP,,,,1
107,J.C. Carnahan / Orlando Sentinel,Professional - orlando sentinel,,,,3
108,Anthony Man / South Florida Sun Sentinel,Professional - sun sentinel,,,,1
109,Anthony Man / Sun Sentinel,Professional - sun sentinel,,,,1
110,Alisha Jucevic / For The Washington Post,Professional - washington post,,,,3
111,Brevard County Jail,Professional - jail,,,,1
112,Courtesy of Jim Henry,                              ,,,,2
113,Dia Dipasupil / Getty Images,Professional - getty,,,,1
114,Courtesy of Jeffry Ault,                              ,,,,1
115,Rick Scuteri / AP,Professional - AP,,,,1
116,Biddiboo / Getty Images,Professional - getty,,,,1
117,LCSO,                              ,,,,2
118,Dario Cantatore/Invision/AP,Professional - AP,,,,1
119,Dan Forer /  Courtesy,                              ,,,,1
120,Gregory Bull/AP,Professional - AP,,,,1
121,Lynn Johnson/PBS/TNS,Professional - tns,,,,1
122,Virginia Military Institute yearbook,Professional - institute,,,,1
123,Steve Earley/Staff,Professional - staff,,,,1
124,Mark Wilson/Getty Images,Professional - getty,,,,1
125,Pool / Getty Images,Professional - getty,,,,1
126,Jerry Fallstrom/Orlando Sentinel,Professional - orlando sentinel,,,,7
127,Jerry Fallstrom/Orlando,Professional - orlando sentinel,,,,1
128,Mike Ertel / Mike Ertel,                              ,,,,1
129,Walton County Sheriff's Office,Professional - sherif,,,,2
130,Charles Reed / AP,Professional - AP,,,,1
131,Michael Becker/Fox,Professional - fox,,,,2
132,Gene J. Puskar/AP,Professional - AP,,,,4
133,Julie Fletcher / KRT file photo,Professional - file,,,,1
134,Florida Department of Corrections,Professional - department,,,,1
135,Gray Rohrer/Orlando Sentinel,Professional - orlando sentinel,,,,1
136,The Miami Herald,Professional - miami herald,,,,1
137,Pasco County Sheriff's Office,Professional - sherif,,,,2
138,James B. Nelson / AP,Professional - AP,,,,1
139,Milwaukee Police Department,Professional - police,,,,1
140,David Goldman/AP 2016,Professional - ap,,,,1
141,Joel Ryan/Invision/AP,Professional - AP,,,,1
142,Chabeli Herrera / Orlando Sentinel,Professional - orlando sentinel,,,,5
143,Andrew Hounshell / International Association of Machinists and Aerospace Workers,Professional - international,,,,1
144,MRC Laboratory of Molecular Biology,                              ,,,,1
145,Ron Edmonds / AP,Professional - AP,,,,1
146,Evan Agostini/AP,Professional - AP,,,,1
147,Morgan Lieberman / Getty Images,Professional - getty,,,,1
148,Universal Orlando,                              ,,,,2
149,SeaWorld Orlando,                              ,,,,5
150,Harrison Cooney / Walt Disney Co.,Professional - co.,,,,1
151,Fruitland Park Facebook page,Citizen - facebook,,,,1
152,Gabrielle Russon/Orlando Sentinel,Professional - orlando sentinel,,,,4
153,Chris Seward/AP,Professional - AP,,,,2
154,Ricardo Ramirez Buxeda/Orlando Sentinel file photo,Professional - file,,,,1
155,Courtesy of Fernando Medina,                              ,,,,1
156,Courtesy of Umatilla High School,Professional - school,,,,1
157,Ricardo Ramirez Buxeda/ Orlando Sentinel Correspondent,Professional - correspondent,,,,1
158,Stephen M. Dowell/Orlando Sentinel Correspondent,Professional - correspondent,,,,1
159,John Raoux/AP,Professional - AP,,,,6
160,Mark Randall/South Florida Sun Sentinel,Professional - sun sentinel,,,,1
161,Courtesy/Federal Trade Commission,                              ,,,,1
162,University of Central Florida / Courtesy photo,Professional - university,,,,1
163,Los Angeles Times,Professional - times,,,,1
164,Michael Wyke/AP,Professional - AP,,,,1
165,Florida Division of Elections records,Professional - record,,,,1
166,WFTV,Professional - co.,,,,2
167,AP Photo/Bryan Woolston,Professional - ap,,,,1
168,Gerald Herbert / Associated Press,Professional - press,,,,1
169,Markus Adler/AP,Professional - AP,,,,1
170,Mike Stewart / AP,Professional - AP,,,,1
171,TCFFC ALL RIGHTS RESERVED.,                              ,,,,1
172,Katherine Frey / the Washington Post,Professional - washington post,,,,1
173,Cole Burston/Bloomberg News,Professional - news,,,,1
174,Charles Krupa / AP,Professional - AP,,,,2
175,Stephanie Klein-Davis/The Roanoke Times,Professional - times,,,,1
176,Rick Wood/Milwaukee Journal Sentinel,Professional - journal sentinel,,,,2
177,Phil Sears / AP,Professional - AP,,,,1
178,HO / AFP/Getty Images,Professional - getty,,,,1
179,Courtesy of SpaceX,                              ,,,,1
180,Seminole County Jail,Professional - jail,,,,3
181,Chris Sweda/Chicago Tribune,Professional - chicago,,,,1
182,Armando L. Sanchez/Chicago Tribune,Professional - chicago,,,,1
183,SeaWorld Entertainment,Professional - entertainment,,,,2
184,Michael Laughlin / South Florida / South Florida Sun Sentinel,Professional - sun sentinel,,,,1
185,Hero Images / Getty Images,Professional - getty,,,,1
186,Submitted,Citizen - submitted,,,,4
187,Nick Leyva / Nick Leyva,                              ,,,,1
188,T'xer Zhon Kha/The Post-Crescent,                              ,,,,1
189,CBS This Morning,Professional - cbs,,,,1
190,Facebook,Citizen - facebook,,,,1
191,Wilfredo Lee / AP,Professional - AP,,,,2
192,Dane County Sheriff's Office and Monroe County Sheriff's Office,Professional - sherif,,,,1
193,Jabin Botsford/Washington Post,Professional - washington post,,,,1
194,Jacob Langston / Orlando Sentinel,Professional - orlando sentinel,,,,2
195,Joe Raedle/Getty,Professional - getty,,,,1
196,City of Groveland,Professional - city,,,,1
197,Greg Williams,Professional - ap,,,,1
198,Doug Mills/AFP/Getty Images,Professional - getty,,,,1
199,Olivier Douliery/TNS,Professional - tns,,,,1
200,Doug Mills/AP,Professional - AP,,,,2
201,Win McNamee / Getty Images,Professional - getty,,,,2
202,Mark Humphrey/AP / OSMG,Professional - ap,,,,1
203,Via Peyton Matocha's Twitter page,Citizen - twitter,,,,1
204,Royal Caribbean Twitter / Courtesy,Citizen - twitter,,,,1
205,Francisco Seco/AP,Professional - AP,,,,1
206,Orange County,Professional - county,,,,1
207,Dr. Phillips Center / Courtesy photo,Professional - center,,,,3
208,George Diaz / Courtesy photo,                              ,,,,1
209,Peter Dazeley/Photographer's Cho,                              ,,,,1
210,Brendan Walter / Courtesy photo,                              ,,,,1
211,Orlando Sentinel; Getty Images,Professional - getty,,,,4
212,Michael Cairns / Courtesy photo,                              ,,,,2
213,Michael Cairns / courtesy photo,                              ,,,,1
214,"cortesía, pexels.com / Cortesía",Professional - co.,,,,1
215,Chris Hays / Orlando Sentinel,Professional - orlando sentinel,,,,4
216,Montverde Academy courtesy photo,Professional - academy,,,,2
217,Denis Poroy / AP,Professional - AP,,,,1
218,JONATHAN NACKSTRAND / AFP/Getty Images,Professional - getty,,,,1
219,Sue Ogrocki / AP,Professional - AP,,,,1
220,Orange County Fire Rescue,Professional - county,,,,1
221,Mark Wallheiser / AP,Professional - AP,,,,1
222,Mandel Ngan / AFP/Getty Images,Professional - getty,,,,1
223,National Park Service,Professional - service,,,,1
224,Sonja Flemming/CBS,Professional - cbs,,,,2
225,Handout,Citizen - handout,,,,2
226,Orlando Sentinel Now,Professional - orlando sentinel,,,,2
227,Andrew Medichini / AP,Professional - AP,,,,2
228,Nuccio DiNuzzo/Chicago Tribune,Professional - chicago,,,,1
229,John Raoux / AP,Professional - AP,,,,1
230,John Raoux / Associated Press / Associated Press,Professional - press,,,,1
231,Lauren Delgado / Orlando Sentinel file,Professional - file,,,,1
232,Jeff Roberson/AP,Professional - AP,,,,2
233,Courtesy of Rollins College,Professional - college,,,,1
234,Kathy Willen/AP,Professional - AP,,,,1
235,Robert Ashcroft / ABC,Professional - abc,,,,1
236,"Rafael Olmeda, South Florida Sun Sentinel",Professional - sun sentinel,,,,1
237,Joe Burbank / Orlando Sentinel file,Professional - file,,,,1
238,Susan Stocker / Sun Sentinel,Professional - sun sentinel,,,,1
239,Taimy Alvarez / South Florida Sun Sentinel,Professional - sun sentinel,,,,1
240,Chris Ratcliffe/Bloomberg News,Professional - news,,,,1
241,Red Huber/Orlando Sentinel,Professional - orlando sentinel,,,,2
242,Carlos Giusti / AP,Professional - AP,,,,1
243,Daytona Beach Fire Department,Professional - department,,,,1
244,Sarah Espedido / Orlando Sentinel,Professional - orlando sentinel,,,,3
245,Doug Mills / AP,Professional - AP,,,,1
246,Alex Wong / Getty Images,Professional - getty,,,,3
247,USCG photo/Petty Officer 2nd Class Jonathan Lally,                              ,,,,1
248,Sean M. Haffey/Getty Images,Professional - getty,,,,1
249,Dewayne Bevil / Orlando Sentinel,Professional - orlando sentinel,,,,7
250,FL511.com,Professional - co.,,,,1
251,AdventHealth,Professional - co.,,,,3
252,Benoit Moser / AP,Professional - AP,,,,1
253,Paris Fire Dept. photo,                              ,,,,1
254,Geoffroy Van Der Hasselt/Getty-AFP,Professional - getty,,,,1
255,Chris Pizzello/Invision/AP,Professional - AP,,,,1
256,Courtesy Marco Borggreve,                              ,,,,1
257,Courtesy of Lee Nasehi,                              ,,,,1
258,Courtesy of Nasehi family,Citizen - family,,,,1
259,Seminole State College,Professional - state,,,,1
260,Red Huber / Orlando Sentinel,Professional - orlando sentinel,,,,2
261,Paul Abell/AP,Professional - AP,,,,1
262,Lynne Sladky/AP,Professional - AP,,,,1
263,Ian Hitchcock/Getty Images,Professional - getty,,,,1
264,Timothy A. Clary/AFP/Getty Images,Professional - getty,,,,1
265,Saul Loeb / AFP/Getty Images,Professional - getty,,,,1
266,Annie Martin/Orlando Sentinel,Professional - orlando sentinel,,,,2
267,Tijana Martin/AP,Professional - AP,,,,1
268,Mladen Antonov / AFP/Getty Images,Professional - getty,,,,1
269,Owen Sweeney/Invision/AP,Professional - AP,,,,1
270,Tony Dejak/AP,Professional - AP,,,,1
271,Julia Rendleman/For The Washington Post,Professional - washington post,,,,1
272,Steve Helber / Associated Press,Professional - press,,,,1
273,Everett Collection,Professional - warner bros,,,,3
274,BPI,                              ,,,,1
275,Yuri Cortez / AFP/Getty Images,Professional - getty,,,,1
276,Douglas R. Clifford/Tampa Bay Times via AP,Professional - AP,,,,1
277,Love Your Shorts Film Festival,Professional - film,,,,3
278,Sezeryadigar / Getty Images,Professional - getty,,,,1
279,Paradox Films/StudioCanal,Professional - studio,,,,1
280,AWOUT DAVID PHILLIP / Associated Press,Professional - press,,,,1
281,HANDOUT / Courtesy photo,Citizen - handout,,,,1
282,Jason Hook / NCS,                              ,,,,1
283,Mount Dora Arts Festival Facebook page,Citizen - facebook,,,,1
284,Associated Press,Professional - press,,,,2
285,Timothy D. Easley/AP,Professional - AP,,,,1
286,Matt Sayles/AP,Professional - AP,,,,1
287,"Lee County, Florida, Sheriff's Office",Professional - sherif,,,,1
288,Win McNamee / AP,Professional - AP,,,,1
289,Steve Helber / AP,Professional - AP,,,,3
290,Richard Drew/AP,Professional - AP,,,,2
291,Stella Artois/AFP/Getty Images,Professional - getty,,,,1
292,Baltimore Police Department,Professional - police,,,,1
293,Kathleen Christiansen/Orlando Sentinel,Professional - orlando sentinel,,,,9
294,Joe Mario Pedersen / Orlando Sentinel,Professional - orlando sentinel,,,,2
295,Stepehn Hudak / Orlando Sentinel,Professional - orlando sentinel,,,,1
296,Stephen Hudak / Orlando Sentinel,Professional - orlando sentinel,,,,3
297,Seminole County schoools,Professional - county,,,,1
298,Rich Pope / Orlando Sentinel,Professional - orlando sentinel,,,,2
299,Kim Hairston / Baltimore Sun,Professional - baltimore sun,,,,1
300,Ricardo Ramirez Buxeda / Orlando Sentinel file photo,Professional - file,,,,1
301,Joe Burbank / Orlando Sentinel file photo,Professional - file,,,,1
302,Courtesy of Morse Museum of American Art,Professional - american,,,,1
303,Morse Museum of American Art / Courtesy photo,Professional - american,,,,3
304,Courtesy of Bay Street Players,                              ,,,,1
305,Bay Street Players / Courtesy photo,                              ,,,,1
306,Mike Ehrmann / Getty Images,Professional - getty,,,,1
307,Harry How / Getty Images,Professional - getty,,,,1
308,Photo by Al Bello/Getty Images,Professional - getty,,,,2
309,Christian Petersen/Getty Images,Professional - getty,,,,1
310,Alex Gallardo/AP,Professional - AP,,,,1
311,Amy Harris / Amy Harris/Invision/AP,Professional - AP,,,,1
312,Willie J. Allen Jr./AP,Professional - AP,,,,2
313,Kathy Willens/AP,Professional - AP,,,,2
314,Susana Gonzalez / Bloomberg,Professional - bloomberg,,,,1
315,File Photo,Professional - file,,,,2
316,Monica Herndon/TNS,Professional - tns,,,,1
317,John Amis / AP,Professional - AP,,,,3
318,Austin Police Department,Professional - police,,,,1
319,Kevin Winter / Getty Images for Turner,Professional - getty,,,,1
320,Dean Buscher/The CW,Professional - the cw,,,,1
321,Cliff Lipson/CBS,Professional - cbs,,,,1
322,Shane Harvey/The CW,Professional - the cw,,,,1
323,Courtesy of Michael Cairns,                              ,,,,1
324,Courtesy photo / Courtesy photo,                              ,,,,2
325,Gregory Payan/AP,Professional - AP,,,,1
326,Chris Carlson/AP,Professional - AP,,,,1
327,Daniel Slim/AFP/Getty Images,Professional - getty,,,,1
328,Matt Stamey/AP,Professional - AP,,,,2
329,Michael Reaves/Getty Images,Professional - getty,,,,1
330,Mark Cornelison/TNS,Professional - tns,,,,1
331,Marion County Sheriff's Office,Professional - sherif,,,,1
332,Steven Cannon/Associated Press,Professional - press,,,,1
333,Scott Halleran/Getty Images,Professional - getty,,,,1
334,David J. Phillip/AP,Professional - AP,,,,1
335,Rudy Gutierrez/The El Paso Times,Professional - times,,,,1
336,John Bazemore/AP,Professional - AP,,,,1
337,Andrej Isakovic/AFP/Getty Images,Professional - getty,,,,1
338,Jay Reddick / Orlando Sentinel,Professional - orlando sentinel,,,,1
339,Photo courtesy James Shaw,                              ,,,,1
340,Alex Edelman/Getty Images,Professional - getty,,,,1
341,Eastern Virginia Medical School,Professional - school,,,,2
342,Steve Helber/AP,Professional - AP,,,,1
343,UCF,Professional - athletics,,,,1
344,Jim Watson / AFP/Getty Images,Professional - getty,,,,1
345,Courtesy Britt Henderson,                              ,,,,1
346,Gontran Durocher/Ipso Photo / Courtesy photo,                              ,,,,2
347,Marco Trovati/AP,Professional - AP,,,,1
348,Stephen M. Dowell/Orlando Sentinel file,Professional - file,,,,2
349,Reinhold Matay/Correspondent,Professional - correspondent,,,,1
350,Reinhold Matay / Orlando Sentinel,Professional - orlando sentinel,,,,1
351,Brynn Anderson / AP,Professional - AP,,,,5
352,"Taimy Alvarez, South Florida Sun Sentinel",Professional - sun sentinel,,,,1
353,Brandon Wade/AP,Professional - AP,,,,1
354,Taimy Alvarez / Sun Sentinel,Professional - sun sentinel,,,,9
355,Phillip Valys / Sun Sentinel,Professional - sun sentinel,,,,1
356,Kevin C. Cox / Getty Images,Professional - co.,,,,1
357,Mike Lafferty / Orlando Sentinel,Professional - orlando sentinel,,,,1
358,Mark Humphrey/AP,Professional - AP,,,,1
359,Charlie Neibergall / AP,Professional - AP,,,,2
360,Jim Cooper / AP,Professional - AP,,,,1
361,Tyler Mallory / AP,Professional - AP,,,,1
362,Courtesy of Juarez Family.,Citizen - family,,,,2
363,Sentinel file / OSMG,Professional - file,,,,1
364,Screenshot by Ryan Gillespie,                              ,,,,1
365,Courtesy of Florida Department of Transportation,Professional - department,,,,1
366,Michelob Ultra,Professional - ap,,,,1
367,Ricardo Ramirez Buxeda / MCT,                              ,,,,1
368,Gina Brennan courtesy photo,                              ,,,,1
369,Central Florida Expressway Authority,Professional - press,,,,1
370,foto de archivo,                              ,,,,1
371,Charles Rex Arbogast/AP,Professional - AP,,,,1
372,Charles Tasnadi/AP,Professional - AP,,,,1
373,AP Photo,Professional - ap,,,,1
374,Jordan Strauss/Invision/AP,Professional - AP,,,,1
375,Evan Agostini/Invision/AP,Professional - AP,,,,1
376,Carolyn Kaster / AP file,Professional - file,,,,2
377,Sonny's BBQ,                              ,,,,2
378,Courtesy of ULA,                              ,,,,1
379,Southwest Research Institute,Professional - institute,,,,1
380,CBS Sunday Morning,Professional - cbs,,,,1
381,David Roth / Courtesy,                              ,,,,2
382,Miami Beach Police /  Courtesy,Professional - police,,,,1
383,Joshua L. Jones / AP,Professional - AP,,,,1
384,Ricardo Ramirez Buxeda/Orlando Sentinel,Professional - orlando sentinel,,,,1
385,Andrew Harnik / AP,Professional - AP,,,,2
386,Marco Santana/Orlando Sentinel,Professional - orlando sentinel,,,,1
387,SPD,                              ,,,,1
388,Julio Cortez/AP,Professional - AP,,,,1
389,Courtesy Boozehounds,                              ,,,,1
390,Tamarac Fire Rescue,                              ,,,,1
391,U.S. Navy,Professional - navy,,,,1
392,Jean-Marc Giboux / Getty Images,Professional - getty,,,,1
393,EVERETT COLLECTION,Professional - warner bros,,,,1
394,HB,Professional - AP,,,,1
395,Jabin Botsford / The Washington Post,Professional - washington post,,,,3
396,Taverna Opa,                              ,,,,1
397,Sean Rayford/Getty Images,Professional - getty,,,,1
398,Matt Beard / Cirque du Soleil,                              ,,,,2
399,Opera Orlando,                              ,,,,3
400,Orlando Sentienl,                              ,,,,1
401,David Attie / Getty Images,Professional - getty,,,,1
402,David Attie / Getty Images; Frederick M. Brown / Getty Images,Professional - getty,,,,1
403,Courtesy Joan Marcus,                              ,,,,1
404,"Dennis Wall, Orlando Sentinel File",Professional - file,,,,2
405,Courtesy of UCF Athletics,Professional - athletics,,,,1
406,Photos by Getty,Professional - getty,,,,1
407,Anonymous / AP,Professional - AP,,,,1
408,Morgan Lee / AP,Professional - AP,,,,1
409,Matt Rourke / AP,Professional - AP,,,,1
410,Phelan M. Ebenhack / AP,Professional - AP,,,,2
411,Jae C. Hong / AP,Professional - AP,,,,2
412,Streeter Lecka / Getty Images,Professional - getty,,,,1
413,Pedro Portal/Miami Herald,Professional - miami herald,,,,1
414,Mamta Popat/Arizona Daily Star,Professional - arizona daily star,,,,1
415,Amy Beth Bennett / Sun Sentinel / SSMG,Professional - sun sentinel,,,,1
416,Governor's Office,Professional - ap,,,,1
417,Dreamstime / TNS,Professional - tns,,,,1
418,Kaitlyn Litchfield /,                              ,,,,1
419,Random House Children's Books,                              ,,,,1
420,Andy Lyons / Getty Images,Professional - getty,,,,1
421,Disney / Lucasfilm,Professional - disney,,,,1
422,Ram,Professional - file,,,,1
423,Robert Voets/CBS Entertainment,Professional - cbs,,,,2
424,Keith Srakocic/AP,Professional - AP,,,,1
425,scyther5/iStock,Professional - istock,,,,1
426,Yvonne Valdez / El Sentinel,                              ,,,,1
427,www.jessiedee.net / WFTV,                              ,,,,1
428,Ricardo Ramirez Buxeda / Orlando Sentinel),Professional - orlando sentinel,,,,1
429,John Burgess/The Press Democrat,Professional - press,,,,1
430,Seminole County Sheriff's Office,Professional - sherif,,,,2
431,Gal Tziperman Lotan/Orlando Sentinel,Professional - orlando sentinel,,,,1
432,Ariana Grande Instagram / Twitter,Citizen - twitter,,,,1
433,Gillette,                              ,,,,1
434,WABC-TV / AP,Professional - AP,,,,1
435,Michael Holahan / AP,Professional - AP,,,,1
436,Courtesy Oviedo Police Department,Professional - police,,,,1
437,Jacquelyn Martin / AP,Professional - AP,,,,2
438,Courtesy of Fred and Mary Hoffman,                              ,,,,2
439,Fred Hoffman.,                              ,,,,1
440,Screengrab of the University of Farmington website,Professional - university,,,,1
441,Courtesy of John Meisenheimer,                              ,,,,2
442,"James A. Van Allen Papers, University Archives, the University of Iowa Libraries",Professional - archive,,,,1
443,Courtesy of NASA,Professional - nasa,,,,1
444,Jeff Lewis/AP,Professional - AP,,,,1
445,Chicago Police Department,Professional - chicago,,,,1
446,City of Titusville,Professional - city,,,,1
447,Handout / TNT,Professional - tnt,,,,1
448,Hulton Archive / Getty Images,Professional - getty,,,,1
449,Columbia Pictures/AP,Professional - AP,,,,1
450,Tony Firriolo / Orlando Sentinel file photo,Professional - file,,,,1
451,J. Scott Applewhite / AP,Professional - AP,,,,1
452,Krier family photo,Citizen - family,,,,1
453,Stephen M. Dowell/TNS,Professional - tns,,,,1
454,Seth Wenig/AP,Professional - AP,,,,1
455,David Paul Morris / Bloomberg,Professional - bloomberg,,,,1
456,John Dell'Osso / Point Reyes National Seashore,                              ,,,,1
457,David J. Phillip / AP,Professional - AP,,,,2
458,Mike Zarrilli / Getty Images,Professional - getty,,,,1
459,Universal Orlando / Courtesy photo,                              ,,,,3
460,Orlando police,Professional - police,,,,1
461,Tampa Police Department via AP,Professional - AP,,,,1
462,"Urso, Chris / AP",Professional - AP,,,,1
463,Sentinel file,Professional - file,,,,3
464,Digital Orlando,                              ,,,,1
465,Saul Loeb/AFP/Getty Images,Professional - getty,,,,1
466,Lake County Jail,Professional - jail,,,,1
467,Kimberly Sasser / Orlando Sentinel,Professional - orlando sentinel,,,,1
468,Courtesy of Jerry Sasser / Courtesy,                              ,,,,1
469,John Lamparski / TNS,Professional - tns,,,,1
470,CBS,Professional - cbs,,,,2
471,Courtesy of Legoland Florida,                              ,,,,1
472,lcso.org,                              ,,,,1
473,Universal Studios,Professional - studio,,,,1
474,USDA,Citizen - flickr,,,,1
475,ANDY NEWMAN / AP,Professional - AP,,,,1
476,Courtesy of SeaWorld,                              ,,,,1
477,"FBI, courtesy",Professional - fbi,,,,2
478,Kiichiro Sato/AP,Professional - AP,,,,1
479,Wendy's/Courtesy,                              ,,,,1
480,Carnival Cruise Line,                              ,,,,1
481,Courtesy The Recipe Critic,                              ,,,,1
482,Jasper Juinen / Bloomberg,Professional - bloomberg,,,,1
483,"Kim Hairston, Baltimore Sun",Professional - baltimore sun,,,,1
484,Scott Hodges / Orlando Sentinel file photo,Professional - file,,,,1
485,Steven Miller / courtesy photo,                              ,,,,1
486,Volusia County Jail,Professional - jail,,,,1
487,Miami Fire Rescue via the Miami Herald,Professional - miami herald,,,,1
488,Chuck Burton / AP,Professional - AP,,,,1
489,Jonathan Bachman / Getty Images,Professional - getty,,,,1
490,Maddie Meyer / Getty Images,Professional - getty,,,,1
491,Gregory Bull / AP,Professional - AP,,,,2
492,Randall Benton / AP,Professional - AP,,,,1
493,Polk County Sheriff's Office,Professional - sherif,,,,1
494,Bloomberg / Simon Dawson,Professional - bloomberg,,,,1
495,Orange County Government/Forefront Consulting,Professional - county,,,,1
496,Courtesy of Gary Corsair,                              ,,,,1
497,Lake County,Professional - county,,,,1
498,Mike Jachles/Orange County Fire Rescue,Professional - county,,,,1
499,Arnold Turner/Invision/AP,Professional - AP,,,,1
500,Sarah L. Voisin/Washington Post,Professional - washington post,,,,1
501,Mark Ralston / Getty Images,Professional - getty,,,,1
502,Mike Windle / Getty Images,Professional - getty,,,,1
503,Bonnie Jo Mount / Washington Post,Professional - washington post,,,,1
504,Lindsay Moore / Sun Sentinel file photo,Professional - file,,,,1
505,60 Minutes/CBS News,Professional - cbs,,,,1
506,Jason Wachter/St. Cloud Times,Professional - times,,,,1
507,Hal Boedeker/Orlando Sentinel,Professional - orlando sentinel,,,,1
508,Terrence Antonio James/Chicago Tribune,Professional - chicago,,,,1
509,Fritz Hahn / The Washington Post,Professional - washington post,,,,1
510,Walt Disney Co.,Professional - co.,,,,2
511,Janet Van Ham / HBO via AP,Professional - AP,,,,1
512,Lockheed Martin / Courtesy photo,                              ,,,,1
513,Ted S. Warren/AP,Professional - AP,,,,1
514,Shannon Green/Orlando Sentinel,Professional - orlando sentinel,,,,1
515,Jacob Kepler/The CW,Professional - the cw,,,,2
516,Jacob Kepler/The CW-,Professional - the cw,,,,1
517,Farooq Naeem / AFP/Getty Images,Professional - getty,,,,1
518,Michael Nagle / Bloomberg,Professional - bloomberg,,,,2
519,Chip Somodevilla/Getty Images,Professional - getty,,,,1
520,Ben Margot/AP,Professional - AP,,,,1
521,Mary Altaffer / AP,Professional - AP,,,,1
522,McDonald's/Courtesy,                              ,,,,1
523,Baker Barrios,                              ,,,,1
524,Brett Coomer/AP,Professional - AP,,,,1
525,Carline Jean / Sun Sentinel,Professional - sun sentinel,,,,1
526,Central Florida Vocal Arts,                              ,,,,3
527,Brevard Zoo,Professional - zoo,,,,2
528,Lynne Sladky / AP,Professional - AP,,,,1
529,Florida Department of Transportation,Professional - department,,,,1
530,Whitney Curtis for The Los Angeles Times,Professional - times,,,,2
531,Billy Hurst / Associated Press,Professional - press,,,,1
532,Kevin C.  Cox / Getty Images,Professional - co.,,,,1
533,Eric Espada / Getty Images,Professional - getty,,,,1
534,Eric Christian Smith/AP,Professional - AP,,,,2
535,Chris Hays/Orlando Sentinel,Professional - orlando sentinel,,,,1
536,Stew Milne/AP,Professional - AP,,,,1
537,Ross D. Franklin/AP,Professional - AP,,,,1
538,Mark Mulligan / Associated Press,Professional - press,,,,1
539,Streeter Lecka/Getty Images,Professional - getty,,,,1
540,Harry How/Getty Images,Professional - getty,,,,1
541,Krisztian Bocsi/Bloomberg,Professional - bloomberg,,,,1
542,Warner Bros./AP,Professional - AP,,,,1
543,Chris Pizzello / Invision,Professional - invision,,,,1
544,Phelan M. Ebenhack/Correspondent,Professional - correspondent,,,,1
545,FILE PHOTO / THE MORNING CALL,Professional - file,,,,1
546,Waldo Swiegers / Bloomberg,Professional - bloomberg,,,,1
547,Joshua Cruey / Orlando Sentinel,Professional - orlando sentinel,,,,1
548,Thirteenth Judicial Circuit,                              ,,,,1
549,Danny Johnston / Associated Press,Professional - press,,,,1
550,Mason Trinca/Getty Images,Professional - getty,,,,1
551,Morgan & Morgan,                              ,,,,1
552,Frank Micelotta/Fox/PictureGroup / Frank Micelotta/Fox/PictureGroup,Professional - fox,,,,1
553,Photo for The Washington Post by Julia Rendleman,Professional - washington post,,,,4
554,Washington Post photo by Jessica Contrera,Professional - washington post,,,,1
555,Amy Harris / Associated Press,Professional - press,,,,1
556,Paras Griffin / Getty Images,Professional - getty,,,,1
557,Alex Brandon / AP,Professional - AP,,,,1
558,Phelan M. Ebenhack / Orlando Sentinel,Professional - orlando sentinel,,,,1
559,YouTube/frame grab,Citizen - youtube,,,,1
560,Brevard County Sheriff's Office,Professional - sherif,,,,1
561,Amazon Studios via AP,Professional - AP,,,,1
562,Jim R. Bounds / Bloomberg,Professional - bloomberg,,,,1
563,Al Drago / Bloomberg,Professional - bloomberg,,,,1
564,Nathalie Michel / Studio Ponant,Professional - studio,,,,1
565,Mark Katzman,                              ,,,,2
566,Stefano Scat,                              ,,,,1
567,Martin Meissner / AP,Professional - AP,,,,1
568,Tim Aylen,                              ,,,,2
569,Steve Dunlop,                              ,,,,1
570,AP Photo / Wilfredo Lee,Professional - ap,,,,1
571,Kevin Winter / Getty Images,Professional - getty,,,,1
572,Mason Trinca / Getty Images,Professional - getty,,,,1
573,Tony Avelar / AP,Professional - AP,,,,1
574,Jessica Kourkounis / AP,Professional - AP,,,,1
575,Winter Park Playhouse,                              ,,,,1
576,Theatre UCF,Professional - theatre,,,,3
577,Michael Reaves / Getty Images,Professional - getty,,,,1
578,Jessica Hill/AP,Professional - AP,,,,1
579,Bruce Bennett/Getty Images,Professional - getty,,,,1
580,Saul Martinez / Bloomberg,Professional - bloomberg,,,,1
581,Tribune News Service,Professional - news,,,,1
582,Instagram @xxxtentacion,Citizen - instagram,,,,1
583,Jeff Gross/Getty Images,Professional - getty,,,,1
