1094710491451179009,14354091,1410,112160,1175,1211,105601,2008-04-10 19:04:30,5,3,2019-02-10 21:31:34,Journal exclusive: 3rd person charged in theft of gun from Boston cop. https://t.co/SBnjP7vM73 via @amandamilkovits
1094664171768168449,14354091,1410,112160,1175,1211,105601,2008-04-10 19:04:30,4,13,2019-02-10 18:27:31,"Bert the pelican, marooned in #RI by the government shutdown, finally flies south - aboard a plane. via @Kevprojo‚Ä¶ https://t.co/XKdsgxaxrz"
1094600678574616576,14354091,1410,112160,1175,1211,105601,2008-04-10 19:04:30,4,0,2019-02-10 14:15:13,RT @Kevprojo: Bert the Pelican readying for flight.@projo #pelican #bertthepelican #shutdownstories https://t.co/5NBBH3wSs2
1094578966592176128,14354091,1410,112160,1175,1211,105601,2008-04-10 19:04:30,0,0,2019-02-10 12:48:56,"BEST BETS: Sports betting picks for Sunday, Feb. 10, 2019
https://t.co/pI5XsgdpHV https://t.co/BmaDFM5DCj"
1094056030294675456,14354091,1410,112160,1175,1211,105601,2008-04-10 19:04:30,2,0,2019-02-09 02:10:58,Pedestrian struck by car near T.F. Green Airport. https://t.co/OZO6oD4kef via @kevprojo
1094011917323128832,14354091,1410,112160,1175,1211,105601,2008-04-10 19:04:30,3,8,2019-02-08 23:15:41,Police: R.I. strippers who stole Boston officer's gun were paid for sex. @AmandaMilkovits https://t.co/U83q7yWYGS https://t.co/yQAoYaWNgr
1093995143475150853,14354091,1410,112160,1175,1211,105601,2008-04-10 19:04:30,1,2,2019-02-08 22:09:02,"Trash police? City says goal of recycling checks is improvement, not punishment. https://t.co/dfq6JTUZBj via @madeleine_list"
1093975524857298945,14354091,1410,112160,1175,1211,105601,2008-04-10 19:04:30,4,0,2019-02-08 20:51:04,Providence police seek help in search for suspect who allegedly stabbed homeless woman. https://t.co/ZSE4wvIbwk via @kevprojo
1093967919187443712,14354091,1410,112160,1175,1211,105601,2008-04-10 19:04:30,1,0,2019-02-08 20:20:51,"Hells Angels member from North Providence held without bail on drug, firearms charges. https://t.co/3Saj2AGFpJ via @madeleine_list"
1093951370871402499,14354091,1410,112160,1175,1211,105601,2008-04-10 19:04:30,1,1,2019-02-08 19:15:06,Health Department: 13 flu deaths in R.I. this winter. https://t.co/jBUcPsvohK via @gwaynemiller
1093921613479923714,14354091,1410,112160,1175,1211,105601,2008-04-10 19:04:30,0,0,2019-02-08 17:16:51,Jury clears Tiverton officers in 2012 arrest of fisherman https://t.co/tUW6XItohZ via @kmulvane
1093915420787118089,14354091,1410,112160,1175,1211,105601,2008-04-10 19:04:30,3,1,2019-02-08 16:52:14,Providence patrolwoman accused of using racial slur retires https://t.co/CITSR8UFDY via @amandamilkovits
1093864239746437122,14354091,1410,112160,1175,1211,105601,2008-04-10 19:04:30,0,1,2019-02-08 13:28:52,"Rainy for part of Friday, cooler but dry for the weekend https://t.co/ELt5bi7R1i"
1093858049801052161,14354091,1410,112160,1175,1211,105601,2008-04-10 19:04:30,0,2,2019-02-08 13:04:16,Hasbro reports 4Q net income of $8.8 million https://t.co/PvnO0ArkVd
1093856006591922182,14354091,1410,112160,1175,1211,105601,2008-04-10 19:04:30,0,1,2019-02-08 12:56:09,Amazon CEO Bezos tells of Enquirer threats to publish revealing pics https://t.co/grIUHbqWuC
1093830027999883264,14354091,1410,112160,1175,1211,105601,2008-04-10 19:04:30,5,0,2019-02-08 11:12:55,RT @gwaynemiller: 'Someone is going to #die' - John Tassoni of SUMHLC on missed rides delays &amp; other problems in getting vulnerable #poor #‚Ä¶
1093674624309702657,14354091,1410,112160,1175,1211,105601,2008-04-10 19:04:30,2,0,2019-02-08 00:55:24,RT @madeleine_list: The council just approved a $30 million bond initiative to fix school infrastructure and city buildings
1093674521972871169,14354091,1410,112160,1175,1211,105601,2008-04-10 19:04:30,1,0,2019-02-08 00:55:00,"RT @PatrickAnderso_: Don't know when the last RI filibuster was, but üí• https://t.co/fCoQsjWGnl"
1093674445095518209,14354091,1410,112160,1175,1211,105601,2008-04-10 19:04:30,1,0,2019-02-08 00:54:41,RT @madeleine_list: .@pvdcitycouncil approved Council President @Sabina_Matos‚Äôs appointments to fill remaining vacancies on council committ‚Ä¶
1093631401583349761,14354091,1410,112160,1175,1211,105601,2008-04-10 19:04:30,3,0,2019-02-07 22:03:39,RT @kmulvane: How genealogical sleuthing led to suspect in Warwick's jogger's death https://t.co/oQmPmeeuoq
1093631297149460480,14354091,1410,112160,1175,1211,105601,2008-04-10 19:04:30,19,0,2019-02-07 22:03:14,"RT @AmandaMilkovits: Just ""hanging out"" in a Pawtucket hotel room, one thing led to another -- R.I. strippers charged with stealing gun fro‚Ä¶"
1093618196391886848,14354091,1410,112160,1175,1211,105601,2008-04-10 19:04:30,3,2,2019-02-07 21:11:11,Strip-club romance led to assault charge against Providence police lieutenant. https://t.co/R0vE0XPjjv via @bamaral44
1093616464085565442,14354091,1410,112160,1175,1211,105601,2008-04-10 19:04:30,0,0,2019-02-07 21:04:18,"Pick and Pop ‚Äî The College Hoops Podcast: Shooting struggles continue for Friars, Rams https://t.co/3oG6m3imdm"
1093599315627511809,14354091,1410,112160,1175,1211,105601,2008-04-10 19:04:30,0,3,2019-02-07 19:56:09,Report: Baseball Hall of Famer Frank Robinson dies at 83. https://t.co/9yRvHdHzRd
1093562870615416832,14354091,1410,112160,1175,1211,105601,2008-04-10 19:04:30,2,0,2019-02-07 17:31:20,"RT @jgregoryperry: A Florida politician allegedly made a habit of licking men‚Äôs faces. She has now resigned.
https://t.co/OObq540jwf"
1093549145313423360,14354091,1410,112160,1175,1211,105601,2008-04-10 19:04:30,1,1,2019-02-07 16:36:48,"Police seek men who stole 4 iPhones, cash from Providence store. https://t.co/UgH90gzBg3 via @bamaral44"
1093542406216187904,14354091,1410,112160,1175,1211,105601,2008-04-10 19:04:30,2,0,2019-02-07 16:10:01,"RT @jgregoryperry: Sports Parenting: Put aside your own competitive urge and let the kids play
https://t.co/iKHBJy3vgY"
1093539572993146880,14354091,1410,112160,1175,1211,105601,2008-04-10 19:04:30,3,0,2019-02-07 15:58:45,RT @kmulvane: Darigan nomination for R.I. Superior Court judgeship advances https://t.co/WdbBDyumfQ
1093503140790521856,14354091,1410,112160,1175,1211,105601,2008-04-10 19:04:30,20,23,2019-02-07 13:33:59,Artful protest: Sculptor delivers 800-pound spoon to R.I. opioid maker https://t.co/G5KuLVPgFC via @Mooneyprojo
1093335404277874688,14354091,1410,112160,1175,1211,105601,2008-04-10 19:04:30,1,2,2019-02-07 02:27:28,Hundreds of Kickemuit Middle School parents and teachers raise concerns over discipline - via @lborgprojocom‚Ä¶ https://t.co/vqZnRQS1EV
1093317063395946496,14354091,1410,112160,1175,1211,105601,2008-04-10 19:04:30,6,0,2019-02-07 01:14:35,RT @gwaynemiller: Research led by 2 @BrownUResearch scientists suggests drug now used to treat #HIV #AIDS cld be used to treat #Alzheimers‚Ä¶
1093314927597703168,14354091,1410,112160,1175,1211,105601,2008-04-10 19:04:30,1,0,2019-02-07 01:06:06,RT @lborgprojocom: Teachers say this discipline issue is a national prpblem
1093314798044045319,14354091,1410,112160,1175,1211,105601,2008-04-10 19:04:30,2,0,2019-02-07 01:05:35,"RT @KevinMcNamara33: Always get a chuckle from Providence's Gucci Row. Besides the usual jewelry guys, restaurateurs and personal injury la‚Ä¶"
1093314496234434560,14354091,1410,112160,1175,1211,105601,2008-04-10 19:04:30,1,0,2019-02-07 01:04:23,RT @lborgprojocom: Teachers say the school desperately needs more mental health staff
1093314446485848064,14354091,1410,112160,1175,1211,105601,2008-04-10 19:04:30,2,0,2019-02-07 01:04:11,RT @lborgprojocom: More than 400 parents and teachers turn up in Warren to discuss the discipline at Kickemuit
1093314388860329986,14354091,1410,112160,1175,1211,105601,2008-04-10 19:04:30,1,0,2019-02-07 01:03:57,RT @lborgprojocom: Only three guidance counselors for 700 plus kids and one social worker
1093314341158424577,14354091,1410,112160,1175,1211,105601,2008-04-10 19:04:30,1,0,2019-02-07 01:03:46,RT @lborgprojocom: Teachers say bring back an alternative learning program  for the kids with serious isdues
1093305325434949632,14354091,1410,112160,1175,1211,105601,2008-04-10 19:04:30,0,0,2019-02-07 00:27:56,"Police, bank officials raise alarm about frequency of scams targeting elderly. https://t.co/9Zm7O0HwgF"
1093293364068450304,14354091,1410,112160,1175,1211,105601,2008-04-10 19:04:30,1,1,2019-02-06 23:40:25,"RI denies Providence restaurant‚Äôs bid to stay suspension of liquor license. @bamaral44  
https://t.co/bBmpUVprBN https://t.co/loYZA9mYdJ"
1093259109191876614,14354091,1410,112160,1175,1211,105601,2008-04-10 19:04:30,3,2,2019-02-06 21:24:18,Beverage industry: Increasing tax on six packs by one penny will drive customers out of state. https://t.co/HiDgUOAfd0 via @patrickanderso_
1093254875939569665,14354091,1410,112160,1175,1211,105601,2008-04-10 19:04:30,2,1,2019-02-06 21:07:28,"'You took away all the trust': Former Sen. Kettle accepts plea deal, apologizes to ex-girlfriend. https://t.co/uPMDDfEBHC via @kmulvane"
1093251888777175040,14354091,1410,112160,1175,1211,105601,2008-04-10 19:04:30,2,1,2019-02-06 20:55:36,Warwick police used DNA database to find suspect in 2013 murder. https://t.co/IZbCnKEcrh via @bamaral44
1093238430274854913,14354091,1410,112160,1175,1211,105601,2008-04-10 19:04:30,3,5,2019-02-06 20:02:07,North Providence settles police sexual harassment lawsuit for $150K. https://t.co/XULcqOP6Wc via @kmulvane
1093207993573933056,14354091,1410,112160,1175,1211,105601,2008-04-10 19:04:30,1,2,2019-02-06 18:01:11,Raimondo order creates target for limiting growth of health-care costs. https://t.co/jtaANPswV5 via @kathyprojo
1093186300688191488,14354091,1410,112160,1175,1211,105601,2008-04-10 19:04:30,0,0,2019-02-06 16:34:59,Former Sen. Kettle pleads no contest to video voyeurism charges. https://t.co/svVPZlQQMI via @kmulvane
1093174778448564224,14354091,1410,112160,1175,1211,105601,2008-04-10 19:04:30,0,0,2019-02-06 15:49:12,"North Kingstown High School student, 17, accused of assaulting another student https://t.co/3eGsoZTNre via @madeleine_list"
1093174627478790145,14354091,1410,112160,1175,1211,105601,2008-04-10 19:04:30,0,2,2019-02-06 15:48:36,No bail for suspect in 2013 Warwick murder https://t.co/Y0hEA6RUDT via @bamaral44
1093173555720802307,14354091,1410,112160,1175,1211,105601,2008-04-10 19:04:30,0,1,2019-02-06 15:44:20,No bail for suspect in 2013 Warwick murder. https://t.co/Y0hEA6RUDT via @bamaral44
1093172948448542720,14354091,1410,112160,1175,1211,105601,2008-04-10 19:04:30,1,1,2019-02-06 15:41:55,Mass. Supreme Court upholds Michelle Carter's texting suicide manslaughter conviction. https://t.co/P8H7Fm9HqQ
1093140395234603009,14354091,1410,112160,1175,1211,105601,2008-04-10 19:04:30,0,4,2019-02-06 13:32:34,R.I. delegation: Trump's call for unity doesn't match his actions https://t.co/xUqLsQI5OS via @bamaral44
1093140035006808064,14354091,1410,112160,1175,1211,105601,2008-04-10 19:04:30,0,1,2019-02-06 13:31:08,Winter weather advisory follows record warmth https://t.co/53itXZmTEe
1092968702201389056,14354091,1410,112160,1175,1211,105601,2008-04-10 19:04:30,2,0,2019-02-06 02:10:19,RT @PatrickAnderso_: Speakman wins the Democratic primary for a special election in the state House of Representatives https://t.co/CmuZEkM‚Ä¶
1092968333983461377,14354091,1410,112160,1175,1211,105601,2008-04-10 19:04:30,3,0,2019-02-06 02:08:51,"RT @PatrickAnderso_: ""We have a lot of happy customers who we expect will be recirculating their winnings throughout the Rhode Island econo‚Ä¶"
1092968239729012741,14354091,1410,112160,1175,1211,105601,2008-04-10 19:04:30,2,0,2019-02-06 02:08:29,"RT @projo: June Speakman wins the Dem primary for a special election in the #RI state House of Reps - via @PatrickAnderso_ 
https://t.co/kn‚Ä¶"
1092968177770717187,14354091,1410,112160,1175,1211,105601,2008-04-10 19:04:30,2,2,2019-02-06 02:08:14,"June Speakman wins the Dem primary for a special election in the #RI state House of Reps - via @PatrickAnderso_ 
https://t.co/kn23oFkx9r"
1092951251871039488,14354091,1410,112160,1175,1211,105601,2008-04-10 19:04:30,3,5,2019-02-06 01:00:59,"UPDATE: #RI discloses amounts bet on Super Bowl at Twin River Casinos #SBLIII
https://t.co/CX2vdllLUM"
1092931514764005377,14354091,1410,112160,1175,1211,105601,2008-04-10 19:04:30,7,0,2019-02-05 23:42:33,"RT @gwaynemiller: @dlamante was guest on 99th episode @pubstory; @DrHelenOuyang who followed was 100. 2 GREAT guests, super show, national‚Ä¶"
1092919682510843904,14354091,1410,112160,1175,1211,105601,2008-04-10 19:04:30,16,20,2019-02-05 22:55:32,"Four brothers arrested with fentanyl, $300,000, weapons in #Providence bust @RIStatePolice 
https://t.co/m0vEjI28RF https://t.co/ABrpGY7pMp"
1092913724237758466,14354091,1410,112160,1175,1211,105601,2008-04-10 19:04:30,2,2,2019-02-05 22:31:51,BREAKING: Pawtucket man charged with murder in 2013 slaying in Warwick. @mrkrynlds https://t.co/sLruvVxTOz https://t.co/oE8MiIvRhH
1092890743935565826,14354091,1410,112160,1175,1211,105601,2008-04-10 19:04:30,2,0,2019-02-05 21:00:32,"BREAKING: Teen stabbed in Kennedy Plaza. @AmandaMilkovits
https://t.co/6a0fuG1eBQ"
1092889271483146240,14354091,1410,112160,1175,1211,105601,2008-04-10 19:04:30,1,5,2019-02-05 20:54:41,R.I. State Police launch text-to-911 service. https://t.co/8PIA4Vv4k9 via @amandamilkovits
1092880475264376832,14354091,1410,112160,1175,1211,105601,2008-04-10 19:04:30,1,5,2019-02-05 20:19:44,Fleeting taste of spring: High temperature sets record in Providence. https://t.co/NLZWtFEPGA via @jgregoryperry
1092870431772762112,14354091,1410,112160,1175,1211,105601,2008-04-10 19:04:30,7,5,2019-02-05 19:39:50,"Cosponsor pulls support for R.I. abortion-rights bill, says he neglected to read it. https://t.co/vniIDZsIEi via @kathyprojo"
1092860834295017474,14354091,1410,112160,1175,1211,105601,2008-04-10 19:04:30,33,0,2019-02-05 19:01:41,RT @MarkDanielsPJ: Some pretty good signs out there today https://t.co/D5PKIU1PWG
1092860678858293249,14354091,1410,112160,1175,1211,105601,2008-04-10 19:04:30,4,0,2019-02-05 19:01:04,RT @NBC10: Were you in Boston for the victory parade?  Chime in with your pictures and video: https://t.co/B8c4YcSDxo https://t.co/oQfp21Ou‚Ä¶
1092849670005710849,14354091,1410,112160,1175,1211,105601,2008-04-10 19:04:30,1,0,2019-02-05 18:17:20,Judge rejects constitutional challenge in voyeurism case against former R.I. senator Kettle https://t.co/wPbfaZcAJW via @kmulvane
1092837457765257216,14354091,1410,112160,1175,1211,105601,2008-04-10 19:04:30,1,2,2019-02-05 17:28:48,Rhode Island won't disclose amount legally bet on Super Bowl https://t.co/ryvtN2Rvuy
1092821114798133248,14354091,1410,112160,1175,1211,105601,2008-04-10 19:04:30,171,0,2019-02-05 16:23:52,RT @MarkDanielsPJ: Brady has a trophy and his daughter has a goat sign https://t.co/YVK4CN0Ou4
1092806661125931008,14354091,1410,112160,1175,1211,105601,2008-04-10 19:04:30,2,0,2019-02-05 15:26:26,"RT @bamaral44: Adam Lavelle, who cuts hair for URI athletes, is out here with a bunch of R.I. bros. People said Brady was getting old but A‚Ä¶"
1092806208636010496,14354091,1410,112160,1175,1211,105601,2008-04-10 19:04:30,2,0,2019-02-05 15:24:38,"RT @bamaral44: Three generations of the Glanville family, from Chepachet and North Providence, woke up early to catch the parade. Who knows‚Ä¶"
1092806152633622528,14354091,1410,112160,1175,1211,105601,2008-04-10 19:04:30,1,0,2019-02-05 15:24:24,"RT @jgregoryperry: I missed the Super Bowl's two biggest plays, because, apparently, I‚Äôm a jinx.
https://t.co/Lg74Ldjtdz"
1092805172244500482,14354091,1410,112160,1175,1211,105601,2008-04-10 19:04:30,1,0,2019-02-05 15:20:31,RT @bamaral44: Respect to this guy https://t.co/ra7s79aNRe
1092805111603175426,14354091,1410,112160,1175,1211,105601,2008-04-10 19:04:30,45,0,2019-02-05 15:20:16,RT @MarkDanielsPJ: I‚Äôm on a bus from Gillette headed to the parade. This is wild. Saw people standing on top of a flatbed truck on 93. Poli‚Ä¶
1092789341162745856,14354091,1410,112160,1175,1211,105601,2008-04-10 19:04:30,1,1,2019-02-05 14:17:36,"Commuter trains delayed after man struck, killed in Norwood, Massachusetts https://t.co/ibVZ9C1hOD"
1092784436729532419,14354091,1410,112160,1175,1211,105601,2008-04-10 19:04:30,5,0,2019-02-05 13:58:07,"RT @bamaral44: When you do enough of these the same characters turn up. Here is Cranston‚Äôs Leah Reynolds, a Duck boat driver. https://t.co/‚Ä¶"
1092766739870433280,14354091,1410,112160,1175,1211,105601,2008-04-10 19:04:30,0,1,2019-02-05 12:47:48,Providence police officer injured in crash https://t.co/K2NqrKQYUn via @bamaral44
1092755582661128192,14354091,1410,112160,1175,1211,105601,2008-04-10 19:04:30,5,0,2019-02-05 12:03:27,RT @gwaynemiller: In sign of growing #global reach of @PeaceLoveRI #mentalhealth #storytelling &amp; #expressive #arts center's @JeffSparr Matt‚Ä¶
1092615415694585856,14354091,1410,112160,1175,1211,105601,2008-04-10 19:04:30,20,0,2019-02-05 02:46:29,"RT @bostonpolice: Time Line for tomorrow's @Patriots @SuperBowl Parade: 
Posted parking restrictions go into effect at mid-night tonight.
T‚Ä¶"
1092533454015791105,14354091,1410,112160,1175,1211,105601,2008-04-10 19:04:30,4,0,2019-02-04 21:20:48,"RT @PatrickAnderso_: Winning: Bristol, which actually has info about tomorrow's House special election Dem primary on its website. https://‚Ä¶"
1092511195523895296,14354091,1410,112160,1175,1211,105601,2008-04-10 19:04:30,2,7,2019-02-04 19:52:21,Fans greet Super Bowl champion Patriots on their return to T.F. Green Airport https://t.co/RIadWYueko
1092498756493369344,14354091,1410,112160,1175,1211,105601,2008-04-10 19:04:30,1,0,2019-02-04 19:02:55,N.Y. congregation files brief in support of its control of Newport's Touro Synagogue. https://t.co/CmSfTJb8fb via @kmulvane
1092485753945423872,14354091,1410,112160,1175,1211,105601,2008-04-10 19:04:30,1,1,2019-02-04 18:11:15,Concert still planned for Dunkin' Donuts Center despite arrest of rapper 21 Savage. https://t.co/2CVqwTcJPH via @madeleine_list
1092484370995265537,14354091,1410,112160,1175,1211,105601,2008-04-10 19:04:30,1,4,2019-02-04 18:05:46,"Furniture set ablaze, student's hair catches fire in Super Bowl celebration near Providence College. https://t.co/MVHo7U5Teo via @bamaral44"
1092484212169625601,14354091,1410,112160,1175,1211,105601,2008-04-10 19:04:30,1,0,2019-02-04 18:05:08,ACI on lockdown following discovery of unknown substance. https://t.co/9NvvO3Uc6Y via @bamaral44
1092424078751944704,14354091,1410,112160,1175,1211,105601,2008-04-10 19:04:30,1,11,2019-02-04 14:06:11,Air traffic controller at T.F. Green to accompany Cicilline at State of the Union https://t.co/0bsFN1SXKE via @bamaral44
1092417857110134786,14354091,1410,112160,1175,1211,105601,2008-04-10 19:04:30,0,4,2019-02-04 13:41:27,High in the upper 50s https://t.co/MRryPinide
1092278779907661825,14354091,1410,112160,1175,1211,105601,2008-04-10 19:04:30,56,0,2019-02-04 04:28:49,"RT @MarkDanielsPJ: Gronk says he‚Äôll make a decision on next season in a week or two. 

Said right now this is about celebrating and added t‚Ä¶"
1092278584067190784,14354091,1410,112160,1175,1211,105601,2008-04-10 19:04:30,13,0,2019-02-04 04:28:02,RT @MarkDanielsPJ: Duron Harmon has his kids with him on the podium https://t.co/zZJCK0gNFc
1092265972587728902,14354091,1410,112160,1175,1211,105601,2008-04-10 19:04:30,3,19,2019-02-04 03:37:55,SIX-CESS! Patriots beat Rams 13-3 for sixth Super Bowl title - via @MarkDanielsPJ &amp; @KevinMcNamara33 @projophoto Bo‚Ä¶ https://t.co/zXiF83GWNP
1092261386388951044,14354091,1410,112160,1175,1211,105601,2008-04-10 19:04:30,32,0,2019-02-04 03:19:42,RT @MarkDanielsPJ: So maybe Brian Flores is a genius?
1092260973312962560,14354091,1410,112160,1175,1211,105601,2008-04-10 19:04:30,181,0,2019-02-04 03:18:03,RT @MarkDanielsPJ: Julian Edelman is the MVP of Super Bowl LIII
1092260706450210816,14354091,1410,112160,1175,1211,105601,2008-04-10 19:04:30,8,2,2019-02-04 03:17:00,"Whether it's ‚Äúretribution‚Äù or simply a lack of office space, there is an army of ‚Äúhomeless‚Ä≥ lawmakers roaming the h‚Ä¶ https://t.co/ehHIoRpU9F"
1092260605329920000,14354091,1410,112160,1175,1211,105601,2008-04-10 19:04:30,217,0,2019-02-04 03:16:36,"RT @MarkDanielsPJ: The Patriots lost Super Bowl LII against the Philadelphia Eagles due to their defense. Tonight, they beat the Rams becau‚Ä¶"
1092260535666700288,14354091,1410,112160,1175,1211,105601,2008-04-10 19:04:30,51,0,2019-02-04 03:16:19,RT @MarkDanielsPJ: We‚Äôve got a party on the field https://t.co/zOw3QDhv68
1092252218252840960,14354091,1410,112160,1175,1211,105601,2008-04-10 19:04:30,1,0,2019-02-04 02:43:16,"Complaint alleges discrimination by #RI Airport Corporation - via @kathyprojo
https://t.co/0mpzIfF26T https://t.co/j8aU5fStQ7"
1092216047753719808,14354091,1410,112160,1175,1211,105601,2008-04-10 19:04:30,6,16,2019-02-04 00:19:32,"Breidenbach's been to every one of the Pats‚Äô 11 Super Bowls, including this one https://t.co/swoy5oxkpw"
1092192841349169153,14354091,1410,112160,1175,1211,105601,2008-04-10 19:04:30,2,1,2019-02-03 22:47:19,"@BrownUniversity is going green - offsetting all electric usage with solar, wind power - via @KuffnerAlex
https://t.co/nasu5F0HKC"
1092190582515159041,14354091,1410,112160,1175,1211,105601,2008-04-10 19:04:30,1,0,2019-02-03 22:38:21,RT @ProjoPhoto: @projo Bob Breidenbach in the media workroom pre-game in Atlanta #SBLIII https://t.co/yEm7X072UX
1092133657437966336,14354091,1410,112160,1175,1211,105601,2008-04-10 19:04:30,0,1,2019-02-03 18:52:09,McKee: New bill would improve utilities' emergency response https://t.co/fQnirScEp1
1092128838841221121,14354091,1410,112160,1175,1211,105601,2008-04-10 19:04:30,2,0,2019-02-03 18:33:00,Providence police lieutenant charged with domestic assault. https://t.co/dKuS1V5RC1 via @bamaral44
1092127916530561024,14354091,1410,112160,1175,1211,105601,2008-04-10 19:04:30,1,1,2019-02-03 18:29:20,"Police: Power plant caused loud noise heard in Cranston, Johnston. https://t.co/mTmrd1tmLA via @bamaral44"
1092082198268833797,14354091,1410,112160,1175,1211,105601,2008-04-10 19:04:30,0,0,2019-02-03 15:27:40,"Police investigating loud noise heard in parts of Cranston, Johnston. https://t.co/h5Tob1N667 via @bamaral44"
1092064021757468672,14354091,1410,112160,1175,1211,105601,2008-04-10 19:04:30,3,3,2019-02-03 14:15:27,Providence considers $30-million bond for schools and neighborhoods https://t.co/qGOwKnNJYu
1091790345808027649,14354091,1410,112160,1175,1211,105601,2008-04-10 19:04:30,1,3,2019-02-02 20:07:57,The 401 Podcast: Previewing Super Bowl LIII in Atlanta https://t.co/BamuY2r10f
1091541901726105600,14354091,1410,112160,1175,1211,105601,2008-04-10 19:04:30,2,0,2019-02-02 03:40:43,4 men charged after drugs seized in Glocester. https://t.co/gtVGxwqrrP
1091538835199180800,14354091,1410,112160,1175,1211,105601,2008-04-10 19:04:30,0,2,2019-02-02 03:28:32,'What are you anyway?' Police investigate reported bias assault outside Providence bar. https://t.co/UtV4bUxwGq via @Kevprojo
1091460078614601734,14354091,1410,112160,1175,1211,105601,2008-04-10 19:04:30,1,3,2019-02-01 22:15:35,R.I. Senate bill would ban restaurants from offering plastic straws. https://t.co/QsHgjaSbbV via @kuffneralex
1091445507094994944,14354091,1410,112160,1175,1211,105601,2008-04-10 19:04:30,0,0,2019-02-01 21:17:41,Coventry woman killed in crash; driver charged. https://t.co/q2UIZ5Hcyt
1091396569767784449,14354091,1410,112160,1175,1211,105601,2008-04-10 19:04:30,3,2,2019-02-01 18:03:14,"5 Newport restaurants sue National Grid, Enbridge over gas outage. https://t.co/EvVt1mEeZP"
1091389184777031681,14354091,1410,112160,1175,1211,105601,2008-04-10 19:04:30,5,3,2019-02-01 17:33:53,"Rap acts Migos, 21 Savage coming to Dunkin' Donuts Center in April. https://t.co/oLI2P9QjW2"
1091343249095180288,14354091,1410,112160,1175,1211,105601,2008-04-10 19:04:30,0,4,2019-02-01 14:31:21,Kickemuit Middle School in Warren closed Friday due to teacher sick calls. https://t.co/U8URijr6ch
1091307079866953729,14354091,1410,112160,1175,1211,105601,2008-04-10 19:04:30,1,0,2019-02-01 12:07:38,"RT @Ed_Achorn: Friends, I'm going to be signing copies of ""Fifty-nine in '84"" Saturday from 11 a.m. to 2 p.m. at the giant Cranston Sports‚Ä¶"
1091187920738885632,14354091,1410,112160,1175,1211,105601,2008-04-10 19:04:30,15,0,2019-02-01 04:14:08,"RT @MarkDanielsPJ: How did the Patriots defense not crumble after the Miami Miracle? 

‚ÄúWhen losers win, they lose focus. When winners lose‚Ä¶"
1091180648239431680,14354091,1410,112160,1175,1211,105601,2008-04-10 19:04:30,0,2,2019-02-01 03:45:14,"Crew on Navy‚Äôs newest sub South Dakota will rarely go hungry - via @projopaul 
https://t.co/aGF25XWpGT https://t.co/oOhJZ5LDue"
1091166237885894656,14354091,1410,112160,1175,1211,105601,2008-04-10 19:04:30,9,10,2019-02-01 02:47:58,"#RI ‚Äôs first axe-throwing bar set to open in Lincoln - #safetyfirst - via @Kevprojo
https://t.co/0qPhANHTFH https://t.co/NYFqIt6kn7"
1091085785804214275,14354091,1410,112160,1175,1211,105601,2008-04-10 19:04:30,1,0,2019-01-31 21:28:17,New York men who broke into Smithfield Target through roof are sentenced. https://t.co/xkXMnO111E
1091082326367449088,14354091,1410,112160,1175,1211,105601,2008-04-10 19:04:30,1,1,2019-01-31 21:14:32,"Back on Twitter, Bishop Tobin rebukes Catholic pols who support abortion rights. https://t.co/gzdbaRuNLC via @kathyprojo"
1091074042512269317,14354091,1410,112160,1175,1211,105601,2008-04-10 19:04:30,7,17,2019-01-31 20:41:37,Providence Journal sues secretary of state for access to full voter database. https://t.co/H9wbG6Rg3y via @Mooneyprojo
1091055524886560768,14354091,1410,112160,1175,1211,105601,2008-04-10 19:04:30,2,4,2019-01-31 19:28:02,Antiabortion legislator accuses Democratic activist of threatening him. https://t.co/3gIYpPjiB9 via @kathyprojo
1091050055430225921,14354091,1410,112160,1175,1211,105601,2008-04-10 19:04:30,1,2,2019-01-31 19:06:18,Cranston man charged with threatening Providence mayor on Facebook. https://t.co/hoM32xuitV via @amandamilkovits
1091047926485405696,14354091,1410,112160,1175,1211,105601,2008-04-10 19:04:30,0,1,2019-01-31 18:57:51,Mobster Edward Lato released from prison; has job at R.I. construction company. https://t.co/mfprG6Ftyp via @bamaral44
1091033661640794113,14354091,1410,112160,1175,1211,105601,2008-04-10 19:04:30,0,0,2019-01-31 18:01:10,"Portsmouth man charged with reckless driving, held at ACI, after going off roadway https://t.co/bN0OmKpBEy"
1091016583558979584,14354091,1410,112160,1175,1211,105601,2008-04-10 19:04:30,0,2,2019-01-31 16:53:18,Did you catch us on @CBSThisMorning? https://t.co/VJ7nLz4hUB
1091012992748138497,14354091,1410,112160,1175,1211,105601,2008-04-10 19:04:30,1,1,2019-01-31 16:39:02,The 401 Podcast: Mark &amp; Kevin check in from Atlanta during Super Bowl week https://t.co/WV6cs5zs2E
1091009576005263367,14354091,1410,112160,1175,1211,105601,2008-04-10 19:04:30,0,0,2019-01-31 16:25:27,Newport historic commission shoots down Salve Regina dormitory plan. https://t.co/k7nJVSF4Gt
1091007930965606400,14354091,1410,112160,1175,1211,105601,2008-04-10 19:04:30,0,4,2019-01-31 16:18:55,John Mayer to perform at the Dunkin' Donuts Center July 20 https://t.co/GzBvfEUY8k
1091002020486660096,14354091,1410,112160,1175,1211,105601,2008-04-10 19:04:30,6,0,2019-01-31 15:55:26,"Former Sen. Kettle rejects plea offer, opts for trial on video voyeurism. charges https://t.co/3egoPdfKDG via @kmulvane"
1090993096731643904,14354091,1410,112160,1175,1211,105601,2008-04-10 19:04:30,1,7,2019-01-31 15:19:58,Michael Buble to perform at Dunkin' Donuts Center in July https://t.co/TyDvnUlOIX
1090968527161475073,14354091,1410,112160,1175,1211,105601,2008-04-10 19:04:30,10,7,2019-01-31 13:42:20,"ICE set up a fake university. Hundreds enrolled, not realizing it was a sting operation. https://t.co/u7qKmjEGt2"
1090966912580939776,14354091,1410,112160,1175,1211,105601,2008-04-10 19:04:30,3,0,2019-01-31 13:35:55,RT @jgregoryperry: ‚ÄòDangerously cold wind chills‚Äô this morning. (No kidding the wind chill value was 18 below in northern RI early this am.‚Ä¶
1090932884834263040,14354091,1410,112160,1175,1211,105601,2008-04-10 19:04:30,5,0,2019-01-31 11:20:42,"RT @gwaynemiller: Choose your chapter, 1 to 16, or listen to the full #podcast: ‚ÄúRedemption: The Fall and Rise of Mark Gonsalves.‚Äù #mentalh‚Ä¶"
1090792204631711744,14354091,1410,112160,1175,1211,105601,2008-04-10 19:04:30,1,1,2019-01-31 02:01:42,"#RI truck-toll delays are cutting into funds for DOT projects - via @PatrickAnderso_
https://t.co/yutc9y5Cvj https://t.co/ZdYBOgys97"
1090728483452579840,14354091,1410,112160,1175,1211,105601,2008-04-10 19:04:30,5,9,2019-01-30 21:48:29,Former R.I. Parole Board Chairman Kenneth Walker remembered as 'dignified and sincere leader.' https://t.co/BOF6RFf6Ev via @amandamilkovits
1090727658432983040,14354091,1410,112160,1175,1211,105601,2008-04-10 19:04:30,3,0,2019-01-30 21:45:13,RT @kathyprojo: Has any RI legislator backing abortion-rights legislation received a threat of ex communication or been asked to stop takin‚Ä¶
1090677592225652736,14354091,1410,112160,1175,1211,105601,2008-04-10 19:04:30,1,1,2019-01-30 18:26:16,Former R.I. Parole Board chairman Kenneth Walker has died https://t.co/vdo9vUURRa
1090664326829142022,14354091,1410,112160,1175,1211,105601,2008-04-10 19:04:30,2,3,2019-01-30 17:33:33,"Samuel Adams brews up 'Too Old, Too Slow, Still Here' beer in tribute to Patriots. https://t.co/Df6VXMage9 via @jgregoryperry"
1090657915973849095,14354091,1410,112160,1175,1211,105601,2008-04-10 19:04:30,3,3,2019-01-30 17:08:05,Providence senator seeks to end lower minimum wage for tipped workers. https://t.co/Yrm34MsFrI via @projopaul
1090639639180922880,14354091,1410,112160,1175,1211,105601,2008-04-10 19:04:30,0,0,2019-01-30 15:55:27,Fall River bank heist halted after robber gets cold feet https://t.co/bjRneuCWTN
1090601530938589190,14354091,1410,112160,1175,1211,105601,2008-04-10 19:04:30,5,0,2019-01-30 13:24:02,"RT @jgregoryperry: Snow squalls to bring ‚Äònear white-out;‚Äô wind chill to plummet below zero
https://t.co/f3ZvKVuVDv"
1090574601279680513,14354091,1410,112160,1175,1211,105601,2008-04-10 19:04:30,8,0,2019-01-30 11:37:01,"RT @gwaynemiller: The full #podcast of ""Redemption: The Rise &amp; Fall of Mark Gonsalves"" is now available. #SuicidePrevention #SuicideAwarene‚Ä¶"
1090457928392413184,14354091,1410,112160,1175,1211,105601,2008-04-10 19:04:30,1,0,2019-01-30 03:53:24,"Former prisoners, one American  one Syrian, say they turned to philosophy to survive @BrownUniversity forum -via‚Ä¶ https://t.co/bhENW91EtE"
1090456180420460545,14354091,1410,112160,1175,1211,105601,2008-04-10 19:04:30,3,0,2019-01-30 03:46:27,"RT @madeleine_list: My story on @jfbatista‚Äôs election as executive director of PERA, an external review board charged with overseeing civil‚Ä¶"
1090398766639841280,14354091,1410,112160,1175,1211,105601,2008-04-10 19:04:30,1,3,2019-01-29 23:58:19,"#RI House Judiciary Committee hear from both sides of abortion debate - via @kathyprojo
https://t.co/3AmO6PvlKL https://t.co/KYJU7U78Ie"
1090378673528729607,14354091,1410,112160,1175,1211,105601,2008-04-10 19:04:30,3,0,2019-01-29 22:38:28,"Warning signs missed: How Warwick mother, now accused of neglect, came to care for 8 special-needs children.‚Ä¶ https://t.co/hWGiQYX4rs"
1090354678775377921,14354091,1410,112160,1175,1211,105601,2008-04-10 19:04:30,0,0,2019-01-29 21:03:07,Pawtucket man out on bail is charged with illegally carrying gun. https://t.co/Ye23nrKmel via @amandamilkovits
1090350681347801094,14354091,1410,112160,1175,1211,105601,2008-04-10 19:04:30,2,0,2019-01-29 20:47:14,Girl says she was robbed in Providence by man in clown mask. https://t.co/TOoJ7awpvS via @amandamilkovits
1090348148776730626,14354091,1410,112160,1175,1211,105601,2008-04-10 19:04:30,2,0,2019-01-29 20:37:11,@RichSalit @gwaynemiller @RIHospital https://t.co/ikBRx0d7GT
1090347900859760640,14354091,1410,112160,1175,1211,105601,2008-04-10 19:04:30,4,0,2019-01-29 20:36:11,RT @gwaynemiller: .#MarkGonsalves who survived #suicide jump from Newport Bridge &amp; became #MentalHealth &amp; #Recovery inspiration joined Life‚Ä¶
1090338400861868032,14354091,1410,112160,1175,1211,105601,2008-04-10 19:04:30,0,1,2019-01-29 19:58:26,Judge allows evidence Nathan Carman inheritance fight into boat insurance case https://t.co/q6AivFPg1Z via @kmulvane
1090290491164377088,14354091,1410,112160,1175,1211,105601,2008-04-10 19:04:30,1,0,2019-01-29 16:48:04,Threat made to school in Florida has ripple effect in North Providence. https://t.co/dX5EYT2juV via @lborgprojocom
1090287274787508224,14354091,1410,112160,1175,1211,105601,2008-04-10 19:04:30,1,0,2019-01-29 16:35:17,Take a tour of Super Bowl's Media Night | VIDEO https://t.co/VuUBxRJIxJ
1090268894760075264,14354091,1410,112160,1175,1211,105601,2008-04-10 19:04:30,2,11,2019-01-29 15:22:15,Cranston City Council approves zoning change for Topgolf complex https://t.co/f4qkvfXLKo via @mrkrynlds
1090264946540142593,14354091,1410,112160,1175,1211,105601,2008-04-10 19:04:30,2,0,2019-01-29 15:06:34,"RT @jgregoryperry: Pacific island mourns death of the ‚Äòworld‚Äôs loneliest duck‚Äô
https://t.co/VoBgcUjrfk"
1090254064821194752,14354091,1410,112160,1175,1211,105601,2008-04-10 19:04:30,1,1,2019-01-29 14:23:19,Exeter man gets 10 years for crash that killed teen. https://t.co/96fhSUyxc0
1090241014307188737,14354091,1410,112160,1175,1211,105601,2008-04-10 19:04:30,2,0,2019-01-29 13:31:28,"RT @jgregoryperry: Snow and rain later today; arctic air arrives Wednesday night
https://t.co/DEZnioYGcq"
1090229757848023041,14354091,1410,112160,1175,1211,105601,2008-04-10 19:04:30,1,1,2019-01-29 12:46:44,Johnston police seek help in finding convenience store robber https://t.co/naYFKUfXst via @bamaral44
1090202393743187969,14354091,1410,112160,1175,1211,105601,2008-04-10 19:04:30,0,1,2019-01-29 10:58:00,"BEST BETS: Sports betting picks for Tuesday, Jan. 29, 2019
https://t.co/C7ReHhH1U3 https://t.co/YwVQBzLdsk"
1090200871500214273,14354091,1410,112160,1175,1211,105601,2008-04-10 19:04:30,6,0,2019-01-29 10:51:57,"RT @gwaynemiller: .#MarkGonsalves &amp; Anthony Thigpen join me today at 1030 am ET for #FacebookLive discussion of mental health, suicide prev‚Ä¶"
1090092052224884736,14354091,1410,112160,1175,1211,105601,2008-04-10 19:04:30,5,14,2019-01-29 03:39:32,Could Hasbro have designs on downtown? Developer says a #RI -based tenant is seeking a signature office tower at La‚Ä¶ https://t.co/RSqfTERnP0
1090034635466248192,14354091,1410,112160,1175,1211,105601,2008-04-10 19:04:30,4,0,2019-01-28 23:51:23,"RT @kathyprojo: Former RI Gov Lincoln Chafee on his family putting down roots in Wyoming: ‚ÄúLately, we are spending more and more time out h‚Ä¶"
1090024759331639297,14354091,1410,112160,1175,1211,105601,2008-04-10 19:04:30,5,0,2019-01-28 23:12:08,"RT @gwaynemiller: .#MarkGonsalves, whose story of recovery ""#Redemption"" was told in The Journal this weekend, has been hired by @AmosHouse‚Ä¶"
1090011136907505664,14354091,1410,112160,1175,1211,105601,2008-04-10 19:04:30,3,2,2019-01-28 22:18:01,Social workers union considers no-confidence vote in DCYF director. https://t.co/HbyRKfU1Nm via @Mooneyprojo
1090008303718092800,14354091,1410,112160,1175,1211,105601,2008-04-10 19:04:30,1,0,2019-01-28 22:06:45,"Former DLT worker agrees to plea deal, won't have to register as sex offender. https://t.co/87YESkiB3j via @amandamilkovits"
1090004853554855936,14354091,1410,112160,1175,1211,105601,2008-04-10 19:04:30,2,0,2019-01-28 21:53:03,"R.I. house prices increased in December, but sales dropped. https://t.co/keZPESz4Y8 via @projopaul"
1089994201608187905,14354091,1410,112160,1175,1211,105601,2008-04-10 19:04:30,0,0,2019-01-28 21:10:43,Gas restoration effort in Newport winding down. https://t.co/reUVw2fgh2
1089992547886383104,14354091,1410,112160,1175,1211,105601,2008-04-10 19:04:30,2,5,2019-01-28 21:04:09,Subject of Journal story 'Redemption' lands job with recovery program. https://t.co/SHdA2ZfSGX via @gwaynemiller
1089988111365488646,14354091,1410,112160,1175,1211,105601,2008-04-10 19:04:30,1,0,2019-01-28 20:46:31,Warwick names new police chief. https://t.co/hWmujemTKm
1089977456667344896,14354091,1410,112160,1175,1211,105601,2008-04-10 19:04:30,0,2,2019-01-28 20:04:11,Police: South Kingstown stabbing followed attempt to steal medical marijuana. https://t.co/x9hbGR18ly
1089971777613324288,14354091,1410,112160,1175,1211,105601,2008-04-10 19:04:30,1,0,2019-01-28 19:41:37,Worker dies after falling through roof at R.I. Food Bank building. https://t.co/R093ctRVkp via @bamaral44
1089934184783716352,14354091,1410,112160,1175,1211,105601,2008-04-10 19:04:30,1,0,2019-01-28 17:12:14,Worker falls through roof at Rhode Island Food Bank building https://t.co/GX8Tdf5GHQ via @bamaral44
1089925485658865678,14354091,1410,112160,1175,1211,105601,2008-04-10 19:04:30,7,0,2019-01-28 16:37:40,RT @gwaynemiller: Elizabeth Kolbert Named 2019 Recipient of the Pell Center Prize for Story in the Public Square - The Pell Center for Inte‚Ä¶
1089876080675061760,14354091,1410,112160,1175,1211,105601,2008-04-10 19:04:30,1,0,2019-01-28 13:21:21,"RT @jgregoryperry: Chance of snow Tuesday and Wednesday; frigid temperatures Wednesday night and Thursday
https://t.co/120rf6dvMm"
1089871560708706304,14354091,1410,112160,1175,1211,105601,2008-04-10 19:04:30,1,0,2019-01-28 13:03:23,Vehicle crashes into Swansea funeral home lobby during service https://t.co/AYuf4IlKfq
