1094640885608923142,83894904,542,16848,778,611,3073,2009-10-20 18:10:49,3,0,2019-02-10 16:54:59,"RT @camorris: Reporting from the border, a @ThePlainDealer package of stories, photos and the numbers behind the immigration issue.  https:‚Ä¶"
1094619193100652550,83894904,542,16848,778,611,3073,2009-10-20 18:10:49,2,0,2019-02-10 15:28:47,RT @camorris: Grammy Awards 2019: Who will take home the tiny Victrolas? Chuck Yarborough of @ThePlainDealer takes a closer look. @mrteksun‚Ä¶
1094612835840258049,83894904,542,16848,778,611,3073,2009-10-20 18:10:49,4,6,2019-02-10 15:03:31,"With all the heated rhetoric about the border crisis in Washington, it can be hard to get a nuanced look at what's‚Ä¶ https://t.co/zpqKU9NLWj"
1094603576222064641,83894904,542,16848,778,611,3073,2009-10-20 18:10:49,0,1,2019-02-10 14:26:43,"We tell ourselves, and our #children, ""Everything is going to be OK."" But what if it's not? In today's Forum, a wri‚Ä¶ https://t.co/Ff29bVsxZ6"
1094603568257138689,83894904,542,16848,778,611,3073,2009-10-20 18:10:49,5,4,2019-02-10 14:26:42,"#Immigration is a #political flashpoint in #Washington, with little possibility for common ground or compromise in‚Ä¶ https://t.co/pFWP3x7lvR"
1094598682362687488,83894904,542,16848,778,611,3073,2009-10-20 18:10:49,2,0,2019-02-10 14:07:17,"RT @LWVGrCleveland: Opinion piece by Phillip Morris @ThePlainDealer:
Guns in the hands of young thugs and remorseless criminals have made p‚Ä¶"
1094598474698579968,83894904,542,16848,778,611,3073,2009-10-20 18:10:49,2,0,2019-02-10 14:06:27,"RT @LWVGrCleveland: Radioactive road deicer rules under review by Ohio legislature; debate over public safety continues
@PiedPuffBird @TheP‚Ä¶"
1094598214454513664,83894904,542,16848,778,611,3073,2009-10-20 18:10:49,4,0,2019-02-10 14:05:25,"RT @clevelanddotcom: In a dramatic reversal of policy, Hopkins will again allow private-car service and rideshare drivers to drop off and p‚Ä¶"
1094598004990976000,83894904,542,16848,778,611,3073,2009-10-20 18:10:49,2,0,2019-02-10 14:04:35,"RT @TimsTakeCLE: An eight-page special report in Sunday's Plain Dealer takes a thorough, well-timed look at reality and desperation on the‚Ä¶"
1094377922075525120,83894904,542,16848,778,611,3073,2009-10-20 18:10:49,2,4,2019-02-09 23:30:03,"A change is coming to The Plain Dealer's weather page, while another change leaves the comics. Get the details from‚Ä¶ https://t.co/B1OJ2SVjJ5"
1094259683525885954,83894904,542,16848,778,611,3073,2009-10-20 18:10:49,9,0,2019-02-09 15:40:13,RT @dmansworld474: https://t.co/sXNYhuZFjc #pba Tournament of Champions @PBATour
1094259588466176000,83894904,542,16848,778,611,3073,2009-10-20 18:10:49,11,0,2019-02-09 15:39:50,"RT @terrypluto: A look inside the financial cost of the rebuilding plan, Terry's Talkin' Cavs:

https://t.co/uFssEpvJiN https://t.co/uFssEp‚Ä¶"
1093988944239304704,83894904,542,16848,778,611,3073,2009-10-20 18:10:49,10,0,2019-02-08 21:44:24,RT @terrypluto: I was texting Sandy Alomar about Frank Robinson. He read my story and said his dad played for Frank...and he was a batboy f‚Ä¶
1093969229169213440,83894904,542,16848,778,611,3073,2009-10-20 18:10:49,3,0,2019-02-08 20:26:03,"RT @JGrzelewski: A local developer is planning some new construction on Scranton Road in Tremont. Here's a look at The Tappan, which is env‚Ä¶"
1093966098347761666,83894904,542,16848,778,611,3073,2009-10-20 18:10:49,2,5,2019-02-08 20:13:37,"The people have spoken, and we have heard you. The Plain Dealer is bringing Pickles back to the comics page. (Date‚Ä¶ https://t.co/NqgyuNctoA"
1093959077208748035,83894904,542,16848,778,611,3073,2009-10-20 18:10:49,14,0,2019-02-08 19:45:43,"RT @terrypluto: My personal account of Frank Robinson's time in Cleveland:

https://t.co/4ol57JlyIu https://t.co/4ol57JlyIu"
1093921535226712069,83894904,542,16848,778,611,3073,2009-10-20 18:10:49,9,0,2019-02-08 17:16:32,RT @RachelDissell: Finally caught up on Thursday's @soundofideas about lead poisoning reduction effort. https://t.co/eifc9TtThx
1093920396456443905,83894904,542,16848,778,611,3073,2009-10-20 18:10:49,0,2,2019-02-08 17:12:01,@TBLariccia @PSBJ Thank you for five years of fantastic work. We and our readers will miss you tremendously.
1093888071794417664,83894904,542,16848,778,611,3073,2009-10-20 18:10:49,1,0,2019-02-08 15:03:34,RT @CLE_Steve: The @ThePlainDealer front page from Frank Robinson‚Äôs debut. #RIPFrankRobinson https://t.co/kNlGcBBtLH
1093884131518414850,83894904,542,16848,778,611,3073,2009-10-20 18:10:49,1,0,2019-02-08 14:47:54,"RT @eaPeeDee: Basketball is king in Ashland ...
https://t.co/ipVS1uPxb4"
1093883551102238720,83894904,542,16848,778,611,3073,2009-10-20 18:10:49,3,0,2019-02-08 14:45:36,"RT @mrteksun: going to concerts is a big part of how i make a living, so i think i have a fairly accurate perspective. curious how... https‚Ä¶"
1093878901900828672,83894904,542,16848,778,611,3073,2009-10-20 18:10:49,1,1,2019-02-08 14:27:08,In today's Forum: a plea for #Americans to quit kvetching. https://t.co/VFnC4brYRe https://t.co/rNeTVs8DWq
1093878892597776384,83894904,542,16848,778,611,3073,2009-10-20 18:10:49,2,2,2019-02-08 14:27:05,Looking for something to do with your sweetie on #ValentinesDay? Check out our guide for #romantic things to do in‚Ä¶ https://t.co/ypolFsdkhP
1093861563675627520,83894904,542,16848,778,611,3073,2009-10-20 18:10:49,2,0,2019-02-08 13:18:14,"RT @GChristCLE: So, I was on a podcast. 

(*Editor's note: While I have never worked for @ohiodotcom, many talented journalists do great wo‚Ä¶"
1093861041052753920,83894904,542,16848,778,611,3073,2009-10-20 18:10:49,8,0,2019-02-08 13:16:09,RT @LauraDeMarcoCle: Valentine's Day 2019: 20 sweet places to celebrate in Cleveland  https://t.co/vwrmfvmYK1 https://t.co/6PFUgVM7mp
1093861020748185601,83894904,542,16848,778,611,3073,2009-10-20 18:10:49,3,0,2019-02-08 13:16:04,RT @DebbiSnook1: New recipe for an old corner of Cleveland's historic @WestSideMarket ? https://t.co/56QScANgKK https://t.co/Cx2Umle79e
1093860951072362497,83894904,542,16848,778,611,3073,2009-10-20 18:10:49,11,0,2019-02-08 13:15:48,"RT @terrypluto: What a change, Browns hiring coordinators wanted by others:

My column:

https://t.co/RwXq2BI2Mc https://t.co/RwXq2BI2Mc"
1093618931607261185,83894904,542,16848,778,611,3073,2009-10-20 18:10:49,6,0,2019-02-07 21:14:06,RT @JulieEWash: Trump‚Äôs HIV eradication plan includes Cuyahoga County https://t.co/fwpETWxKF4
1093618506850070534,83894904,542,16848,778,611,3073,2009-10-20 18:10:49,49,0,2019-02-07 21:12:25,"RT @janetcho: #Cleveland is the No.1 city for #immigrants to become American citizensüá∫üá∏, with shortest wait time in U.S. and most efficient‚Ä¶"
1093582495625420802,83894904,542,16848,778,611,3073,2009-10-20 18:10:49,2,0,2019-02-07 18:49:19,RT @dmansworld474: .@JBelmo is one cool cat. https://t.co/dMPXCREkbL #pba @PBATour
1093578732818841600,83894904,542,16848,778,611,3073,2009-10-20 18:10:49,0,1,2019-02-07 18:34:22,@KellisuWest @Browns_Possum Assertiveness is an important quality in joey reporters.
1093577592710545408,83894904,542,16848,778,611,3073,2009-10-20 18:10:49,2,0,2019-02-07 18:29:50,RT @GrantSegall: Paul Christopher Abood sells jewelry at Playhouse Square for Valentine's and all occasions https://t.co/IxeO3ULxm5
1093577512981090305,83894904,542,16848,778,611,3073,2009-10-20 18:10:49,1,0,2019-02-07 18:29:31,"RT @LWVGrCleveland: RTA wants feedback about bus routes, an early step toward a new strategic plan
@GrantSegall @ThePlainDealer 
https://t.‚Ä¶"
1093577386698960896,83894904,542,16848,778,611,3073,2009-10-20 18:10:49,0,1,2019-02-07 18:29:01,@VintageBrowns @Browns_Possum And covered with infectious bacteria.
1093577205882515457,83894904,542,16848,778,611,3073,2009-10-20 18:10:49,5,0,2019-02-07 18:28:18,"RT @JGrzelewski: Property-tax lawsuit is over between Beachwood, Warrensville Heights school districts https://t.co/MH0UHfHY7L"
1093577177822609408,83894904,542,16848,778,611,3073,2009-10-20 18:10:49,0,0,2019-02-07 18:28:11,"If you love your job, don‚Äôt keep it a secret. Nominate it for a Top Workplaces award. https://t.co/jzrzHJnz3A"
1093518161905897472,83894904,542,16848,778,611,3073,2009-10-20 18:10:49,5,0,2019-02-07 14:33:41,RT @dmansworld474: Props to David Gilbert for another job well done at #CLESportsAwards  https://t.co/yZYj8vHR0S
1093501378318745601,83894904,542,16848,778,611,3073,2009-10-20 18:10:49,0,2,2019-02-07 13:26:59,"He may not be the #GOAT yet, but #Browns #quarterback #BakerMayfield is the Greatest of the Year. Find out what he‚Ä¶ https://t.co/iJRhCLTv3h"
1093488568926961664,83894904,542,16848,778,611,3073,2009-10-20 18:10:49,2,0,2019-02-07 12:36:05,RT @mrteksun: Here's the review of tonight's Cher and Nile Rodgers and Chic show at Quickens Loans Arena: https://t.co/nABL8XCmub https://t‚Ä¶
1093488552976044032,83894904,542,16848,778,611,3073,2009-10-20 18:10:49,5,0,2019-02-07 12:36:01,"RT @terrypluto: Cavs Scribbles: Sorting through Cavs deals:

https://t.co/bNRrc4b5og https://t.co/bNRrc4b5og"
1093256584124399616,83894904,542,16848,778,611,3073,2009-10-20 18:10:49,3,0,2019-02-06 21:14:16,RT @DebbiSnook1: Proposal to transform part of @WestSideMarket produce arcade into sitting-eating-shopping area. @ohiocitytweets https://t.‚Ä¶
1093256054241198081,83894904,542,16848,778,611,3073,2009-10-20 18:10:49,3,0,2019-02-06 21:12:09,"RT @AlliArtStyle: Locally made Revival Body Care opens Lakewood boutique, sells across country https://t.co/1EPSl9kZci @clevelanddotcom @RE‚Ä¶"
1093187698226016256,83894904,542,16848,778,611,3073,2009-10-20 18:10:49,1,0,2019-02-06 16:40:32,"RT @LWVGrCleveland: Could West Side Market‚Äôs produce arcade be transformed? Alan Glazen submits plan
by @DebbiSnook1 @ThePlainDealer 
https‚Ä¶"
1093147333246758912,83894904,542,16848,778,611,3073,2009-10-20 18:10:49,1,0,2019-02-06 14:00:08,"RT @LWVGrCleveland: BioEnterprise leads Global Center‚Äôs evolution toward a more vibrant, relevant space
@susanglaser @ThePlainDealer 
https‚Ä¶"
1093147089993912321,83894904,542,16848,778,611,3073,2009-10-20 18:10:49,11,0,2019-02-06 13:59:10,"RT @terrypluto: I always wondered how Julian Edelman ended up at Kent State. Here's my column on how it happened:
https://t.co/MDexnYwp58 h‚Ä¶"
1093147050206744577,83894904,542,16848,778,611,3073,2009-10-20 18:10:49,2,0,2019-02-06 13:59:01,"RT @DebbiSnook1: Off the show, but into the kitchen, Kent woman rising above loss on @foodnetwork  @AnneBurrell https://t.co/x59edB8GzR htt‚Ä¶"
1093147008850972672,83894904,542,16848,778,611,3073,2009-10-20 18:10:49,2,0,2019-02-06 13:58:51,"RT @DebbiSnook1: Love bites: #chocolate cupcakes, cherry tomatoes and more in six #ValentinesDay recipes. @TestKitchen @JuicyJuiceUSA @Lock‚Ä¶"
1093138973386510337,83894904,542,16848,778,611,3073,2009-10-20 18:10:49,0,0,2019-02-06 13:26:55,"Did you watch the #SOTU last night?  If you went to bed early, don't worry, we'll fill you in. Just pick up a copy‚Ä¶ https://t.co/PFCg6AUBph"
1093138966277173249,83894904,542,16848,778,611,3073,2009-10-20 18:10:49,0,0,2019-02-06 13:26:53,"Did you grab your umbrella today? Thank a #weather #forecaster. In today's Forum, read a defense of a hard professi‚Ä¶ https://t.co/zbjBZtm1Iq"
1093138957754421248,83894904,542,16848,778,611,3073,2009-10-20 18:10:49,0,0,2019-02-06 13:26:51,#Food tastes better when made with #love. Get #ValentinesDay #recipes you can make for your special someone in toda‚Ä¶ https://t.co/jeGMENDrZZ
1093138947948060672,83894904,542,16848,778,611,3073,2009-10-20 18:10:49,0,1,2019-02-06 13:26:49,"Before Julian Edelman was a #Superbowl #MVP, he was a guy on a losing streak. Read about why #Kent gave him a shot‚Ä¶ https://t.co/Ick9fPaAd6"
1092869828061351942,83894904,542,16848,778,611,3073,2009-10-20 18:10:49,1,0,2019-02-05 19:37:26,RT @mrteksun: This week's Also Playing features Rick Springfield and America. https://t.co/DYQFqDgTtX https://t.co/DYQFqDgTtX
1092869301315518472,83894904,542,16848,778,611,3073,2009-10-20 18:10:49,2,0,2019-02-05 19:35:20,RT @susanglaser: .@cedarpoint's Hotel Breakers makes @usnews list of top hotels in Ohio https://t.co/OnICLxJchO
1092850674189111298,83894904,542,16848,778,611,3073,2009-10-20 18:10:49,2,0,2019-02-05 18:21:19,RT @MaryLouBrink1: Deadline is Feb 15 to nominate your workplace https://t.co/nbQjoe4Fka ‚Å¶@TopWorkplaces‚Å© ‚Å¶@ThePlainDealer‚Å© https://t.co/Sv‚Ä¶
1092810850942050304,83894904,542,16848,778,611,3073,2009-10-20 18:10:49,3,0,2019-02-05 15:43:04,RT @Pathologists: Dr. William West discusses updates to the CAP reproductive laboratory checklists to help prevent failures of liquid nitro‚Ä¶
1092810795099045888,83894904,542,16848,778,611,3073,2009-10-20 18:10:49,6,0,2019-02-05 15:42:51,RT @LauraDeMarcoCle: Cleveland‚Äôs one-woman band Uno Lady is going places (including France)  https://t.co/9jLsbDZbQq https://t.co/g2Bm23iHOx
1092802581942939648,83894904,542,16848,778,611,3073,2009-10-20 18:10:49,0,1,2019-02-05 15:10:13,Do you have the best workplace in Northeast Ohio? Take a free online survey to let us knowt. https://t.co/jzrzHJnz3A
1092770042717130752,83894904,542,16848,778,611,3073,2009-10-20 18:10:49,5,0,2019-02-05 13:00:55,"RT @terrypluto: Watching the Super Bowl, some thoughts for Browns fans:

https://t.co/Lv0KL3vDnM https://t.co/Lv0KL3vDnM"
1092616349447319553,83894904,542,16848,778,611,3073,2009-10-20 18:10:49,4,0,2019-02-05 02:50:12,RT @RachelDissell: There‚Äôs quite a bit of common ground between Cleveland‚Äôs two ‚Äúlead safe‚Äù efforts.  https://t.co/W9daXSFztS
1092616299858092034,83894904,542,16848,778,611,3073,2009-10-20 18:10:49,6,0,2019-02-05 02:50:00,RT @JohnCFunk: Ohio Gov. DeWine appointed Sam Randazzo chair of  Public Utilities Commission of Ohio. Randazzo has represented utilities be‚Ä¶
1092562059680796674,83894904,542,16848,778,611,3073,2009-10-20 18:10:49,2,0,2019-02-04 23:14:28,RT @BrieZeltner: Here's what city council members and community organizations had to say today about the lead-safe legislation proposed by‚Ä¶
1092450974340472832,83894904,542,16848,778,611,3073,2009-10-20 18:10:49,17,0,2019-02-04 15:53:03,"RT @LauraDeMarcoCle: Rudy's Strudel announces 2019 Paczki Day Party, new Sweet Moses paczki flavor https://t.co/BracqJRSAh https://t.co/n7J‚Ä¶"
1092447439385186305,83894904,542,16848,778,611,3073,2009-10-20 18:10:49,6,0,2019-02-04 15:39:00,RT @RachelDissell: .@CLASHcle kicks off its ‚Äúlead safe‚Äù ballot initiative. Read it here: https://t.co/g5tJ1VR9xb https://t.co/tdpM2ifjvn
1092437821896445953,83894904,542,16848,778,611,3073,2009-10-20 18:10:49,0,0,2019-02-04 15:00:47,"We're still looking for Top Workplaces. Does yours measure up? Nominate your company to take a quick, free online e‚Ä¶ https://t.co/sxJe2HVmbJ"
1092437318185742340,83894904,542,16848,778,611,3073,2009-10-20 18:10:49,3,0,2019-02-04 14:58:47,"RT @JGrzelewski: ""Now these 31-year-old Ivy-League-educated women are proof that doctors come in all colors and from all kinds of backgroun‚Ä¶"
1092434357095153664,83894904,542,16848,778,611,3073,2009-10-20 18:10:49,5,0,2019-02-04 14:47:01,"RT @terrypluto: Terry's Talkin Cavs, Hood trade:

https://t.co/K0ShEIg9fy https://t.co/K0ShEIg9fy"
1092434234344726529,83894904,542,16848,778,611,3073,2009-10-20 18:10:49,3,0,2019-02-04 14:46:32,RT @JulieEWash: Cuyahoga County flu-related deaths reach 5; season expected to peak this month https://t.co/H3AT7DJznO
1092217873915879425,83894904,542,16848,778,611,3073,2009-10-20 18:10:49,0,1,2019-02-04 00:26:48,https://t.co/vnUog6PIzt https://t.co/qWuJkInFWE
1092214622986346496,83894904,542,16848,778,611,3073,2009-10-20 18:10:49,7,0,2019-02-04 00:13:53,RT @LauraDeMarcoCle: Gung Hay Fat Choy! Welcoming the Year of the Pig in AsiaTown. https://t.co/xJ3XbF1amH
1092214517197664257,83894904,542,16848,778,611,3073,2009-10-20 18:10:49,39,0,2019-02-04 00:13:27,RT @johnpetkovic: Cleveland #Rams capture NFL championship in 1945 by beating Washington  15-14 at Cleveland Stadium. Team leaves for L.A.‚Ä¶
1092202786060677122,83894904,542,16848,778,611,3073,2009-10-20 18:10:49,0,1,2019-02-03 23:26:51,Will youth or experience win out in the #Superbowl? Our illustrator has a hunch. https://t.co/ysMo6xWwC8 https://t.co/VdHZyn6ct8
1092172628398428164,83894904,542,16848,778,611,3073,2009-10-20 18:10:49,0,0,2019-02-03 21:27:00,#Americans used to be able to look forward to #retirement as a reward for decades of #work. But since the‚Ä¶ https://t.co/ILQRwPqefc
1092172620823449613,83894904,542,16848,778,611,3073,2009-10-20 18:10:49,1,0,2019-02-03 21:26:59,Being in intensive care is scary for #parents and #newborns alike. Hospitals have been shifting toward private room‚Ä¶ https://t.co/1FJSmXL8hH
1092172612640354304,83894904,542,16848,778,611,3073,2009-10-20 18:10:49,0,0,2019-02-03 21:26:57,From #Cleveland to a #tropical #paradise in about five hours? It's a possibility thanks to a new direct route from‚Ä¶ https://t.co/ZhO0tZ4vZg
1092081272393027584,83894904,542,16848,778,611,3073,2009-10-20 18:10:49,7,0,2019-02-03 15:23:59,RT @RachelDissell: .@CLASHcle ballot initiative requires older Cleveland rentals be made ‚Äúlead safe‚Äù by 2021 https://t.co/3pckQgWMJE @BrieZ‚Ä¶
1092080868665880576,83894904,542,16848,778,611,3073,2009-10-20 18:10:49,12,0,2019-02-03 15:22:23,RT @MichaelMcIntyre: Vaping is such a teen epidemic that these HS kids started an addiction support group. Also check out how the student i‚Ä¶
1092080576977358848,83894904,542,16848,778,611,3073,2009-10-20 18:10:49,10,0,2019-02-03 15:21:14,RT @steven_litt: .@TriCedu Metro turns harsh #Brutalist fortress into a welcoming Campus Center: https://t.co/3WEENUJff5 @Bialosky_Arch @AI‚Ä¶
1092080545935343616,83894904,542,16848,778,611,3073,2009-10-20 18:10:49,5,0,2019-02-03 15:21:06,"RT @GChristCLE: As the 1-year anniversary of the UH fertility freezer failure approaches, the incident is still fresh in the minds of many.‚Ä¶"
1092080504537579522,83894904,542,16848,778,611,3073,2009-10-20 18:10:49,6,0,2019-02-03 15:20:56,"RT @terrypluto: Terry's Talkin' Browns, salary cap, linebackers:

https://t.co/JV3EO0aIeV"
1092080471972999172,83894904,542,16848,778,611,3073,2009-10-20 18:10:49,5,0,2019-02-03 15:20:49,"RT @BrieZeltner: Private NICU rooms becoming the norm, but are they best for all babies? https://t.co/gEVnN248CH"
1092080411629490183,83894904,542,16848,778,611,3073,2009-10-20 18:10:49,115,0,2019-02-03 15:20:34,"RT @terrypluto: You really should read this story about  Sandy Alomar's commitment Cleveland:

https://t.co/ZZclJ6npuy https://t.co/ZZclJ6n‚Ä¶"
1091851874460930050,83894904,542,16848,778,611,3073,2009-10-20 18:10:49,8,0,2019-02-03 00:12:27,"RT @camorris: Here's a story, of a man named Brady.. My piece of the coverage in tomorrow's @ThePlainDealer. #SuperBowl #PatriotsNation #To‚Ä¶"
1091829446611558400,83894904,542,16848,778,611,3073,2009-10-20 18:10:49,2,0,2019-02-02 22:43:19,"RT @baronadv1: On this date, Feb 2, 1908, @ThePlainDealer had a major fire that destroyed its entire printing capability.
During the recons‚Ä¶"
1091806513373552641,83894904,542,16848,778,611,3073,2009-10-20 18:10:49,18,0,2019-02-02 21:12:12,"RT @LauraDeMarcoCle: The Hough Bakery legacy will live on: Archie's has closed on Lakeshore, but plans a new location  https://t.co/hgkmnT1‚Ä¶"
1091779981733056512,83894904,542,16848,778,611,3073,2009-10-20 18:10:49,0,0,2019-02-02 19:26:46,"Do the coming weeks have more days like this one, or is another vortex on the way? Today #Cleveland looks to Thistl‚Ä¶ https://t.co/Ma64u4TEbH"
1091772392375009282,83894904,542,16848,778,611,3073,2009-10-20 18:10:49,10,0,2019-02-02 18:56:37,"RT @terrypluto: Terry's Talkin' Browns, salary cap and linebackers:

https://t.co/mJYBL7VTzK https://t.co/mJYBL7VTzK"
1091772371814567937,83894904,542,16848,778,611,3073,2009-10-20 18:10:49,1,0,2019-02-02 18:56:32,"RT @clevelynnish: If you need a dose of cute tomorrow, go visit #Thistle the Whistlepig @goCMNH on her special day!
https://t.co/yUy9ttZyP1"
1091711399749971968,83894904,542,16848,778,611,3073,2009-10-20 18:10:49,5,0,2019-02-02 14:54:15,RT @clevelynnish: Thistle the whistle-pig is star of Groundhog Fun Day Saturday at Cleveland Museum of Natural History https://t.co/IYvbKVQ‚Ä¶
1091711344578101248,83894904,542,16848,778,611,3073,2009-10-20 18:10:49,3,0,2019-02-02 14:54:02,"RT @mrteksun: here's the review of tonight's Metallica concert at Quicken Loans Arena, with a gallery by David Petkiewicz:... https://t.co/‚Ä¶"
1091515098882019328,83894904,542,16848,778,611,3073,2009-10-20 18:10:49,3,0,2019-02-02 01:54:13,RT @clevelynnish: Kent State‚Äôs Traveling Stanzas poetry exhibit aims to create connections across borders -‚Å¶@janetcho‚Å© ‚Å¶@ThePlainDealer‚Å© ‚Å¶@‚Ä¶
1091504425154289670,83894904,542,16848,778,611,3073,2009-10-20 18:10:49,10,0,2019-02-02 01:11:48,"RT @mrteksun: Metallica donated $10,000 to @greater cleveland food bank"
1091451902955585537,83894904,542,16848,778,611,3073,2009-10-20 18:10:49,2,0,2019-02-01 21:43:06,RT @paodonne: CEO named for #EastCleveland schools: Henry Pettiegrew from the #Maple eights district #CLE #ohioed https://t.co/8JJo35yy8P
1091438958523940866,83894904,542,16848,778,611,3073,2009-10-20 18:10:49,3,0,2019-02-01 20:51:40,"RT @MichaelMcIntyre: If you are a ""Friends"" fanatic, this show at @Hilarities might be for you. (also do check out @mikepolkjr's special on‚Ä¶"
1091412976001789953,83894904,542,16848,778,611,3073,2009-10-20 18:10:49,6,0,2019-02-01 19:08:25,"RT @janetcho: .@KentState's @travelingstanza #poetry exhibit aims to create connections across borders, ""the inner voice of one person spea‚Ä¶"
1091402963107631104,83894904,542,16848,778,611,3073,2009-10-20 18:10:49,3,0,2019-02-01 18:28:38,"RT @JGrzelewski: If your income is within these guidelines, you may qualify for the earned income tax credit. Volunteers can help figure th‚Ä¶"
1091369540942991360,83894904,542,16848,778,611,3073,2009-10-20 18:10:49,4,0,2019-02-01 16:15:49,RT @JulieEWash: Twinsburg's twin doctors making medical career path smoother via new community website https://t.co/Qr1Vaip1SJ
1091361186573176833,83894904,542,16848,778,611,3073,2009-10-20 18:10:49,7,0,2019-02-01 15:42:38,"RT @GChristCLE: Yesterday, the newsroom staff took a tour of our production facility in Brooklyn, which is now where our office is located.‚Ä¶"
1091361055962476544,83894904,542,16848,778,611,3073,2009-10-20 18:10:49,21,0,2019-02-01 15:42:06,"RT @johnpetkovic: Year of the Pig: A guide to Cleveland Lunar New Year celebrations and one of the city's most vibrant neighborhoods, via @‚Ä¶"
1091342106692587520,83894904,542,16848,778,611,3073,2009-10-20 18:10:49,0,0,2019-02-01 14:26:49,Ready to pig out? The #LunarNewYear on Feb. 5 rings in the #YearOfThePig. Get @johnpetkovic's guide to celebrating‚Ä¶ https://t.co/lbVS0ApsQP
1091327029692256256,83894904,542,16848,778,611,3073,2009-10-20 18:10:49,0,0,2019-02-01 13:26:54,The key word in #springtraining is #spring. We're looking to the #Indians for signs that #winter will end someday i‚Ä¶ https://t.co/zXypGod2NV
1091327021026807822,83894904,542,16848,778,611,3073,2009-10-20 18:10:49,0,0,2019-02-01 13:26:52,"What would it take to cut off your mother? One writer talks about her difficult decision, and why she doesn't regre‚Ä¶ https://t.co/i9Qoz0q5e4"
1091318794532913152,83894904,542,16848,778,611,3073,2009-10-20 18:10:49,5,0,2019-02-01 12:54:10,"RT @TimsTakeCLE: ""It is what it is. It‚Äôs Northeast Ohio.‚Äù
From cow feed to pipes, everything freezes, but life goes on as Northeast Ohio sh‚Ä¶"
1091318669509054465,83894904,542,16848,778,611,3073,2009-10-20 18:10:49,12,0,2019-02-01 12:53:41,RT @JohnCFunk: Governor DeWine faces first major energy-related issue with PUCO commissioner appointment https://t.co/xPbORLZ38m
1091318615922622465,83894904,542,16848,778,611,3073,2009-10-20 18:10:49,2,0,2019-02-01 12:53:28,"RT @JohnCFunk: Justice Department, Ohio AG warn FirstEnergy Solutions and FirstEnergy on environmental obligations https://t.co/H7ebjiqIo6"
1091318589909594112,83894904,542,16848,778,611,3073,2009-10-20 18:10:49,3,0,2019-02-01 12:53:22,RT @GChristCLE: .@UHhospitals will rename its busiest outpatient facility the UH Minoff Health Center at Chagrin Highlands. https://t.co/PI‚Ä¶
1091318329267097600,83894904,542,16848,778,611,3073,2009-10-20 18:10:49,9,0,2019-02-01 12:52:20,"RT @terrypluto: Think about Browns from a year ago to now...and smile:
https://t.co/uOJeU3hY3M https://t.co/uOJeU3hY3M"
1090975213657997312,83894904,542,16848,778,611,3073,2009-10-20 18:10:49,2,0,2019-01-31 14:08:54,"RT @terrypluto: You can watch me on the Les Levine Show from Wednesday night:

https://t.co/ZuN8HRfLAi https://t.co/ZuN8HRfLAi"
1090945070948405248,83894904,542,16848,778,611,3073,2009-10-20 18:10:49,4,0,2019-01-31 12:09:08,"RT @mrteksun: here's my brendan urie Panic! At The Disco review of wednesday's show at Quicken Loans Arena, with a... https://t.co/KRXoaHNN‚Ä¶"
1090945050295656448,83894904,542,16848,778,611,3073,2009-10-20 18:10:49,3,0,2019-01-31 12:09:03,RT @BransonWright: Cleveland‚Äôs Thomas Mattice fights on Showtime Friday night; Wilder-Fury rematch set for April or May (photos) https://t.‚Ä¶
1090806351373234177,83894904,542,16848,778,611,3073,2009-10-20 18:10:49,4,0,2019-01-31 02:57:55,RT @marciapledger: Clevelanders are responding like mad on social media to news that Michaels is closing Pat Catan‚Äôs nearly three years aft‚Ä¶
1090791618574249989,83894904,542,16848,778,611,3073,2009-10-20 18:10:49,0,0,2019-01-31 01:59:22,@RDanCathcart @KipfstuhlPaul Hello Dan. We're sorry you didn't receive your paper today. If you DM us your informat‚Ä¶ https://t.co/mED1nQmANr
1090791243083321346,83894904,542,16848,778,611,3073,2009-10-20 18:10:49,3,0,2019-01-31 01:57:52,"RT @SkrticX: .@ThePlainDealer Editorial Cartoon by Ray Osrin. Feb. 12, 1985. #freezing #cold #Cleveland Source: @Cleve_Memory https://t.co/‚Ä¶"
1090755925382701057,83894904,542,16848,778,611,3073,2009-10-20 18:10:49,6,0,2019-01-30 23:37:32,"RT @JohnCFunk: #Naturalgas price falling? Yes. NYMEX trending down, despite #PolarVortex2019. @ColumbiaGasOhio customers first to get a (sl‚Ä¶"
1090755874463846406,83894904,542,16848,778,611,3073,2009-10-20 18:10:49,3,0,2019-01-30 23:37:20,RT @GrantSegall: Federal government scrambles to reopen as worries of another shutdown loom https://t.co/9HedaEOfGK
1090741638824103937,83894904,542,16848,778,611,3073,2009-10-20 18:10:49,21,0,2019-01-30 22:40:46,RT @CuyahogaGIS: We geocoded warming centers located throughout the county. Please share and let us know if there's information that we may‚Ä¶
1090728855160193024,83894904,542,16848,778,611,3073,2009-10-20 18:10:49,3,0,2019-01-30 21:49:58,"RT @DebbiSnook1: How Cleveland fared on ""The Zimmern List"" (Mighty good.) @andrewzimmern https://t.co/K4YHFyWUaJ https://t.co/bGZ3d7MZMf"
1090728715716304897,83894904,542,16848,778,611,3073,2009-10-20 18:10:49,2,0,2019-01-30 21:49:25,"RT @mrteksun: i'm going to be heading to Panic! At The Disco at the q in a bit. if you see me, say hi! And watch online on cleveland dot co‚Ä¶"
1090728553489018881,83894904,542,16848,778,611,3073,2009-10-20 18:10:49,3,0,2019-01-30 21:48:46,"RT @terrypluto: Here's the info to watch Les Levine tonight when I join him:

https://t.co/Lw19kh6GTy https://t.co/Lw19kh6GTy"
1090684397077102592,83894904,542,16848,778,611,3073,2009-10-20 18:10:49,18,0,2019-01-30 18:53:18,RT @GChristCLE: They see me rollin.‚Äô They hatin.‚Äô Tryin‚Äô to tell me I‚Äôm writin‚Äô fake news. https://t.co/rgcsbioc8F
1090647895206973443,83894904,542,16848,778,611,3073,2009-10-20 18:10:49,0,1,2019-01-30 16:28:16,"The #Democrats are off to the races. Is this the #lefties' time to shine, or will the party swing back to the cente‚Ä¶ https://t.co/aa3BwqodAw"
1090634446817189888,83894904,542,16848,778,611,3073,2009-10-20 18:10:49,11,8,2019-01-30 15:34:49,ICYMI: Cleveland shelters and warming centers are available to keep the homeless safe from the weather today and to‚Ä¶ https://t.co/Qiw7ar0nyt
1090617416617521153,83894904,542,16848,778,611,3073,2009-10-20 18:10:49,0,1,2019-01-30 14:27:09,What are you making for your #SuperBowl #party? Here's an idea: dig out your muffin tins to make bite-sized #snacks‚Ä¶ https://t.co/WjFSMC8gFk
1090617407872344064,83894904,542,16848,778,611,3073,2009-10-20 18:10:49,1,3,2019-01-30 14:27:07,"Welcome to the #PolarVortex! #LakeErie might be beautiful covered in #ice, but the #Cleveland area is coping with d‚Ä¶ https://t.co/BoxdnflVfn"
1090612430202421250,83894904,542,16848,778,611,3073,2009-10-20 18:10:49,11,0,2019-01-30 14:07:20,RT @LauraDeMarcoCle: Cleveland 1969: 50 vintage photos from that seismic year (and where to party like it's 1969 this weekend) https://t.co‚Ä¶
1090609338476097538,83894904,542,16848,778,611,3073,2009-10-20 18:10:49,2,11,2019-01-30 13:55:03,"Shout-out to our delivery drivers, who braved the Polar Vortex this morning to get out the paper. https://t.co/TZLYovrjLq"
1090608436029648897,83894904,542,16848,778,611,3073,2009-10-20 18:10:49,1,0,2019-01-30 13:51:28,"RT @james3neal: ICYMI: ""Cleveland Museum of Art launches next-generation open access to artworks and data online"" via @ThePlainDealer  http‚Ä¶"
1090608297433018368,83894904,542,16848,778,611,3073,2009-10-20 18:10:49,3,0,2019-01-30 13:50:55,"RT @terrypluto: Jim Thome made the HOF last year. What about Omar, Albert and Kenny...I talk that here:

https://t.co/89JTowHEl4 https://t.‚Ä¶"
1090602263763189761,83894904,542,16848,778,611,3073,2009-10-20 18:10:49,1,3,2019-01-30 13:26:56,"Us too, man. Us too. https://t.co/uthx0mwMbl https://t.co/DkVeeIA0mP"
1090587746492665856,83894904,542,16848,778,611,3073,2009-10-20 18:10:49,8,0,2019-01-30 12:29:15,"RT @CMC_Cleveland: Yes, we are OPEN Wednesday, Jan. 30, from 9 AM‚Äì4 PM despite the bitter cold temperatures. The Museum will be CLOSED on T‚Ä¶"
1090305161468231681,83894904,542,16848,778,611,3073,2009-10-20 18:10:49,2,0,2019-01-29 17:46:22,RT @mrteksun: Kasey Chambers and The Legendary Count Basie Orchestra are this week's also playing entries: https://t.co/2opuz5bUR4 https://‚Ä¶
1090303978053742592,83894904,542,16848,778,611,3073,2009-10-20 18:10:49,3,0,2019-01-29 17:41:39,"RT @GChristCLE: Adam Cisler of the Cleveland Department of Aging, urges residents to check on the elderly and their pets: We know a lot of‚Ä¶"
1090286203671375872,83894904,542,16848,778,611,3073,2009-10-20 18:10:49,5,0,2019-01-29 16:31:02,"RT @GChristCLE: As the area falls under a wind chill warning through Thursday, those without homes will be the most vulnerable. https://t.c‚Ä¶"
1090286134419181569,83894904,542,16848,778,611,3073,2009-10-20 18:10:49,2,0,2019-01-29 16:30:45,RT @AlliArtStyle: Cleveland‚Äôs Jen Prox Weisblat sparks worldwide demand with peek into jewelry making on Instagram https://t.co/XX36hJMsw9‚Ä¶
1090266594977054720,83894904,542,16848,778,611,3073,2009-10-20 18:10:49,4,0,2019-01-29 15:13:07,"RT @cmoa: ""It‚Äôs filled with moments of passion and introspection, spectacle and intimacy, tragedy and humor.""

Thanks to @ThePlainDealer fo‚Ä¶"
1090258447361298432,83894904,542,16848,778,611,3073,2009-10-20 18:10:49,2,0,2019-01-29 14:40:44,"RT @mrteksun: interview with Adrian Belew in a bit, then writing a couple of other stories. reviewing Panic! At The Disco at Quicken Loans‚Ä¶"
1090257805720854528,83894904,542,16848,778,611,3073,2009-10-20 18:10:49,5,0,2019-01-29 14:38:11,"RT @JohnCFunk: #PolarVortex2019 is for real and Ohio #utility companies, #PJM are gearing up. Here are safety tips: https://t.co/rlmCatNlEf‚Ä¶"
1090257442762563584,83894904,542,16848,778,611,3073,2009-10-20 18:10:49,23,0,2019-01-29 14:36:45,RT @LauraDeMarcoCle: Baby it's cold outside: Where to have winter fun in Cleveland inside and out https://t.co/cx1SKoMcFn https://t.co/XOm2‚Ä¶
1090233278802657280,83894904,542,16848,778,611,3073,2009-10-20 18:10:49,2,0,2019-01-29 13:00:43,RT @teresamurray: This same thing has apparently happened to tons of readers. https://t.co/BYYgPPHtzf
1090000350227152898,83894904,542,16848,778,611,3073,2009-10-20 18:10:49,2,0,2019-01-28 21:35:09,"RT @JulieEWash: Flu-related deaths in Cuyahoga County reach 4; season continues to be mild, say health officials https://t.co/LrajDSx6bb"
1090000238234996738,83894904,542,16848,778,611,3073,2009-10-20 18:10:49,2,0,2019-01-28 21:34:42,"RT @mrteksun: Tri-C High School Rock Off is down to its last semifinal round, coming up this saturday. The Final Exam is Saturday, Feb. 16.‚Ä¶"
1089981062409789440,83894904,542,16848,778,611,3073,2009-10-20 18:10:49,4,0,2019-01-28 20:18:30,"RT @JGrzelewski: The American Greetings corporate headquarters in Westlake is on the market, but the greeting card company isn't going anyw‚Ä¶"
1089980473399525377,83894904,542,16848,778,611,3073,2009-10-20 18:10:49,2,0,2019-01-28 20:16:10,RT @mrteksun: i always like talking to nile rodgers. https://t.co/PedhKZF4MJ https://t.co/PedhKZF4MJ
1089980420597473281,83894904,542,16848,778,611,3073,2009-10-20 18:10:49,4,0,2019-01-28 20:15:57,RT @GrantSegall: Cuyahoga Valley National Park gradually reopens after shutdown https://t.co/uZhloLPjhd
1089907109372792832,83894904,542,16848,778,611,3073,2009-10-20 18:10:49,2,0,2019-01-28 15:24:39,"RT @JohnCFunk: Dominion Energy Ohio shoots itself in the foot, demands security deposit from widow on 25-year account: https://t.co/Zm6sDjq‚Ä¶"
1089907042578505728,83894904,542,16848,778,611,3073,2009-10-20 18:10:49,5,0,2019-01-28 15:24:23,"RT @mrteksun: coming to the rock hall. looks like Greg Harris &amp; Co. are gonna get pretty good use out of that PNC outdoor stage, with the..‚Ä¶"
1089906972483354627,83894904,542,16848,778,611,3073,2009-10-20 18:10:49,5,0,2019-01-28 15:24:06,RT @RachelDissell: Cleveland Public Health Department Merle Gordon said city looking to prosecute property owners of placarded homes with l‚Ä¶
1089906868770820096,83894904,542,16848,778,611,3073,2009-10-20 18:10:49,6,0,2019-01-28 15:23:41,"RT @MemphisTravel: Are you planning a #Memphis to @visitmusiccity road trip? 

""Tennessee ‚Äì one of America‚Äôs most musical states, where cou‚Ä¶"
1089906780526862336,83894904,542,16848,778,611,3073,2009-10-20 18:10:49,9,0,2019-01-28 15:23:20,"RT @LauraDeMarcoCle: One of 2018's best films finally makes it to Cleveland this Friday, the powerful, poetic Polish Oscar contender 'Cold‚Ä¶"
