1094731424186413056,11054902,296,11844,290,434,106841,2007-12-11 16:53:30,0,0,2019-02-10 22:54:45,Daytona Speedweeks: Johnson declared Clash winner https://t.co/SSHwiHsH0Z https://t.co/AOCbpO8QOe
1094723815047876608,11054902,296,11844,290,434,106841,2007-12-11 16:53:30,0,1,2019-02-10 22:24:31,Photos: FAN Sunday Daytona 500 Qualifying https://t.co/6DVEvPBA3X https://t.co/f32GTJ0UlU
1094718873662824450,11054902,296,11844,290,434,106841,2007-12-11 16:53:30,0,0,2019-02-10 22:04:53,Valentine's Day 2019: These are the most romantic restaurants in the country https://t.co/ICractzN67 https://t.co/MZ97b2IZea
1094703843915583488,11054902,296,11844,290,434,106841,2007-12-11 16:53:30,0,1,2019-02-10 21:05:09,Winds prove a challenge in Daytona Beach Half Marathon https://t.co/6ZKucB4iLb https://t.co/F4ZBVGs7N6
1094696132972826624,11054902,296,11844,290,434,106841,2007-12-11 16:53:30,0,0,2019-02-10 20:34:31,Panhandle man plans his burial in tomb inside old boat https://t.co/kB7wwJCKyH https://t.co/Y0u9aB3ZUK
1094682407494696961,11054902,296,11844,290,434,106841,2007-12-11 16:53:30,1,2,2019-02-10 19:39:58,Photos: FAN Sunday Daytona 500 Qualifying https://t.co/6DVEvPBA3X https://t.co/HGMAC0UY8o
1094673432959053824,11054902,296,11844,290,434,106841,2007-12-11 16:53:30,1,0,2019-02-10 19:04:19,"After plant die-off, what fate awaits alligator snapping turtles? https://t.co/7UpGu8dCfx https://t.co/lp5MCMPzZd"
1094650838310682624,11054902,296,11844,290,434,106841,2007-12-11 16:53:30,1,2,2019-02-10 17:34:32,Historic Legends Beach Parade brings back racing memories https://t.co/2z7WYYKJIq https://t.co/8r9EI5V8Bb
1094628284489437184,11054902,296,11844,290,434,106841,2007-12-11 16:53:30,0,0,2019-02-10 16:04:54,Florida History: Fountain of Youth isn't backed by historical evidence but keep reading https://t.co/V6TUEt0lWY https://t.co/deKeFNI2eP
1094613169430056961,11054902,296,11844,290,434,106841,2007-12-11 16:53:30,0,0,2019-02-10 15:04:51,"Paid Parental Leave: The one issue that Trump, rivals can agree on https://t.co/MZv4ZTpWPZ https://t.co/vvChg6WfXQ"
1094598056752963587,11054902,296,11844,290,434,106841,2007-12-11 16:53:30,0,0,2019-02-10 14:04:48,Votran rolling out new bus route in Deltona https://t.co/YHhk5QUZZl https://t.co/4kSp31xHFf
1094582921594396673,11054902,296,11844,290,434,106841,2007-12-11 16:53:30,0,1,2019-02-10 13:04:39,The Alamo Drafthouse is coming to Florida https://t.co/wAywVfD9CR https://t.co/CzqIhOkfrn
1094552693455183877,11054902,296,11844,290,434,106841,2007-12-11 16:53:30,0,4,2019-02-10 11:04:32,The State of NASCAR: 'We probably lost our way' https://t.co/FM4IgpCPxY https://t.co/lD3rBAXWnc
1094537570204217345,11054902,296,11844,290,434,106841,2007-12-11 16:53:30,0,1,2019-02-10 10:04:26,Gun-seizure laws grow in popularity since Parkland shooting https://t.co/r56955upNB https://t.co/ciOhFgU8O3
1094431879367925760,11054902,296,11844,290,434,106841,2007-12-11 16:53:30,1,1,2019-02-10 03:04:28,Daytona Speedweeks: Harrison Burton wins ARCA; Pole and Clash roll next https://t.co/RYJs6qIemY https://t.co/oNMREB13hx
1094416747300601857,11054902,296,11844,290,434,106841,2007-12-11 16:53:30,0,3,2019-02-10 02:04:20,Daytona Beach police nab 20 accused panhandlers in enforcing new ordinance https://t.co/MSiWSGGMzA https://t.co/8QeKh8eYUZ
1094401634501910528,11054902,296,11844,290,434,106841,2007-12-11 16:53:30,1,5,2019-02-10 01:04:17,Mom meets police dispatcher who helped deliver baby https://t.co/k4G7PJxMcM https://t.co/VS1PNsk4V8
1094388264058920960,11054902,296,11844,290,434,106841,2007-12-11 16:53:30,0,0,2019-02-10 00:11:09,Gainesville seeks balance between majestic trees and urban growth https://t.co/izA1uO552R https://t.co/OL5D6GDVkc
1094376507789709315,11054902,296,11844,290,434,106841,2007-12-11 16:53:30,0,1,2019-02-09 23:24:26,Photos: Fans at Daytona International Speedway https://t.co/Ri3THGd6zT https://t.co/TaQpXP642e
1094356035182174208,11054902,296,11844,290,434,106841,2007-12-11 16:53:30,0,0,2019-02-09 22:03:05,"Increase in upscale hotels provides more welcome options for visitors to Daytona, hospitality officials say… https://t.co/4ttOFjEtEc"
1094340857023606784,11054902,296,11844,290,434,106841,2007-12-11 16:53:30,0,2,2019-02-09 21:02:46,LANE: The Darwinian Gardener sees no shadow in February https://t.co/64x01hcUpu https://t.co/FnXZl7xgM5
1094323100341202952,11054902,296,11844,290,434,106841,2007-12-11 16:53:30,0,0,2019-02-09 19:52:13,Flagler inmate dies at hospital https://t.co/XpcZ8rn1Uc https://t.co/pGyBzSuZsZ
1094310589994885121,11054902,296,11844,290,434,106841,2007-12-11 16:53:30,2,3,2019-02-09 19:02:30,86-year-old Florida man owns a hospital for shoes and you need to know him https://t.co/lESmWF6PbN https://t.co/2Z1JpDXNxL
1094293166168125440,11054902,296,11844,290,434,106841,2007-12-11 16:53:30,0,0,2019-02-09 17:53:16,Photos: Panhandling arrests in Daytona Beach https://t.co/5MVqLM1L3s https://t.co/tWqCLOprEr
1094287960613232640,11054902,296,11844,290,434,106841,2007-12-11 16:53:30,0,0,2019-02-09 17:32:35,Daytona SpeedWeek Radio https://t.co/1EJVkaQSSH https://t.co/qZdcC9QDZ8
1094265315922464768,11054902,296,11844,290,434,106841,2007-12-11 16:53:30,0,2,2019-02-09 16:02:36,College honors dying Florida mom of 5 who ran out of time to earn GED https://t.co/FJNT11C3bV https://t.co/XHk6SIX5RF
1094220141586464770,11054902,296,11844,290,434,106841,2007-12-11 16:53:30,0,1,2019-02-09 13:03:06,National Pizza Day: 7 best places to get a pie that isn't from a pizzeria https://t.co/gnO1savun3 https://t.co/Z4F5bSJgLj
1094212449555886080,11054902,296,11844,290,434,106841,2007-12-11 16:53:30,1,2,2019-02-09 12:32:32,New Daytona panhandling law clears out beggars https://t.co/jQGTonDS1q https://t.co/ug3FRZAI4T
1094197258344648705,11054902,296,11844,290,434,106841,2007-12-11 16:53:30,1,3,2019-02-09 11:32:10,College honors dying Fla. mom of 5 who ran out of time to earn GED https://t.co/nAPfVxB5NV https://t.co/Pyji0xkCWQ
1094189961073643520,11054902,296,11844,290,434,106841,2007-12-11 16:53:30,0,2,2019-02-09 11:03:10,'Frustrated' Florida Democrats meet to analyze 2018 losses https://t.co/wA0GNzdklz https://t.co/Tpij7phf1e
1094175860431695872,11054902,296,11844,290,434,106841,2007-12-11 16:53:30,0,0,2019-02-09 10:07:08,FDOT reopens Saxon lane in Deltona after depression fix https://t.co/rjQOLheR19 https://t.co/R7o0Wo4y4o
1094070172359557121,11054902,296,11844,290,434,106841,2007-12-11 16:53:30,0,2,2019-02-09 03:07:10,Speedweeks: NASCAR roars to life at Daytona; ARCA kicks off season https://t.co/FekFF2XOTO https://t.co/A0ONKxQoG8
1094053929292316672,11054902,296,11844,290,434,106841,2007-12-11 16:53:30,0,1,2019-02-09 02:02:37,Ormond Beach voters to decide major election changes https://t.co/7DQyV6EVeb https://t.co/fUHiqbaFBW
1094040049983897600,11054902,296,11844,290,434,106841,2007-12-11 16:53:30,0,2,2019-02-09 01:07:28,Speedway RV lot fills up early as race fans race to escape the cold up north https://t.co/WLLzPt6H3E https://t.co/Zg0pXa7UTt
1094026263973556224,11054902,296,11844,290,434,106841,2007-12-11 16:53:30,0,0,2019-02-09 00:12:42,UPDATE: Flagler jail inmate's mom says son is 'brain dead' https://t.co/mqdBekcm1V https://t.co/vGDOIKxBOT
1094008799999025152,11054902,296,11844,290,434,106841,2007-12-11 16:53:30,0,0,2019-02-08 23:03:18,Official: Virginia governor says he won't resign over photo https://t.co/VeWZh3NPvS https://t.co/9hTE8YoDQt
1093978466725306369,11054902,296,11844,290,434,106841,2007-12-11 16:53:30,4,7,2019-02-08 21:02:46,"Daytona 500 driver NASCAR's Jamie McMurray talks health, racing at South Daytona Elementary https://t.co/l1ArCnAfGs https://t.co/dI756yiGZs"
1093963268438265857,11054902,296,11844,290,434,106841,2007-12-11 16:53:30,1,4,2019-02-08 20:02:22,Human caregivers step in to help baby gorilla born to deaf mother at Fla. zoo https://t.co/x87Qk2UGIt https://t.co/fPJd6s5pmB
1093925773138907136,11054902,296,11844,290,434,106841,2007-12-11 16:53:30,0,2,2019-02-08 17:33:23,"Volusia divided over later high school start time, but research supports it https://t.co/ialuXRo4Wa https://t.co/t0nKE4EULi"
1093918432146477057,11054902,296,11844,290,434,106841,2007-12-11 16:53:30,0,1,2019-02-08 17:04:12,National Pizza Day 2019: The best pizza deals and freebies https://t.co/FUxgX1YmD7 https://t.co/zsVWuZyw07
1093910845204152320,11054902,296,11844,290,434,106841,2007-12-11 16:53:30,0,0,2019-02-08 16:34:04,Deltona now officially a Florida 'Trail Town' https://t.co/0o76N5kShp https://t.co/yxruVk60TK
1093902030584852480,11054902,296,11844,290,434,106841,2007-12-11 16:53:30,1,2,2019-02-08 15:59:02,5th Atlantic right whale calf confirmed off Sebastian Inlet https://t.co/CwkKckmP6I https://t.co/pc30zlD9z8
1093865219242250240,11054902,296,11844,290,434,106841,2007-12-11 16:53:30,0,0,2019-02-08 13:32:45,"LETTERS: ""Allow a proud father to coax one more ditty out of my surreal family experience."" https://t.co/yeARhZA2bw https://t.co/eqvJtnoC69"
1093850052370616320,11054902,296,11844,290,434,106841,2007-12-11 16:53:30,2,1,2019-02-08 12:32:29,"DeSantis wants new $9,000 teacher bonus program https://t.co/LyxEvRDjLH https://t.co/y9VM3RPOOP"
1093842623381602304,11054902,296,11844,290,434,106841,2007-12-11 16:53:30,1,4,2019-02-08 12:02:58,"MARK LANE: Panhandling ordinance applauded, now come the tests https://t.co/Z6hXwPKwIO https://t.co/9mvxe0slbQ"
1093834955803820034,11054902,296,11844,290,434,106841,2007-12-11 16:53:30,1,4,2019-02-08 11:32:30,One Daytona hosts Kickoff to Speedweeks https://t.co/iDmwERVPFP https://t.co/siOkRQaAQR
1093827523811704832,11054902,296,11844,290,434,106841,2007-12-11 16:53:30,0,1,2019-02-08 11:02:58,Fourth-grader tops older competitors in Volusia Spelling Bee https://t.co/L9HKbIK7QQ https://t.co/QOS04aGAqy
1093813488332537856,11054902,296,11844,290,434,106841,2007-12-11 16:53:30,0,0,2019-02-08 10:07:12,Parkland attack fueled big shift in America's gun politics https://t.co/SoQO3Hd2du https://t.co/3syqPdJGt3
1093753405514883072,11054902,296,11844,290,434,106841,2007-12-11 16:53:30,0,0,2019-02-08 06:08:27,Ormond Beach man charged with arson after mobile home burns with roommate inside https://t.co/DUAtPcJqSo https://t.co/RwrL0OD1dE
1093707918879453184,11054902,296,11844,290,434,106841,2007-12-11 16:53:30,0,0,2019-02-08 03:07:42,Jeff Bezos says National Enquirer threatened to publish revealing pics https://t.co/OCX6Vi4pud https://t.co/8PnwymPgyp
1093696524289273856,11054902,296,11844,290,434,106841,2007-12-11 16:53:30,0,1,2019-02-08 02:22:25,Vintage race car parade to lead entertainment options https://t.co/TrQSvzYeZI https://t.co/rbmWsaJnHi
1093676500409352193,11054902,296,11844,290,434,106841,2007-12-11 16:53:30,1,2,2019-02-08 01:02:51,New Daytona law scares off panhandlers https://t.co/mRDDVc4TPC https://t.co/Qo02XCR5hn
1093663783027912704,11054902,296,11844,290,434,106841,2007-12-11 16:53:30,1,1,2019-02-08 00:12:19,Police: Man accidentally shoots himself after finding gun in vehicle at DeLand used car lot https://t.co/Yf1sSTv2E4 https://t.co/rg0EO46zF0
1093646341849395201,11054902,296,11844,290,434,106841,2007-12-11 16:53:30,0,0,2019-02-07 23:03:01,Volusia looks to put $5M into ambulance system https://t.co/00hhU5IZ8y https://t.co/ky4X36jLax
1093616123533250561,11054902,296,11844,290,434,106841,2007-12-11 16:53:30,0,0,2019-02-07 21:02:56,Man dies after being struck by train in Daytona https://t.co/ZYVUd1FeNF https://t.co/VMQfSE0N8K
1093603549102133248,11054902,296,11844,290,434,106841,2007-12-11 16:53:30,0,2,2019-02-07 20:12:58,"$9,000 raise for Florida teachers? DeSantis to give $422 million in rewards https://t.co/JxVaGoAAU1 https://t.co/wZ9hPFVPGO"
1093570777226584065,11054902,296,11844,290,434,106841,2007-12-11 16:53:30,2,0,2019-02-07 18:02:45,"Eating Hot Cheetos can lead to an emergency room visit, doctors say https://t.co/87wD5WfOja https://t.co/W0OhskvhjC"
1093563155865841665,11054902,296,11844,290,434,106841,2007-12-11 16:53:30,0,2,2019-02-07 17:32:28,Democrats turn focus to tax returns — and Trump's loom largest https://t.co/ZLCpqDwz6z https://t.co/0guYmnMzLF
1093555883441827844,11054902,296,11844,290,434,106841,2007-12-11 16:53:30,0,0,2019-02-07 17:03:34,Flagler settles suit over website accessibility https://t.co/AMY3zFqNMT https://t.co/DywQSysfo6
1093549344601579520,11054902,296,11844,290,434,106841,2007-12-11 16:53:30,0,0,2019-02-07 16:37:35,Forest’s #23 Rogo Enderica attempts to score on DeLand in the final minutes of the game but is denied by goalkeeper… https://t.co/AUYd5YBFQh
1093548272709500929,11054902,296,11844,290,434,106841,2007-12-11 16:53:30,0,0,2019-02-07 16:33:20,"Anti-abortion bills: Odds good in GOP states, not Congress https://t.co/lgHnFQXLVg https://t.co/Gyh3NYiE6x"
1093540690846466049,11054902,296,11844,290,434,106841,2007-12-11 16:53:30,0,0,2019-02-07 16:03:12,Jennie Geisler: Confessions of a multi-cooker convert https://t.co/0gDrSpQjBi https://t.co/qU3A3dS7UK
1093514060698710016,11054902,296,11844,290,434,106841,2007-12-11 16:53:30,0,0,2019-02-07 14:17:23,21-year-old DeLand skydiver injured in hard landing https://t.co/CJ7ggJCck4 https://t.co/1IQ7hl3tK6
1093485114175225857,11054902,296,11844,290,434,106841,2007-12-11 16:53:30,2,0,2019-02-07 12:22:21,Ormond Beach moves to limit spread of medical marijuana shops https://t.co/KetxOlg9AV https://t.co/KTIfYlEpXd
1093475009455157248,11054902,296,11844,290,434,106841,2007-12-11 16:53:30,1,4,2019-02-07 11:42:12,Families are smaller? Not at the Marshall home in Ormond Beach https://t.co/uQskMK88IU https://t.co/hFwb5SMdhZ
1093465121685454849,11054902,296,11844,290,434,106841,2007-12-11 16:53:30,1,3,2019-02-07 11:02:55,"SpaceX ship that catches falling rocket cones sails to Cape Canaveral, Florida https://t.co/j1wfUUuQg5 https://t.co/B4b0POc5Co"
1093458658158145537,11054902,296,11844,290,434,106841,2007-12-11 16:53:30,0,0,2019-02-07 10:37:14,Workforce housing complex in Palm Coast inches ahead https://t.co/ROl8H6FWS6 https://t.co/Gk1Jh59j9p
1093451117491560448,11054902,296,11844,290,434,106841,2007-12-11 16:53:30,0,0,2019-02-07 10:07:16,WATCH: Man who had $150K prosthetic arm stolen in Fla. competes on 'Titan Games' https://t.co/7PrGVi1ygi https://t.co/bn3MXUOMsL
1093350449560866816,11054902,296,11844,290,434,106841,2007-12-11 16:53:30,1,5,2019-02-07 03:27:15,UPDATED STORY: Panhandlers face immediate crackdown as Daytona passes tough rules https://t.co/znv0jtaZqF https://t.co/HOtrIKptSm
1093345423178240000,11054902,296,11844,290,434,106841,2007-12-11 16:53:30,0,0,2019-02-07 03:07:16,Financial watchdog to gut most of its payday lending rules https://t.co/KQa77rn06O https://t.co/fUbS0NPykB
1093329181251903488,11054902,296,11844,290,434,106841,2007-12-11 16:53:30,1,3,2019-02-07 02:02:44,Tough panhandling rules approved by Daytona Beach City Commission https://t.co/t3NsSCZczD https://t.co/KziKecigt2
1093314125650907136,11054902,296,11844,290,434,106841,2007-12-11 16:53:30,0,0,2019-02-07 01:02:55,Worried about wrinkles? Here's how injectables can refresh your face https://t.co/Kz2N4pos3q https://t.co/aEVBxdvnuG
1093314109712596992,11054902,296,11844,290,434,106841,2007-12-11 16:53:30,0,0,2019-02-07 01:02:51,Florida Supreme Court hears appeal from Halifax Health https://t.co/6Ls9L7fTdk https://t.co/QLlAhoZfub
1093301378326384643,11054902,296,11844,290,434,106841,2007-12-11 16:53:30,0,0,2019-02-07 00:12:15,Daytona Beach Half Marathon gears back up this weekend with new additions https://t.co/wFFS9FkphG https://t.co/F6naJ8T4Wx
1093288863861297152,11054902,296,11844,290,434,106841,2007-12-11 16:53:30,0,0,2019-02-06 23:22:32,Skydiver injured in hard landing at DeLand Municipal Airport https://t.co/w5xXtfOB9P https://t.co/0zrt7ToM6L
1093285055449960454,11054902,296,11844,290,434,106841,2007-12-11 16:53:30,0,0,2019-02-06 23:07:24,House balks at total repeal of pot smoking ban https://t.co/8KaedjWAld https://t.co/exrQubKDDV
1093253889095282688,11054902,296,11844,290,434,106841,2007-12-11 16:53:30,1,2,2019-02-06 21:03:33,Paranormal Cirque comes to Daytona Beach https://t.co/HMIPKiBJDv https://t.co/dct9H2J2u0
1093230978376654848,11054902,296,11844,290,434,106841,2007-12-11 16:53:30,1,0,2019-02-06 19:32:31,Ormond man accused of conspiring to sexually abuse 3-year-old girl https://t.co/D1SaGVxrXH https://t.co/QTcFvLkao4
1093208565316272130,11054902,296,11844,290,434,106841,2007-12-11 16:53:30,0,0,2019-02-06 18:03:27,Other Voices - Daytona Beach News-Journal Online https://t.co/WiUD2ZFhl2 https://t.co/aIQNrQoN0D
1093200847440433152,11054902,296,11844,290,434,106841,2007-12-11 16:53:30,0,0,2019-02-06 17:32:47,Rap video shoot spurs Bunnell to make new law https://t.co/myoLrkWU91 https://t.co/qZIH6qqWgN
1093193496465457152,11054902,296,11844,290,434,106841,2007-12-11 16:53:30,0,0,2019-02-06 17:03:34,"THE SWEET LIFE: Friends combine chocolate, technology for perfect recipe https://t.co/AjzVj81RSG https://t.co/ru2zuvfziJ"
1093185807366668289,11054902,296,11844,290,434,106841,2007-12-11 16:53:30,0,1,2019-02-06 16:33:01,Speedway contractor Barton Malow to build Brown &amp; Brown office in Daytona https://t.co/zAkTxe16wo https://t.co/aRZFK1U3SC
1093179566145847296,11054902,296,11844,290,434,106841,2007-12-11 16:53:30,0,1,2019-02-06 16:08:13,Norwood's offers variety of dining experiences perfect for celebrations https://t.co/96sQsHtffR https://t.co/wqC18wGKnT
1093163166895427584,11054902,296,11844,290,434,106841,2007-12-11 16:53:30,1,0,2019-02-06 15:03:03,"Roofing scammers stole $150,000 from Volusia-Flagler residents after hurricanes, officials say… https://t.co/jgJQHTKiTP"
1093125341781127168,11054902,296,11844,290,434,106841,2007-12-11 16:53:30,1,0,2019-02-06 12:32:45,Police: Sexual offender arrested for molesting child in Holly Hill https://t.co/E6iG36mdVt https://t.co/w8gOuXidzW
1093117941091106818,11054902,296,11844,290,434,106841,2007-12-11 16:53:30,1,0,2019-02-06 12:03:20,"Volusia-Flagler's 23 murder cases in 2018 include child killings, overdoses https://t.co/nujr8r8XJE https://t.co/LQl0Gsxl2T"
1093110170757054465,11054902,296,11844,290,434,106841,2007-12-11 16:53:30,1,2,2019-02-06 11:32:28,Year of the pig? Mob of wild hogs marches across Florida road https://t.co/tMAMUsoVJM https://t.co/JCT0C41bM5
1093102774458421249,11054902,296,11844,290,434,106841,2007-12-11 16:53:30,0,1,2019-02-06 11:03:04,MARK LANE: A late-riser's plea for saner school-start times https://t.co/mgNfupKgpL https://t.co/tqunVxd8IC
1093087483796078592,11054902,296,11844,290,434,106841,2007-12-11 16:53:30,0,0,2019-02-06 10:02:19,"Pope acknowledges priests, bishops have sexually abused nuns https://t.co/rWMdeVlfTK https://t.co/KsuF4E4URx"
1092981897641279488,11054902,296,11844,290,434,106841,2007-12-11 16:53:30,1,1,2019-02-06 03:02:45,AP FACT CHECK: Trump's claims in his State of Union address https://t.co/EkrV7cIlYe https://t.co/5Ggcns0N9d
1092963044441808896,11054902,296,11844,290,434,106841,2007-12-11 16:53:30,0,0,2019-02-06 01:47:50,"WATCH IT LIVE: After 2 years of rancor, Trump to call for unity in address https://t.co/ghi9z0MDYk https://t.co/WCIt6s5A9j"
1092951604179976193,11054902,296,11844,290,434,106841,2007-12-11 16:53:30,0,1,2019-02-06 01:02:23,"Despite postseason run, Stetson baseball faces uphill battle nationally https://t.co/0Lqd3B4tdA https://t.co/HDjxhZHlg2"
1092939014066368512,11054902,296,11844,290,434,106841,2007-12-11 16:53:30,0,0,2019-02-06 00:12:21,Senate works on implementing Florida's vaping ban https://t.co/6TqHiApCu9 https://t.co/1oR97QNUW6
1092922784420900864,11054902,296,11844,290,434,106841,2007-12-11 16:53:30,1,2,2019-02-05 23:07:51,Speedweeks heats up with One Daytona event https://t.co/MBpPkgiHua https://t.co/yeLTppQKow
1092899870443270150,11054902,296,11844,290,434,106841,2007-12-11 16:53:30,1,4,2019-02-05 21:36:48,"Country singer Kaleb Lee, the Ormond Beach resident famous for his performances on NBC’s “The Voice,” will be the h… https://t.co/eBnGU3rd7h"
1092892418159071234,11054902,296,11844,290,434,106841,2007-12-11 16:53:30,0,0,2019-02-05 21:07:12,Overnight work to force I-95 closures in Daytona Beach https://t.co/rHYHlUnmxN https://t.co/0gUcKX624Z
1092868047176650752,11054902,296,11844,290,434,106841,2007-12-11 16:53:30,2,0,2019-02-05 19:30:21,RT @NikkiInRealLife: Here's a sneak at a story I've been working on. This family is getting ready to welcome their 10th child. Here's their…
1092846075269009409,11054902,296,11844,290,434,106841,2007-12-11 16:53:30,5,17,2019-02-05 18:03:03,Right whale and calf seen off Daytona Beach Shores https://t.co/X4bUAdpMsi https://t.co/OxngMHpG8F
1092835528494452737,11054902,296,11844,290,434,106841,2007-12-11 16:53:30,2,0,2019-02-05 17:21:08,"RT @dbnewsjournal: Deltona woman shows up to court beaten, bitten; girlfriend arrested https://t.co/kMrQEmkSOI https://t.co/yeHA5yW6kh"
1092834821045403649,11054902,296,11844,290,434,106841,2007-12-11 16:53:30,2,0,2019-02-05 17:18:19,"Deltona woman shows up to court beaten, bitten; girlfriend arrested https://t.co/kMrQEmkSOI https://t.co/yeHA5yW6kh"
1092825978928357376,11054902,296,11844,290,434,106841,2007-12-11 16:53:30,1,0,2019-02-05 16:43:11,Volusia approves holding sales tax vote in May https://t.co/NpD1yUxIau https://t.co/AbsxxEOQLO
1092817428420194304,11054902,296,11844,290,434,106841,2007-12-11 16:53:30,0,0,2019-02-05 16:09:13,Deputies investigate Palm Coast woman's shooting death https://t.co/LH64tDFa7S https://t.co/31KjPen0L6
1092779216742109185,11054902,296,11844,290,434,106841,2007-12-11 16:53:30,0,0,2019-02-05 13:37:22,Dispatchers: Children on Votran injured in crash with stolen vehicle https://t.co/3o2Uz8ClAg https://t.co/V8T3AyLEam
1092764060800770048,11054902,296,11844,290,434,106841,2007-12-11 16:53:30,1,1,2019-02-05 12:37:09,Roaring 20s: The DeLand Hotel gets historic designation https://t.co/1BWYPsnZ0j https://t.co/s8PYPHEJNC
1092750273917997056,11054902,296,11844,290,434,106841,2007-12-11 16:53:30,0,0,2019-02-05 11:42:22,"Trump to call for unity, faces skepticism in State of Union https://t.co/v2M9AgVdkL https://t.co/cgrxuVW1zY"
1092743108729679872,11054902,296,11844,290,434,106841,2007-12-11 16:53:30,0,2,2019-02-05 11:13:53,Audit of Volusia openings reveals more teacher vacancies https://t.co/PrO3DbcIEJ https://t.co/YQdHRHVULs
1092732679848632322,11054902,296,11844,290,434,106841,2007-12-11 16:53:30,0,0,2019-02-05 10:32:27,Flagler County employee 1 of 4 interim administrator finalists https://t.co/WJ9SXD43ag https://t.co/hQs824Xhvu
1092725114205028352,11054902,296,11844,290,434,106841,2007-12-11 16:53:30,1,0,2019-02-05 10:02:23,Volusia County hotel occupancies dip in December https://t.co/UAChBTMp1c https://t.co/bbHp0fBXDP
1092604315238363136,11054902,296,11844,290,434,106841,2007-12-11 16:53:30,1,1,2019-02-05 02:02:23,Deputies confiscate 20 guns from wife after domestic dispute gunshots near DeLand https://t.co/767QSvn1Yb https://t.co/lEnr5gSr4m
1092589500230979589,11054902,296,11844,290,434,106841,2007-12-11 16:53:30,1,0,2019-02-05 01:03:30,Changes cloud effort to repeal state’s medical marijuana smoking ban https://t.co/sZmH8JUoyc https://t.co/zZPfOYxzpo
1092576730039107589,11054902,296,11844,290,434,106841,2007-12-11 16:53:30,0,0,2019-02-05 00:12:46,Critics take issue with builder's claims that impact fees could halt Volusia growth https://t.co/cbhqh9b9EP https://t.co/GhHK5rSna4
1092560382214979585,11054902,296,11844,290,434,106841,2007-12-11 16:53:30,0,1,2019-02-04 23:07:48,"Pagan's bikers from Volusia-Flagler, others plead guilty to federal drug charges https://t.co/aLewbQzUDi https://t.co/OLQsuruk2T"
1092528921562791936,11054902,296,11844,290,434,106841,2007-12-11 16:53:30,2,3,2019-02-04 21:02:47,Deputies: Daytona man who yelled at detective in traffic observed making 15 drug deals https://t.co/qNl5rd20Dm https://t.co/gHROyjfIM8
1092517629041041409,11054902,296,11844,290,434,106841,2007-12-11 16:53:30,4,0,2019-02-04 20:17:55,RT @EileenDBNJ: #Daytona Beach community garden aims to be an oasis in a food desert https://t.co/D83pj2t3LG
1092515006854385664,11054902,296,11844,290,434,106841,2007-12-11 16:53:30,2,1,2019-02-04 20:07:30,Navy practicing with live bombs in national forest this week https://t.co/J8rGEpy9B5 https://t.co/ddPkePUIhu
1092483607019556864,11054902,296,11844,290,434,106841,2007-12-11 16:53:30,0,1,2019-02-04 18:02:43,Photos: Flagler Beach Polar Plunge https://t.co/Qr7hklrPTu https://t.co/XzWcvRFvMa
1092476089434284033,11054902,296,11844,290,434,106841,2007-12-11 16:53:30,0,0,2019-02-04 17:32:51,Here's what Florida's most popular Airbnb is like https://t.co/RyA6lMhDTJ https://t.co/nDwf4BJqfC
1092468674361995266,11054902,296,11844,290,434,106841,2007-12-11 16:53:30,0,2,2019-02-04 17:03:23,Curious Coast: The legend of New Smyrna's beachside street grave https://t.co/9oVO6siX9S https://t.co/LUJg0ZazAI
1092465925138366464,11054902,296,11844,290,434,106841,2007-12-11 16:53:30,3,0,2019-02-04 16:52:28,RT @MarkHarper36: BREAKING: Dunlawton bridge on fire in Port Orange; construction project was ongoing there. https://t.co/TIf2QeE7NM
1092461049423556608,11054902,296,11844,290,434,106841,2007-12-11 16:53:30,2,0,2019-02-04 16:33:05,Dunlawton Bridge on fire in Port Orange https://t.co/594UQslo7S https://t.co/dWXIGMHqfS
1092408066862125056,11054902,296,11844,290,434,106841,2007-12-11 16:53:30,1,1,2019-02-04 13:02:33,"LETTERS: ""I truly believe that Flagler County could become a bicycle destination."" https://t.co/rmIcYDyVAy https://t.co/4xTmKfUlWM"
1092399188925710336,11054902,296,11844,290,434,106841,2007-12-11 16:53:30,1,0,2019-02-04 12:27:17,"At least a dozen animals killed in Orange County wildlife sanctuary fire, officials say https://t.co/pavZW3VbUf https://t.co/InSpFCyiAl"
1092385372661837830,11054902,296,11844,290,434,106841,2007-12-11 16:53:30,1,0,2019-02-04 11:32:23,"Can $100,000 from local business improve Daytona elementary school's grade? https://t.co/ii5C6wKyZF https://t.co/SM7cWbWFpm"
1092370285452582912,11054902,296,11844,290,434,106841,2007-12-11 16:53:30,0,0,2019-02-04 10:32:25,Former Florida elections chief apologizes for blackface https://t.co/iHmijtvmOl https://t.co/vpASRoyyZa
1092362790600404993,11054902,296,11844,290,434,106841,2007-12-11 16:53:30,0,1,2019-02-04 10:02:39,Bethune-Cookman’s Summer Brown faces biggest hurdle yet https://t.co/0mCFNkg73X https://t.co/ZUU5EcMATm
1092265811899756545,11054902,296,11844,290,434,106841,2007-12-11 16:53:30,2,2,2019-02-04 03:37:17,Super Bowl 2019: A look inside President Trump's Super Bowl party https://t.co/ti6zlpTTvg https://t.co/S8pTzmhzoj
1092258249309634561,11054902,296,11844,290,434,106841,2007-12-11 16:53:30,1,2,2019-02-04 03:07:14,Super Bowl 2019: Meet the 9-year-old best friends behind that tearjerking Microsoft ad https://t.co/pkuxUaTQ5k https://t.co/FqlRmYZ5cm
1092241966233014277,11054902,296,11844,290,434,106841,2007-12-11 16:53:30,3,2,2019-02-04 02:02:32,Super Bowl 2019: 5 cringeworthy moments from Maroon 5's halftime show https://t.co/qVnpBl9NHl https://t.co/H7XqDKSGQw
1092229492955901953,11054902,296,11844,290,434,106841,2007-12-11 16:53:30,1,3,2019-02-04 01:12:58,Super Bowl 2019: 'Game of Thrones' and Bud Light team up for epic commercial https://t.co/Tg6p2OPXBj https://t.co/p4TLvdxU3L
1092219257960706054,11054902,296,11844,290,434,106841,2007-12-11 16:53:30,0,1,2019-02-04 00:32:18,Work starts Monday to fix depression at Saxon Blvd. near I-4 in Deltona https://t.co/FfCAsVRWk0 https://t.co/JM0rZDmGhQ
1092209313244987393,11054902,296,11844,290,434,106841,2007-12-11 16:53:30,0,6,2019-02-03 23:52:47,Super Bowl 2019: Gladys Knight delivers flawless national anthem https://t.co/Ei1FzelygS https://t.co/EdvemY1ume
1092174275115732992,11054902,296,11844,290,434,106841,2007-12-11 16:53:30,0,0,2019-02-03 21:33:33,House bill would allow Halifax Health to operate hospital in Deltona https://t.co/GCKGGtnKhG https://t.co/A4STQYMFjf
1092158892111466496,11054902,296,11844,290,434,106841,2007-12-11 16:53:30,1,0,2019-02-03 20:32:25,Bald eagle released after stay at seabird sanctuary https://t.co/u6ugCDse99 https://t.co/5DpNsAbvBi
1092140822219407360,11054902,296,11844,290,434,106841,2007-12-11 16:53:30,0,0,2019-02-03 19:20:37,"It's time! Patriots, Rams set to square off in Super Bowl https://t.co/a3zr0PEZcH https://t.co/lsczu6w8gH"
1092136305415340032,11054902,296,11844,290,434,106841,2007-12-11 16:53:30,0,0,2019-02-03 19:02:40,Valentine's DIY: Skip the greeting card this year and get creative https://t.co/5U3KjexgIJ https://t.co/3SCjgxDD33
1092106184486780930,11054902,296,11844,290,434,106841,2007-12-11 16:53:30,0,0,2019-02-03 17:02:59,Super Bowl ads offer escapism with star power https://t.co/uqIQmqrskD https://t.co/Rfn7j5wMHC
1092091047524646912,11054902,296,11844,290,434,106841,2007-12-11 16:53:30,1,6,2019-02-03 16:02:50,What's old is new again: Retro motels make a comeback https://t.co/9fP3U1sPue https://t.co/AakAibVi09
1092060842546380811,11054902,296,11844,290,434,106841,2007-12-11 16:53:30,1,1,2019-02-03 14:02:49,"Florida's troubled prison system ready for reform, advocates say https://t.co/PdE8gLIayc https://t.co/YCkBlGXvoF"
1092045770340077578,11054902,296,11844,290,434,106841,2007-12-11 16:53:30,0,0,2019-02-03 13:02:55,Why did thousands of Florida residents appear in a Super Bowl movie? https://t.co/JHScDXRAzr https://t.co/MCZ2tgGIOv
1092030655817502720,11054902,296,11844,290,434,106841,2007-12-11 16:53:30,1,4,2019-02-03 12:02:51,Firefighter reunites with police officer whose life he saved https://t.co/DR2IzcvJrP https://t.co/65ewEntqiS
1092015525495037952,11054902,296,11844,290,434,106841,2007-12-11 16:53:30,1,1,2019-02-03 11:02:44,Emergency room delays add to Volusia County's ambulance woes https://t.co/kugFX0pHAC https://t.co/tXXxl2hd9P
1092000303807979520,11054902,296,11844,290,434,106841,2007-12-11 16:53:30,1,0,2019-02-03 10:02:15,Daytona's homeless shelter is being built. But only some homeless will come. https://t.co/MdgU0GHTsw https://t.co/BrkaNOQBVK
1091896048954552321,11054902,296,11844,290,434,106841,2007-12-11 16:53:30,0,0,2019-02-03 03:07:59,Virginia's Gov. Northam says that wasn't him in racist photo https://t.co/JDW2IcoQW0 https://t.co/1ZZKxNvLjB
1091879567130800129,11054902,296,11844,290,434,106841,2007-12-11 16:53:30,0,0,2019-02-03 02:02:29,Roundabout underway at 'dangerous' Flagler intersection https://t.co/X5WpNSTRmV https://t.co/8P39mjgVOo
1091864490709258240,11054902,296,11844,290,434,106841,2007-12-11 16:53:30,1,1,2019-02-03 01:02:35,Into blood and acrobats? This circus touring Florida is for you https://t.co/QxXbIbJIzV https://t.co/EE238LgqYH
1091851862012321792,11054902,296,11844,290,434,106841,2007-12-11 16:53:30,0,0,2019-02-03 00:12:24,Area restaurants make one last push to prepare for Super Bowl Sunday https://t.co/7enNI4aRDx https://t.co/yiuFjjSOP2
1091834348100304897,11054902,296,11844,290,434,106841,2007-12-11 16:53:30,0,2,2019-02-02 23:02:48,Area construction jobs climb to new post-recession high https://t.co/iYvlLdpN3g https://t.co/NDs8qaMsgm
1091819235712618497,11054902,296,11844,290,434,106841,2007-12-11 16:53:30,0,0,2019-02-02 22:02:45,Florida History: 'They're fighting over oranges. Oranges!' https://t.co/AHlJKg9Li7 https://t.co/GkS5AtBdKe
1091789054335684608,11054902,296,11844,290,434,106841,2007-12-11 16:53:30,0,0,2019-02-02 20:02:49,LANE: Gov. Ron DeSantis' education budget a good start https://t.co/fMAaOIjUsw https://t.co/SBuaZzlScT
1091773996381753345,11054902,296,11844,290,434,106841,2007-12-11 16:53:30,2,0,2019-02-02 19:02:59,Know your snakes: Florida's 6 venomous serpents https://t.co/6uerU1YHKm https://t.co/Tzy4tOGDvC
1091766329080774659,11054902,296,11844,290,434,106841,2007-12-11 16:53:30,3,19,2019-02-02 18:32:31,"5,000 runners participate in DeLand ME STRONG 5K https://t.co/DixORwCk1n https://t.co/4qWKraBIzz"
1091748620032978947,11054902,296,11844,290,434,106841,2007-12-11 16:53:30,1,1,2019-02-02 17:22:09,"Suicide attempt causes confusion, shutdown at Orlando airport https://t.co/juDNTxDNEY https://t.co/8lmvbrsQ7X"
1091736303069159425,11054902,296,11844,290,434,106841,2007-12-11 16:53:30,2,1,2019-02-02 16:33:12,"Phil says: Groundhog doesn't see his shadow, predicting early spring https://t.co/66MZ6f2hgD https://t.co/oKjm5Dfd3q"
1091728574850256896,11054902,296,11844,290,434,106841,2007-12-11 16:53:30,0,1,2019-02-02 16:02:30,Want to be inspired? Let us introduce you to this MVP of bridesmaids https://t.co/fWsrUrAwkd https://t.co/kzMxuCojBu
1091683348722974721,11054902,296,11844,290,434,106841,2007-12-11 16:53:30,0,2,2019-02-02 13:02:47,Here are 10 things you didn't know about the movie 'Groundhog Day' https://t.co/7kLYzZm4qI https://t.co/ue9HSeudox
1091675642893090822,11054902,296,11844,290,434,106841,2007-12-11 16:53:30,0,0,2019-02-02 12:32:10,Daytona community garden aims to be an oasis in a food desert https://t.co/S6QvToz0xp https://t.co/NaIFhEtsDX
1091668331550199808,11054902,296,11844,290,434,106841,2007-12-11 16:53:30,0,0,2019-02-02 12:03:07,Our resident 'super fans' break down Super Bowl LIII https://t.co/mf4UXySVxr https://t.co/wV1NBy2Bt2
1091660587396927488,11054902,296,11844,290,434,106841,2007-12-11 16:53:30,0,0,2019-02-02 11:32:20,National parks rush to repair damage after shutdown https://t.co/lGEu6t4rFw https://t.co/uwb0Trdu6c
1091653168889499648,11054902,296,11844,290,434,106841,2007-12-11 16:53:30,0,0,2019-02-02 11:02:52,'Old-school' Spruce Creek High English teacher remembered as hero https://t.co/wo8Gintey3 https://t.co/WaffqKax1d
1091533462455099397,11054902,296,11844,290,434,106841,2007-12-11 16:53:30,1,0,2019-02-02 03:07:11,Valentine's DIY: Skip the greeting card this year and get creative https://t.co/rSu3b2vLha https://t.co/BNaHNkbjIO
1091517319032000512,11054902,296,11844,290,434,106841,2007-12-11 16:53:30,0,1,2019-02-02 02:03:02,Daytona Beach News-Journal to launch Speedweek Radio streaming NASCAR coverage https://t.co/RU4iNDS3x4 https://t.co/NOWtexKFGm
1091502099001720832,11054902,296,11844,290,434,106841,2007-12-11 16:53:30,1,1,2019-02-02 01:02:34,Ormond Beach tornado victim finds comfort in kindness of strangers https://t.co/e8FjoPrm2F https://t.co/fdd2ZPU01H
1091489467670638593,11054902,296,11844,290,434,106841,2007-12-11 16:53:30,0,0,2019-02-02 00:12:22,"Super Bowl 2019: Kickoff time, who's playing and how to watch https://t.co/xX10bKVGxm https://t.co/57Ynuysg2k"
1091471999698903041,11054902,296,11844,290,434,106841,2007-12-11 16:53:30,1,0,2019-02-01 23:02:57,"Former Daytona strip club owner suspended as attorney, accused of misappropriating $41,000 https://t.co/XFFFjS4v6V https://t.co/qipBF55TMv"
1091441888828293121,11054902,296,11844,290,434,106841,2007-12-11 16:53:30,2,0,2019-02-01 21:03:18,Volusia Councilwoman Heather Post: County breached settlement agreement https://t.co/i7s7zQ0IZS https://t.co/Pz4vrdlmCt
1091414047923339265,11054902,296,11844,290,434,106841,2007-12-11 16:53:30,3,0,2019-02-01 19:12:41,"RT @MarkHarper36: One of Donald Trump Jr.'s mysterious Trump Tower calls was to ... former NASCAR CEO Brian France, reports indicate. https…"
1091411546234933248,11054902,296,11844,290,434,106841,2007-12-11 16:53:30,2,3,2019-02-01 19:02:44,"Groundhog Day 2019: Facts, history and the story of Punxsutawney Phil https://t.co/F0QBcpo838 https://t.co/u9rxklNelF"
1091405149376073730,11054902,296,11844,290,434,106841,2007-12-11 16:53:30,0,0,2019-02-01 18:37:19,Super Bowl LIII preview: Breaking down the Patriots-Rams matchup https://t.co/OJlO3wakO8 https://t.co/jlBiG1ecds
1091404021632565249,11054902,296,11844,290,434,106841,2007-12-11 16:53:30,0,1,2019-02-01 18:32:50,Reports: One of Donald Trump Jr.'s mysterious calls was with former NASCAR chief Brian France… https://t.co/L3MfvsGrGz
1091396355103354880,11054902,296,11844,290,434,106841,2007-12-11 16:53:30,1,3,2019-02-01 18:02:22,Sarasota artist paints with lipstick and kisses https://t.co/pjNKArJgm4 https://t.co/mVRyh8rbld
1091388875216470016,11054902,296,11844,290,434,106841,2007-12-11 16:53:30,1,1,2019-02-01 17:32:39,Daytona man who tried to meet minors for sex gets prison https://t.co/bJkoVooGV4 https://t.co/75pd5ZjvuQ
1091380202742124547,11054902,296,11844,290,434,106841,2007-12-11 16:53:30,1,1,2019-02-01 16:58:11,Police identify man shot to death in DeLand; still seek killer https://t.co/RFy0Lcu6vo https://t.co/WIkEGWwyd6
1091372824621735947,11054902,296,11844,290,434,106841,2007-12-11 16:53:30,1,0,2019-02-01 16:28:52,Publix recalls popcorn chicken for 'foreign material' https://t.co/ThIS5yzwNm https://t.co/TiMt8n8nGY
1091364915858808832,11054902,296,11844,290,434,106841,2007-12-11 16:53:30,0,1,2019-02-01 15:57:27,DeSantis pitches $91.3 billion spending plan https://t.co/lvLzWxKiW5 https://t.co/jOUbwOAwwA
1091352352353906688,11054902,296,11844,290,434,106841,2007-12-11 16:53:30,0,0,2019-02-01 15:07:31,"US pulls out of landmark nuclear arms control treaty with Russia, raising concerns about new arms race… https://t.co/vIQIiC3B9L"
1091336083474927616,11054902,296,11844,290,434,106841,2007-12-11 16:53:30,0,1,2019-02-01 14:02:53,New Jersey Democratic Sen. Cory Booker launches 2020 bid https://t.co/f0KFdVXiiN https://t.co/DcQKFqJ9CS
1091330688916353024,11054902,296,11844,290,434,106841,2007-12-11 16:53:30,0,1,2019-02-01 13:41:26,"@DinahVP @Dustin_WyattNJ @FLDEPNews Hahaha, using a Pokemon in a Twitter thread about septic tanks."
1091318326570221568,11054902,296,11844,290,434,106841,2007-12-11 16:53:30,0,2,2019-02-01 12:52:19,"LETTERS: 'Please reconsider the route for this event."" https://t.co/9t0bTQCIfd https://t.co/atoVLfwiRj"
1091310762394562560,11054902,296,11844,290,434,106841,2007-12-11 16:53:30,0,1,2019-02-01 12:22:15,"FHP reports Deltona man in truck runs over, kills Orlando pedestrian https://t.co/W9ZKKvg7xp https://t.co/QUP16CdZfP"
1091299442806927360,11054902,296,11844,290,434,106841,2007-12-11 16:53:30,0,2,2019-02-01 11:37:17,Jackie Robinson at 100: Anniversary of his birth reminds all of his impact https://t.co/I7qEQ8hTHV https://t.co/4UhDqBu8lQ
1091290713864749056,11054902,296,11844,290,434,106841,2007-12-11 16:53:30,0,0,2019-02-01 11:02:36,The end of Common Core in Florida: Gov. DeSantis has made it so https://t.co/zDm9OuZFWP https://t.co/D0u7Pef91r
1091283044231712769,11054902,296,11844,290,434,106841,2007-12-11 16:53:30,0,0,2019-02-01 10:32:07,Port Orange's Thompson Pump selling rental portion of company to United Rentals https://t.co/HdmbhCU6J2 https://t.co/42uuQklEBB
1091275601133125637,11054902,296,11844,290,434,106841,2007-12-11 16:53:30,0,1,2019-02-01 10:02:32,Developer scraps deal to expand Daytona's Margaritaville https://t.co/lfQXTzIMKc https://t.co/OONcfi1aE7
1091171137457963013,11054902,296,11844,290,434,106841,2007-12-11 16:53:30,1,1,2019-02-01 03:07:26,"In reversal, Trump says he and intel chiefs on 'same page' https://t.co/h55ZDzRTQO https://t.co/1E1OVDuebz"
1091154829764902912,11054902,296,11844,290,434,106841,2007-12-11 16:53:30,0,0,2019-02-01 02:02:38,Loss of newspapers contributes to political polarization https://t.co/mys1eB0dcV https://t.co/fg3bOMx77p
1091139668538781697,11054902,296,11844,290,434,106841,2007-12-11 16:53:30,0,0,2019-02-01 01:02:24,Mold expert's Ops Center report 'inconclusive' https://t.co/2UAltnJMlH https://t.co/dvMlZHIZW1
1091129750867922944,11054902,296,11844,290,434,106841,2007-12-11 16:53:30,0,0,2019-02-01 00:22:59,"Police investigating person shot, killed in DeLand https://t.co/ZkMpcbmPw9 https://t.co/Jjpb9lKllk"
1091127067708669958,11054902,296,11844,290,434,106841,2007-12-11 16:53:30,0,0,2019-02-01 00:12:19,Storm recovery ongoing for Flagler's coquina coast https://t.co/Fu2fDGP4Ba https://t.co/mV1eFLCgEu
1091111674994671618,11054902,296,11844,290,434,106841,2007-12-11 16:53:30,1,1,2019-01-31 23:11:09,"Ormond sex offender, wife arrested in child porn investigation, deputies say https://t.co/bXRrUAdihk https://t.co/DLbhGRoSmi"
1091109401983942656,11054902,296,11844,290,434,106841,2007-12-11 16:53:30,0,0,2019-01-31 23:02:07,ICE force-feeding detainees on hunger strike https://t.co/hJ6CDW3moc https://t.co/Cyay4zNS1u
1091079103296487425,11054902,296,11844,290,434,106841,2007-12-11 16:53:30,5,8,2019-01-31 21:01:44,"Great white sharks off coast of Volusia, Flagler, North Florida https://t.co/Z40S5NzqHu https://t.co/Z2zPcZs5JK"
1091056391689785345,11054902,296,11844,290,434,106841,2007-12-11 16:53:30,0,0,2019-01-31 19:31:29,"DeLand-area man accused of abusing baby, causing brain damage https://t.co/g9NImGDUY4 https://t.co/9ST4gAREta"
1091048884208627712,11054902,296,11844,290,434,106841,2007-12-11 16:53:30,1,0,2019-01-31 19:01:39,"Recall expanded for infant ibuprofen sold at Walmart, CVS and Family Dollar https://t.co/H0HRnsRoLz https://t.co/ipm67h9N8A"
1091039629913006081,11054902,296,11844,290,434,106841,2007-12-11 16:53:30,2,0,2019-01-31 18:24:52,"RT @godwinkelly: With the @Rolex24Hours behind us and #Speedweeks coming at us like a freight train, @HeyWillieNJ and  @godwinkelly talk ab…"
1091037611047747585,11054902,296,11844,290,434,106841,2007-12-11 16:53:30,0,0,2019-01-31 18:16:51,MARK LANE: Beware of the would-be Instragram stars among us https://t.co/BE7pI8jxAC https://t.co/dE40r6ysoW
1091029953028734976,11054902,296,11844,290,434,106841,2007-12-11 16:53:30,0,0,2019-01-31 17:46:25,"State pauses spraying of exotic plants along St. Johns, other waterways https://t.co/SpTwgFTNtV https://t.co/g0Cow0VOxE"
1091023865843720196,11054902,296,11844,290,434,106841,2007-12-11 16:53:30,2,0,2019-01-31 17:22:14,RT @dbnjbiz: Port Orange's Thompson Pump sells 2/3 of business to United Rentals. $URI https://t.co/UHcA26Mv4Q
1091022969021911040,11054902,296,11844,290,434,106841,2007-12-11 16:53:30,3,0,2019-01-31 17:18:40,RT @TonyCrimeWriter: Volusia deputies are putting up yellow tape in the 600 block of Easy Street following reports of a shooting. https://t…
1091019076674224128,11054902,296,11844,290,434,106841,2007-12-11 16:53:30,0,0,2019-01-31 17:03:12,New bed &amp; breakfast builds on charm of Daytona's Beach Street https://t.co/XBbWrvGxYm https://t.co/pAzMtOG3Jm
1091011286438236160,11054902,296,11844,290,434,106841,2007-12-11 16:53:30,6,10,2019-01-31 16:32:15,"On Jackie Robinson's 100th birthday, a look back at his historic Daytona Beach game https://t.co/wfCZcdA5lO https://t.co/NEMdk2ftXv"
1091003673268969473,11054902,296,11844,290,434,106841,2007-12-11 16:53:30,0,0,2019-01-31 16:02:00,LUNCH BUNCH: Vessel Sandwich Co. offers a laid-back setting for upscale food https://t.co/CR2ncCO0G2 https://t.co/KK3iZgZ9UX
1090996108141174784,11054902,296,11844,290,434,106841,2007-12-11 16:53:30,1,1,2019-01-31 15:31:56,'Back to the Future' cast to reunite at Orlando's MegaCon in May https://t.co/hzQnXOILXT https://t.co/7sudqqagBg
1090958324936466433,11054902,296,11844,290,434,106841,2007-12-11 16:53:30,0,1,2019-01-31 13:01:48,Twisted Chopstick owner brings 'superfood' to DeLand https://t.co/6jfYsSPmkJ https://t.co/YHA0HqoRwZ
1090943280253149184,11054902,296,11844,290,434,106841,2007-12-11 16:53:30,1,1,2019-01-31 12:02:01,"Is it Batman? Spider-Man? No, it's a new police rope gun in Daytona https://t.co/Ybdfzv51tC https://t.co/ijFAJyHm0w"
1090935559613267973,11054902,296,11844,290,434,106841,2007-12-11 16:53:30,1,0,2019-01-31 11:31:20,Impact fees return to county meeting after request from building industry https://t.co/gRxpBIWtvw https://t.co/DUJ2sStFX4
1090924258270892034,11054902,296,11844,290,434,106841,2007-12-11 16:53:30,0,0,2019-01-31 10:46:26,24 apply for Flagler interim administrator job https://t.co/74PJrDqVWv https://t.co/y3Lz6MTkba
1090912939723423744,11054902,296,11844,290,434,106841,2007-12-11 16:53:30,0,0,2019-01-31 10:01:27,Parkland parents seek to weigh in on state liability for alleged negligence https://t.co/3K2TucdGZj https://t.co/hj1fQtVHof
1090777143146106880,11054902,296,11844,290,434,106841,2007-12-11 16:53:30,0,0,2019-01-31 01:01:51,24 apply for Flagler interim administrator job https://t.co/74PJrDqVWv https://t.co/tVViuzvxPl
1090764553883959296,11054902,296,11844,290,434,106841,2007-12-11 16:53:30,1,0,2019-01-31 00:11:49,Jake Owen to perform country hits before Daytona 500 https://t.co/15G9jTzpDy https://t.co/tzM4EvCNu9
1090747027124899840,11054902,296,11844,290,434,106841,2007-12-11 16:53:30,1,1,2019-01-30 23:02:11,"Future of Florida Medicaid cut impacting disabled, elderly uncertain https://t.co/YdO6xmlutC https://t.co/bvlKK0sHIC"
1090716787757498378,11054902,296,11844,290,434,106841,2007-12-11 16:53:30,0,3,2019-01-30 21:02:01,Volusia considers later starting time for high school day https://t.co/oZExDKLI2r https://t.co/ZtblcO2fcF
1090701680755265537,11054902,296,11844,290,434,106841,2007-12-11 16:53:30,1,0,2019-01-30 20:01:59,Mote Marine manatees pick Super Bowl winners https://t.co/5IRdCAVDIt https://t.co/NzFdITAEr7
1090671469930168320,11054902,296,11844,290,434,106841,2007-12-11 16:53:30,0,0,2019-01-30 18:01:56,"Flights canceled, offices close amid frigid Midwest weather https://t.co/VXeh1CzWan https://t.co/LrH8DyBC9v"
1090663792520937472,11054902,296,11844,290,434,106841,2007-12-11 16:53:30,0,0,2019-01-30 17:31:26,81-year-old pedestrian killed in Holly Hill after being struck by turning motorist https://t.co/1ffs6HVlLM https://t.co/tSHU6ESkGX
1090652764345196544,11054902,296,11844,290,434,106841,2007-12-11 16:53:30,2,1,2019-01-30 16:47:37,Daytona homeless lose beach hangout under pier https://t.co/xv1aoepi4w https://t.co/SrbE2eHWji
1090646463107997696,11054902,296,11844,290,434,106841,2007-12-11 16:53:30,0,2,2019-01-30 16:22:34,The circus and symphony combine in Daytona Beach performance https://t.co/7u7pFn6iQE https://t.co/JThpdVDkpx
1090643772533297152,11054902,296,11844,290,434,106841,2007-12-11 16:53:30,2,0,2019-01-30 16:11:53,RT @TonyCrimeWriter: 'Ninja Killer' of Flagler County arrested 29 years ago remains on death row https://t.co/yYmAYXIDos
1090639666481676288,11054902,296,11844,290,434,106841,2007-12-11 16:53:30,11,0,2019-01-30 15:55:34,"RT @SheriffChitwood: In the last year across Volusia County, we saw more than 1,000 drug overdoses, overdose deaths or deaths where drugs w…"
1090611078168526848,11054902,296,11844,290,434,106841,2007-12-11 16:53:30,1,0,2019-01-30 14:01:58,DEAR ABBY: Man seeking commitment finds casual sex instead https://t.co/B9jDGXawNL https://t.co/2KM0Tq4Ged
1090595921329618946,11054902,296,11844,290,434,106841,2007-12-11 16:53:30,1,0,2019-01-30 13:01:44,Florida couple clears out Taco Bell with WWII-era hand grenade https://t.co/1KxcFDjvIM https://t.co/UNpL1UIiW3
1090590764818673664,11054902,296,11844,290,434,106841,2007-12-11 16:53:30,1,1,2019-01-30 12:41:15,OUR VIEW: Find new ways to attract teachers https://t.co/7Qo1z3aGAP https://t.co/SXus6jwX79
1090573206770061312,11054902,296,11844,290,434,106841,2007-12-11 16:53:30,0,0,2019-01-30 11:31:29,'Ninja Killer' of Flagler County arrested 29 years ago remains on death row https://t.co/tJQhZIqJ1F https://t.co/Q0yV0ZMaYU
1090565747993206784,11054902,296,11844,290,434,106841,2007-12-11 16:53:30,0,0,2019-01-30 11:01:50,Recruiting Trail: Final week before signing day should be a frenzy https://t.co/lvowLksZnH https://t.co/OW99busXQE
1090558062358876160,11054902,296,11844,290,434,106841,2007-12-11 16:53:30,0,0,2019-01-30 10:31:18,Palm Coast woman on probation for shooting arrested again in gun incident https://t.co/dBrIMjIH23 https://t.co/j6it7X2Lbt
1090550560074420224,11054902,296,11844,290,434,106841,2007-12-11 16:53:30,0,0,2019-01-30 10:01:29,Massive Flagler dune restoration project enters final phase https://t.co/pgPil7e3j3 https://t.co/97vLuL0Chr
1090444922484862978,11054902,296,11844,290,434,106841,2007-12-11 16:53:30,1,0,2019-01-30 03:01:43,"SeaWorld whale Kayla, 30, dies; cause is a mystery https://t.co/13K51LcVx7 https://t.co/SZqkKWWJww"
1090429807333130240,11054902,296,11844,290,434,106841,2007-12-11 16:53:30,0,0,2019-01-30 02:01:39,Volusia leaders call for public participation in opioid fight https://t.co/NKeej9kFEm https://t.co/5hCoetLkUh
1090414764499570688,11054902,296,11844,290,434,106841,2007-12-11 16:53:30,1,0,2019-01-30 01:01:53,Ron DeSantis unveils 'war footing' budget plan for environment https://t.co/bzpok9kLS5 https://t.co/yjNSZX1CSb
1090402033448951808,11054902,296,11844,290,434,106841,2007-12-11 16:53:30,0,0,2019-01-30 00:11:18,Seven people arrested in Volusia County stolen property bust https://t.co/tx9wPPgEFl https://t.co/DGzUdktspS
1090384515212685312,11054902,296,11844,290,434,106841,2007-12-11 16:53:30,0,1,2019-01-29 23:01:41,"B-CU names finalists for president, stirs more controversy https://t.co/Yfmf2iDBWs https://t.co/WsaTeOSwKZ"
1090368027722477569,11054902,296,11844,290,434,106841,2007-12-11 16:53:30,1,3,2019-01-29 21:56:10,Former gubernatorial candidate Andrew Gillum to join CNN https://t.co/Uzn24HLuSl https://t.co/LBBsXyHM6r
1090363174157733896,11054902,296,11844,290,434,106841,2007-12-11 16:53:30,0,1,2019-01-29 21:36:53,"As the rest of the country is plunged into freezing temperatures, Charlotte and sister Madolyn hurry out of the col… https://t.co/Rbzg75rP5G"
1090354817560662016,11054902,296,11844,290,434,106841,2007-12-11 16:53:30,0,0,2019-01-29 21:03:40,The 2001 Daytona 500 - Inside Victory Lane - The Daytona 500 - https://t.co/UyKNSpQPfv https://t.co/wIMO1pkHXw https://t.co/1m8pekY2DN
1090351501040603140,11054902,296,11844,290,434,106841,2007-12-11 16:53:30,4,0,2019-01-29 20:50:30,"RT @PBalonaNJ: Deputies: 7 people arrested in stolen property bust took almost $298,000 from #DeLeonSprings home; even taking 50 pieces of…"
1090341674428043265,11054902,296,11844,290,434,106841,2007-12-11 16:53:30,2,0,2019-01-29 20:11:27,MARK LANE: Cities cut back on recycling; but how high can our trash mountain grow? https://t.co/DG8gUIno23 https://t.co/5F7XqOpITJ
1090339133782921216,11054902,296,11844,290,434,106841,2007-12-11 16:53:30,0,0,2019-01-29 20:01:21,MARK LANE: Cities cut back on recycling; but how high can our trash mountain grow? https://t.co/DG8gUIno23 https://t.co/ESd3eddLP3
1090324226588987392,11054902,296,11844,290,434,106841,2007-12-11 16:53:30,1,2,2019-01-29 19:02:07,Photos: See this $12 million Florida log home https://t.co/EHFYfgFA2M https://t.co/PWyWxoJwnb
1090309060539412481,11054902,296,11844,290,434,106841,2007-12-11 16:53:30,0,1,2019-01-29 18:01:51,State acts against Airbnb over West Bank policy https://t.co/Zm9X3rZTGp https://t.co/xKgOkOO5eo
1090301384136818688,11054902,296,11844,290,434,106841,2007-12-11 16:53:30,0,0,2019-01-29 17:31:21,Turn off FaceTime: Apple to fix bug that allows eavesdropping https://t.co/WMkDXxMKBf https://t.co/6hHbeDstVb
1090295313016020992,11054902,296,11844,290,434,106841,2007-12-11 16:53:30,0,3,2019-01-29 17:07:13,Minion attack in Daytona gets 'social media star' jail https://t.co/JSnDyN37gr https://t.co/VvuuWmHK8P
1090277512385581056,11054902,296,11844,290,434,106841,2007-12-11 16:53:30,0,0,2019-01-29 15:56:29,Elderly woman hit by vehicle in Holly Hill dies https://t.co/ivcuFn2zTs https://t.co/l5MxaerU4C
1090258547332562944,11054902,296,11844,290,434,106841,2007-12-11 16:53:30,0,0,2019-01-29 14:41:08,Federal employees return to backlog of work after 35-day shutdown https://t.co/g2x3d3xt8o https://t.co/GijYGn9hNx
1090233557325352961,11054902,296,11844,290,434,106841,2007-12-11 16:53:30,0,0,2019-01-29 13:01:50,Photos: Blacktip sharks https://t.co/orngFUzfWI https://t.co/iJyxEJnc2j
1090223316328165377,11054902,296,11844,290,434,106841,2007-12-11 16:53:30,0,0,2019-01-29 12:21:08,"Houston police: 5 officers hurt in shooting, 2 suspects dead https://t.co/SpL7ch3pST https://t.co/qdfF56ri8t"
1090203368117686272,11054902,296,11844,290,434,106841,2007-12-11 16:53:30,0,0,2019-01-29 11:01:52,"Mueller probe is 'close to being completed,' acting Attorney General says https://t.co/gODaouQ2lT https://t.co/ryDpA0Z2yq"
1090195818647302145,11054902,296,11844,290,434,106841,2007-12-11 16:53:30,0,0,2019-01-29 10:31:52,"US, Taliban inch closer to deal that could lead to American troop withdrawal from Afghanistan… https://t.co/k0mz0a8XJs"
1090188235685404673,11054902,296,11844,290,434,106841,2007-12-11 16:53:30,1,1,2019-01-29 10:01:44,Retired officer teaches life skills in University High criminal justice course https://t.co/cFB3x6mr2t https://t.co/xvXeMy5G9X
1090082488184201222,11054902,296,11844,290,434,106841,2007-12-11 16:53:30,1,1,2019-01-29 03:01:32,"Trump, Pelosi agree on Feb. 5 for State of the Union address https://t.co/gAXFfqUpSR https://t.co/Bz9wNMaMgd"
1090067450366963713,11054902,296,11844,290,434,106841,2007-12-11 16:53:30,1,0,2019-01-29 02:01:47,Police: 2 Daytona mothers arrested for leaving children in filthy homes https://t.co/9N8TeG5X0o https://t.co/iD8OEVsCuC
1090052347194212359,11054902,296,11844,290,434,106841,2007-12-11 16:53:30,0,1,2019-01-29 01:01:46,"ME STRONG set to hit 5,000 runners, $1M mark in Saturday’s 5K https://t.co/wLMiUXAzrV https://t.co/ChWzTjBgD7"
1090039618983153664,11054902,296,11844,290,434,106841,2007-12-11 16:53:30,0,0,2019-01-29 00:11:11,‘Depression’ forces closure of 1 westbound lane on Saxon Boulevard near I-4 in Deltona https://t.co/Kh1AoPkct2 https://t.co/Se0R8cD8aQ
1090039610544136192,11054902,296,11844,290,434,106841,2007-12-11 16:53:30,0,0,2019-01-29 00:11:09,Sunwing's first passengers touch down in Daytona https://t.co/zPCqiUkhw5 https://t.co/gSu0bMZL4i
1090022188781064192,11054902,296,11844,290,434,106841,2007-12-11 16:53:30,0,0,2019-01-28 23:01:56,WATCH: 'The Dude' meets Carrie Bradshaw in new Super Bowl ad https://t.co/w4MNiDmr12 https://t.co/b6n08HWNhM
1089992025846542339,11054902,296,11844,290,434,106841,2007-12-11 16:53:30,0,1,2019-01-28 21:02:04,TUNE IN TONIGHT: Chris Pine stars in 'I am the Night' on TBS and TNT https://t.co/GSUMl0ru4R https://t.co/EbKwkRfqko
1089976881187827714,11054902,296,11844,290,434,106841,2007-12-11 16:53:30,2,4,2019-01-28 20:01:53,4th endangered right whale calf spotted in Atlantic https://t.co/fTsXk32BY1 https://t.co/I9fau7GRih
1089962558541438976,11054902,296,11844,290,434,106841,2007-12-11 16:53:30,1,0,2019-01-28 19:04:59,"RT @DBNJSports: Super Bowl 2019: Kickoff time, who's playing and how to watch https://t.co/XGsqrCgTgw"
1089955606436499456,11054902,296,11844,290,434,106841,2007-12-11 16:53:30,0,0,2019-01-28 18:37:21,Correction's officer demoted after she is accused of shoplifting https://t.co/lGOfIkseG3 https://t.co/45kzGvPgTM
1089946646832730127,11054902,296,11844,290,434,106841,2007-12-11 16:53:30,0,0,2019-01-28 18:01:45,Caregivers at Texas zoo claim animals are being mistreated https://t.co/vENWoY7lqk https://t.co/0WfqAQmt0R
1089939001107189761,11054902,296,11844,290,434,106841,2007-12-11 16:53:30,0,0,2019-01-28 17:31:22,Teens continue Flagler Child Fair for third year https://t.co/A8SyWZcgw3 https://t.co/XKjuPIRoK7
1089931572441219079,11054902,296,11844,290,434,106841,2007-12-11 16:53:30,0,1,2019-01-28 17:01:51,Travel: Camping in shipping containers https://t.co/M6QLcBUh7C https://t.co/vP96wsiEtM
1089924125068591104,11054902,296,11844,290,434,106841,2007-12-11 16:53:30,0,0,2019-01-28 16:32:15,Photos: Anniversary of the Challenger explosion https://t.co/oDxIPQuGHS https://t.co/8AN6b92XGk
1089916445398654977,11054902,296,11844,290,434,106841,2007-12-11 16:53:30,1,0,2019-01-28 16:01:44,"Shark bites down, but Volusia County still leads the world https://t.co/5rwTvdlfyz https://t.co/YYdYDvgx0R"
1089914596410998786,11054902,296,11844,290,434,106841,2007-12-11 16:53:30,3,0,2019-01-28 15:54:24,RT @PBalonaNJ: #OrangeCity man charged with murder resulting from the distribution of a controlled substance. He is suspected of providing…
1089871235893420038,11054902,296,11844,290,434,106841,2007-12-11 16:53:30,0,0,2019-01-28 13:02:06,Trump rollbacks for fossil fuel industries carry steep cost https://t.co/R9lBnn6dZH https://t.co/MUZNZ7naIg
1089863520236261376,11054902,296,11844,290,434,106841,2007-12-11 16:53:30,0,0,2019-01-28 12:31:26,"Ormond mulls recycling rate hike, banning glass https://t.co/SZphMerkwv https://t.co/aErD4igpw5"
1089856196356517888,11054902,296,11844,290,434,106841,2007-12-11 16:53:30,0,0,2019-01-28 12:02:20,"LETTERS: ""A smoking ban is not to persecute smokers."" https://t.co/Ep7zUsFuBd https://t.co/6kFUdnMm2X"
1089848424348950529,11054902,296,11844,290,434,106841,2007-12-11 16:53:30,0,0,2019-01-28 11:31:27,Flagler Sheriff: Suspect in stolen car causes 3-hour standoff with deputies https://t.co/wfRguofTvS https://t.co/mEsO91PRUy
1089842234873298944,11054902,296,11844,290,434,106841,2007-12-11 16:53:30,0,1,2019-01-28 11:06:51,"Rain, cold, wind test endurance of Rolex 24 fans https://t.co/xMWs2gofPL https://t.co/RLbCXDc0Ap"
1089827071570993152,11054902,296,11844,290,434,106841,2007-12-11 16:53:30,0,0,2019-01-28 10:06:36,'Black Panther' wins top honor at 25th annual Screen Actors Guild Awards https://t.co/u4n7NpSqzB https://t.co/XIvwYVHuyg
1089710022261686278,11054902,296,11844,290,434,106841,2007-12-11 16:53:30,0,1,2019-01-28 02:21:29,PHOTOS: Images from the rainy final hours of the Rolex 24 at Daytona https://t.co/GYILTOMkku https://t.co/igxgxQqH1B
1089690006908817409,11054902,296,11844,290,434,106841,2007-12-11 16:53:30,0,1,2019-01-28 01:01:57,"Ahoy, matey! Legoland announces Pirate Island Hotel coming to Winter Haven theme park https://t.co/VYr1JtN9YC https://t.co/DlMYEhHVhK"
1089677241355849728,11054902,296,11844,290,434,106841,2007-12-11 16:53:30,0,3,2019-01-28 00:11:14,Rolex 24: Alonso and mates win at wet and wild Daytona https://t.co/lnX3cE03Cv https://t.co/T2umFbkhvb
