1094685254818787328,8249832,712,86324,2659,961,87839,2007-08-17 17:44:58,3,0,2019-02-10 19:51:17,"RT @shelbygrad: Wonderful @FresnoBee story about the man who built a black colony in the heart of the Central Valley, and the lesson that t…"
1094662004009164801,8249832,712,86324,2659,961,87839,2007-08-17 17:44:58,3,3,2019-02-10 18:18:54,Shooting homicide in downtown Fresno https://t.co/em6WzOtOg3
1094660532299157504,8249832,712,86324,2659,961,87839,2007-08-17 17:44:58,1,3,2019-02-10 18:13:03,"What to expect: Rain, snow, road closures in the Central Valley, foothills - and freezing temps
https://t.co/jg147KRAuq"
1094612900675756032,8249832,712,86324,2659,961,87839,2007-08-17 17:44:58,0,1,2019-02-10 15:03:47,"Enjoy great savings! Save up to $302 in coupon savings this Sunday. Pick up a copy at your local store, or sign up… https://t.co/5I60dv3BWQ"
1094467492250935296,8249832,712,86324,2659,961,87839,2007-08-17 17:44:58,9,15,2019-02-10 05:25:59,"Weather service issues another winter storm warning for Sierra as snow piles up

https://t.co/aFJOASMXcg"
1094440066682896387,8249832,712,86324,2659,961,87839,2007-08-17 17:44:58,3,2,2019-02-10 03:37:00,"Payday loans making a comeback? Lenders praise Trump proposal, consumer advocates worry https://t.co/xBFuD9Gn1G"
1094429160963956736,8249832,712,86324,2659,961,87839,2007-08-17 17:44:58,2,2,2019-02-10 02:53:40,"Stolen vehicle retrieved with help of automated license plate reader

https://t.co/QcRnuDUgTj"
1094419687557947392,8249832,712,86324,2659,961,87839,2007-08-17 17:44:58,0,5,2019-02-10 02:16:01,"Dog trains for avalanche rescue by playing ""hide and seek"" with buried patroller https://t.co/nJNTfMFDNL"
1094351986689011718,8249832,712,86324,2659,961,87839,2007-08-17 17:44:58,1,1,2019-02-09 21:47:00,Check out the deals being offered for #NationalPizzaDay https://t.co/tbdMQ5ygz1
1094332106120093696,8249832,712,86324,2659,961,87839,2007-08-17 17:44:58,4,14,2019-02-09 20:28:00,Texas students don wigs in tribute to late painter Bob Ross #BobRoss https://t.co/N7EtRTZ8Cy
1094316502642315264,8249832,712,86324,2659,961,87839,2007-08-17 17:44:58,3,15,2019-02-09 19:26:00,Sick of robocalls? This #California bill would force phone companies to crack down on them https://t.co/TQJpls5hw6
1094315496344825856,8249832,712,86324,2659,961,87839,2007-08-17 17:44:58,0,1,2019-02-09 19:22:00,"2020 rival defends Warren against Trump attack
https://t.co/IxKQLNiwYv"
1094305178407370757,8249832,712,86324,2659,961,87839,2007-08-17 17:44:58,0,2,2019-02-09 18:41:00,#Atwater offers police chief job to a law enforcement veteran with ties to central Valley https://t.co/p7Q5Vogojj
1094297355673890816,8249832,712,86324,2659,961,87839,2007-08-17 17:44:58,3,3,2019-02-09 18:09:55,"Woman arrested for alleged drunk driving while carrying a child on her lap
 https://t.co/NNeoPnNhBZ"
1094296369915846656,8249832,712,86324,2659,961,87839,2007-08-17 17:44:58,3,6,2019-02-09 18:06:00,Porch piracy would become a felony — if this #Texas bill becomes law https://t.co/EmvAxzlCUg
1094287562305224709,8249832,712,86324,2659,961,87839,2007-08-17 17:44:58,5,4,2019-02-09 17:31:00,"Atmospheric river could raise flood risk in #California, have dam operators on alert https://t.co/0e4b1HaWrr"
1094278250723987456,8249832,712,86324,2659,961,87839,2007-08-17 17:44:58,5,3,2019-02-09 16:54:00,"Man tried to rape office cleaner at gunpoint — until she disarmed him, #California cops say https://t.co/GhGXJvQoMG"
1094269443063115776,8249832,712,86324,2659,961,87839,2007-08-17 17:44:58,1,4,2019-02-09 16:19:00,Text and drive in #California and you could get a point on your license https://t.co/2MsHBaWV2a
1094260634844389376,8249832,712,86324,2659,961,87839,2007-08-17 17:44:58,1,0,2019-02-09 15:44:00,#Arizona wants care unit where patient was raped to stay open https://t.co/VGut5q4Zt9
1094234274587324417,8249832,712,86324,2659,961,87839,2007-08-17 17:44:58,0,3,2019-02-09 13:59:15,"Easton-based @RothMotorsports gets first win with new driver. Lemoore's @carson_macedo 9th, Kingsburg's… https://t.co/mQTXFnW728"
1094232818681491457,8249832,712,86324,2659,961,87839,2007-08-17 17:44:58,0,6,2019-02-09 13:53:28,Review by @JoshuaTehee and a photo gallery from @CraigKohlruss  https://t.co/coiAsgxJs3 https://t.co/NxAoX9pAhn
1094125184179527680,8249832,712,86324,2659,961,87839,2007-08-17 17:44:58,12,129,2019-02-09 06:45:46,".@KISSOnline performed Friday night at the Save Mart Center, which meant many in Fresno got to #Rock &amp; Roll All Nit… https://t.co/pgkeWkT0j0"
1094120487255367681,8249832,712,86324,2659,961,87839,2007-08-17 17:44:58,1,3,2019-02-09 06:27:06,"Fresno Police arrest two men during burglary and theft investigation

https://t.co/B9Dv048qBo"
1094089029274853376,8249832,712,86324,2659,961,87839,2007-08-17 17:44:58,0,2,2019-02-09 04:22:06,"Alleged felon struggles with getaway driving skills, gets stuck in river embankment

https://t.co/zrEdPhUuoq"
1094076672423403520,8249832,712,86324,2659,961,87839,2007-08-17 17:44:58,0,1,2019-02-09 03:33:00,Likely deal would give @POTUS fraction of desired #wall money https://t.co/LmAcM3Qxyw
1094075707683000320,8249832,712,86324,2659,961,87839,2007-08-17 17:44:58,1,0,2019-02-09 03:29:10,RT @JoshuaTehee: Spotted the band and they look a bit off? That’s Carman in the headlock obviously. @KISSOnline @savemartcenter #EndOfTheRo…
1094068871231873026,8249832,712,86324,2659,961,87839,2007-08-17 17:44:58,7,12,2019-02-09 03:02:00,It is really America’s worst city? #Mendota leaders dispute report’s labeling https://t.co/VwsM6cmrL2
1094063916567523329,8249832,712,86324,2659,961,87839,2007-08-17 17:44:58,1,1,2019-02-09 02:42:19,"Human remains found inside burnt vehicle in Fresno County town, deputies say

https://t.co/4boEiGVRLo"
1094061069591470080,8249832,712,86324,2659,961,87839,2007-08-17 17:44:58,2,2,2019-02-09 02:31:00,A 19-year-old man arrested on child molestation charge. He told #Porterville cops they were dating https://t.co/OGjUHTbk1j
1094053269582827521,8249832,712,86324,2659,961,87839,2007-08-17 17:44:58,2,5,2019-02-09 02:00:00,Home invasion mastermind gets 25 years. Brutal robbery harmed #Clovis children https://t.co/iQUNx4XV1I
1094045466659119105,8249832,712,86324,2659,961,87839,2007-08-17 17:44:58,9,11,2019-02-09 01:29:00,"Allensworth, only African American town of its kind, still a symbol for ‘what we can become’ #BlackHistoryMonth https://t.co/PRXvOpVISV"
1094037665316589569,8249832,712,86324,2659,961,87839,2007-08-17 17:44:58,0,1,2019-02-09 00:58:00,"Payday loans making a comeback? Lenders praise Trump proposal, consumer advocates worry https://t.co/xBFuD9Gn1G"
1094029864032583685,8249832,712,86324,2659,961,87839,2007-08-17 17:44:58,2,4,2019-02-09 00:27:00,"It never gets old. Paul Stanley, Gene Simmons are back in #Fresno tonight for a final @KISSOnline sendoff https://t.co/qHJyIsOifB"
1094022062643900416,8249832,712,86324,2659,961,87839,2007-08-17 17:44:58,0,3,2019-02-08 23:56:00,Another storm hitting southern Sierra. It’s been 20 years since we’ve seen one like it https://t.co/neYhZ4Onah
1094014261276364800,8249832,712,86324,2659,961,87839,2007-08-17 17:44:58,3,2,2019-02-08 23:25:00,Fresno State scholarship fund reaching critical point. How much trouble are Bulldogs in? https://t.co/ozhoC1AOvA
1094010696495357952,8249832,712,86324,2659,961,87839,2007-08-17 17:44:58,1,10,2019-02-08 23:10:50,Fashawn headlines downtown #Fresno’s annual music + beer festival #FresYesFest https://t.co/Nkx95ZZyl5
1094006459640082432,8249832,712,86324,2659,961,87839,2007-08-17 17:44:58,0,1,2019-02-08 22:54:00,"Ever heard of buzz buttons?  Think zombies, Pop Rocks and this #Fresno #TowerDistrict pop-up bar https://t.co/i0RR3NG1Gp"
1094003470036656128,8249832,712,86324,2659,961,87839,2007-08-17 17:44:58,0,0,2019-02-08 22:42:07,"#Update -&gt; #Madera police identify man shot and killed: Had #PTSD, left officers no options, chief says https://t.co/gn1162Q3Nx"
1093998658733907968,8249832,712,86324,2659,961,87839,2007-08-17 17:44:58,1,0,2019-02-08 22:23:00,"Vandal topples 15-foot crucifix, tears down art as churchgoers pray, #California cops say https://t.co/wfINhHlFp6"
1093990856846004224,8249832,712,86324,2659,961,87839,2007-08-17 17:44:58,5,2,2019-02-08 21:52:00,These schools are on the list of lowest-performing in California https://t.co/rPlRaRJJUm
1093983558723465216,8249832,712,86324,2659,961,87839,2007-08-17 17:44:58,1,2,2019-02-08 21:23:00,"Surgical team left sponge in patient, who later died. Redding hospital faces state fine https://t.co/IFIMxcrO9h"
1093983151922106368,8249832,712,86324,2659,961,87839,2007-08-17 17:44:58,3,2,2019-02-08 21:21:23,"#BreakingNews -&gt; Storms displace estimated 150 @YosemiteNPS employees, close Half Dome Village https://t.co/t7x8GcUdtq"
1093975254202867712,8249832,712,86324,2659,961,87839,2007-08-17 17:44:58,0,0,2019-02-08 20:50:00,Grab a soda and go: Convenience stores get more convenient https://t.co/E5hZMdhAl6
1093967455897116672,8249832,712,86324,2659,961,87839,2007-08-17 17:44:58,0,1,2019-02-08 20:19:01,Man fatally shot by #CHP on Interstate 5 in #KernCounty https://t.co/riIFVJVE3n https://t.co/Ie0M80tD2o
1093959579598123008,8249832,712,86324,2659,961,87839,2007-08-17 17:44:58,1,1,2019-02-08 19:47:43,#California prison guard shoots inmate after stabbing attack https://t.co/vwQy9DtGCo
1093951602535424005,8249832,712,86324,2659,961,87839,2007-08-17 17:44:58,3,2,2019-02-08 19:16:01,"Teen arrested in rape, murder of Modesto care home resident https://t.co/Wu6dkQbNHj"
1093940026977603584,8249832,712,86324,2659,961,87839,2007-08-17 17:44:58,14,38,2019-02-08 18:30:01,Wells says most bank systems are back up. But customers say payday isn’t starting well. #WellsFargo #WellsFargodown https://t.co/wCNazlqw9b
1093935937866760193,8249832,712,86324,2659,961,87839,2007-08-17 17:44:58,4,0,2019-02-08 18:13:46,"RT @Banteola_TheBee: The shade between Fresno and Clovis just got real. This NBA player sides with ‘Da No’
https://t.co/ue0Hg9dbCR"
1093933478985355264,8249832,712,86324,2659,961,87839,2007-08-17 17:44:58,0,2,2019-02-08 18:04:00,People line up for this cupcake truck everywhere it goes. Here’s why https://t.co/3eixN0QYrf
1093925426110427137,8249832,712,86324,2659,961,87839,2007-08-17 17:44:58,1,3,2019-02-08 17:32:00,"#Opinion -&gt; Arambula case has dragged on long enough. Time for DA to charge him, or let him be, writes columnist… https://t.co/pkIhRTTua9"
1093917624696680451,8249832,712,86324,2659,961,87839,2007-08-17 17:44:58,1,4,2019-02-08 17:01:00,"Man fatally shot after charging officers with knife, #Madera police say https://t.co/gn1162Q3Nx"
1093909894049067008,8249832,712,86324,2659,961,87839,2007-08-17 17:44:58,2,3,2019-02-08 16:30:17,"Man fatally shot after charging officers with knife, Madera police say
 https://t.co/gn1162Q3Nx"
1093907054882942976,8249832,712,86324,2659,961,87839,2007-08-17 17:44:58,0,1,2019-02-08 16:19:00,Rat invasion vexes staff at historic Los Angeles City Hall https://t.co/WmnGMxunpp
1093902021797777408,8249832,712,86324,2659,961,87839,2007-08-17 17:44:58,2,0,2019-02-08 15:59:00,Porn star who accused feminists of supporting child rape charged with sex abuse of a minor https://t.co/roeXTOMzYg
1093891452415938560,8249832,712,86324,2659,961,87839,2007-08-17 17:44:58,0,2,2019-02-08 15:17:00,#Arizona facility where incapacitated woman gave birth to shut down https://t.co/8HdFvZJtBl
1093705476481658880,8249832,712,86324,2659,961,87839,2007-08-17 17:44:58,0,1,2019-02-08 02:58:00,Bad Axe Throwing club opens in #Fresno with free weekend https://t.co/DbyDRi4P5d
1093698178682179584,8249832,712,86324,2659,961,87839,2007-08-17 17:44:58,0,1,2019-02-08 02:29:00,Hopes are high for @FresnoStateSB – despite rough season-opener against #UCLA #GoDogs https://t.co/8QxZCZy5J7
1093697675097239553,8249832,712,86324,2659,961,87839,2007-08-17 17:44:58,0,0,2019-02-08 02:27:00,#California #childcare providers renew push for collective bargaining rights https://t.co/uEfzvHaSuk
1093689873716994048,8249832,712,86324,2659,961,87839,2007-08-17 17:44:58,1,5,2019-02-08 01:56:00,Falling concrete shuts San Francisco Bay Area bridge https://t.co/h33uggJlXI
1093681820716146691,8249832,712,86324,2659,961,87839,2007-08-17 17:44:58,3,2,2019-02-08 01:24:00,#Fresno police catch 13-year-old alleged robber who terrorized victims with replica handgun https://t.co/KwodY3zBU0
1093674270708912129,8249832,712,86324,2659,961,87839,2007-08-17 17:44:58,1,8,2019-02-08 00:54:00,What’s your ‘chocolate wish’? This #Clovis bakery and candy shop can make it come true. https://t.co/unMDHtaJxH
1093666469597102080,8249832,712,86324,2659,961,87839,2007-08-17 17:44:58,1,2,2019-02-08 00:23:00,Title fight twist: @RAMIREZBOXING will see former trainer Freddie Roach in opposite corner https://t.co/YiyZK8I8CS
1093662027195637760,8249832,712,86324,2659,961,87839,2007-08-17 17:44:58,161,0,2019-02-08 00:05:21,RT @TomNiziol: Another zoomed in #snow cover comparison across The Sierra last year at this time vs this year.   2018 Statewide SWE 26% of…
1093661889962229761,8249832,712,86324,2659,961,87839,2007-08-17 17:44:58,1,1,2019-02-08 00:04:48,Police catch 13-year-old alleged robber who terrorized victims with replica handgun #crime https://t.co/KwodY3i0vq
1093658668363599872,8249832,712,86324,2659,961,87839,2007-08-17 17:44:58,2,3,2019-02-07 23:52:00,"Police seize pounds of meth, cocaine, heroin, pot at #Madera home https://t.co/jNVvyNI8Sx https://t.co/vNqNbAHZEu"
1093650866903617537,8249832,712,86324,2659,961,87839,2007-08-17 17:44:58,1,18,2019-02-07 23:21:00,Arena-sized a cappella: Pop group @PTXofficial coming to Save Mart Center in #Fresno https://t.co/Oonihk01zK
1093643069633622016,8249832,712,86324,2659,961,87839,2007-08-17 17:44:58,2,4,2019-02-07 22:50:01,"Cops find woman in labor on #California highway, deliver baby within minutes, #CHP says https://t.co/c6FARceHK1"
1093635264063377410,8249832,712,86324,2659,961,87839,2007-08-17 17:44:58,1,1,2019-02-07 22:19:00,Attorney says mental evaluation violated rights of man accused of killing #Newman cop https://t.co/9lewnn0dI0
1093627462511091712,8249832,712,86324,2659,961,87839,2007-08-17 17:44:58,0,1,2019-02-07 21:48:00,#Modesto woman on new physical competition TV show starring @TheRock https://t.co/gVRYIQehoT
1093619661332205574,8249832,712,86324,2659,961,87839,2007-08-17 17:44:58,1,3,2019-02-07 21:17:00,"#BlackFace furor envelops politicians, even #Gucci. But the list of offenders is long https://t.co/Z2Es061bDk"
1093619661227212800,8249832,712,86324,2659,961,87839,2007-08-17 17:44:58,1,3,2019-02-07 21:17:00,Rockers rejoice! @sammyhagar coming back to #Fresno and he’s bringing his super group  https://t.co/BZxsMczNo5
1093611859851251713,8249832,712,86324,2659,961,87839,2007-08-17 17:44:58,1,1,2019-02-07 20:46:00,@POTUS ‘open to talking about’ a change in tax law that is costing #Californians $12 billion https://t.co/Dzn5fhhbZ4
1093605326966812672,8249832,712,86324,2659,961,87839,2007-08-17 17:44:58,2,0,2019-02-07 20:20:02,"RT @FresnoBeeSports: Hall of Famer, former @SFGiants manager Frank Robinson dies at 83 https://t.co/OxblZMpImG"
1093604058605047808,8249832,712,86324,2659,961,87839,2007-08-17 17:44:58,0,0,2019-02-07 20:15:00,@clovisusd police officer seen taking a student to the ground on video. District will investigate https://t.co/O9jdhD3uEz
1093599706092003329,8249832,712,86324,2659,961,87839,2007-08-17 17:44:58,2,2,2019-02-07 19:57:42,#UPDATE -&gt; Suspect in custody after threat to student briefly locks down #Clovis High campus https://t.co/syyqkRHXk2
1093596256855707648,8249832,712,86324,2659,961,87839,2007-08-17 17:44:58,2,1,2019-02-07 19:44:00,More errors at the #DMV: Thousands of customers can’t get licenses after paying early https://t.co/wwBvNTV5xU
1093588455706296320,8249832,712,86324,2659,961,87839,2007-08-17 17:44:58,2,3,2019-02-07 19:13:00,"Valet comes to the rescue as downtown LA robber attacks woman from behind, video shows https://t.co/mEIXz5jkP1"
1093581016734650368,8249832,712,86324,2659,961,87839,2007-08-17 17:44:58,2,1,2019-02-07 18:43:26,Police investigate threat at #Clovis High against student https://t.co/syyqkRHXk2
1093579143957045249,8249832,712,86324,2659,961,87839,2007-08-17 17:44:58,1,1,2019-02-07 18:36:00,"The claw, the corn hole and the Canadian flick – #Fresno ax-throwing club opens this weekend https://t.co/sy6R36IreY"
1093571343487025152,8249832,712,86324,2659,961,87839,2007-08-17 17:44:58,1,0,2019-02-07 18:05:00,"The government has been short on details about how many people are still waiting to be paid.
https://t.co/1BNbdLiEW9"
1093550026280726535,8249832,712,86324,2659,961,87839,2007-08-17 17:44:58,2,6,2019-02-07 16:40:18,"Two drive into Tower District market, run away. Video shows aftermath https://t.co/VWcHRFynx0"
1093509687520022528,8249832,712,86324,2659,961,87839,2007-08-17 17:44:58,2,4,2019-02-07 14:00:00,Trump is making a move to re-energize evangelical voters whose support will be vital in heading off any possible 20… https://t.co/5Gqp7afF22
1093385115500195842,8249832,712,86324,2659,961,87839,2007-08-17 17:44:58,2,1,2019-02-07 05:45:00,"Virginia's top leaders are all in hot water -- and the controversy shows no signs of letting up. 
https://t.co/9Nf5dJVqFM"
1093362470419218432,8249832,712,86324,2659,961,87839,2007-08-17 17:44:58,0,2,2019-02-07 04:15:01,Unique perspectives on Bulldogs' latest football additions. https://t.co/87UyTCzbJi
1093354413442428929,8249832,712,86324,2659,961,87839,2007-08-17 17:44:58,0,1,2019-02-07 03:43:00,#Video captures ‘risky’ rescue after off-leash #dog falls into deep #SanDiego sinkhole https://t.co/n7j3suCeTE
1093351239138476032,8249832,712,86324,2659,961,87839,2007-08-17 17:44:58,1,9,2019-02-07 03:30:23,"Trespassing at Chukchansi Park leads to father-son reunion

https://t.co/beWwVIdKZB"
1093338810367131648,8249832,712,86324,2659,961,87839,2007-08-17 17:44:58,0,1,2019-02-07 02:41:00,Metal rockers with #Modesto roots up for #GrammyAward on Sunday https://t.co/fPn55Wtx3S
1093328744306098183,8249832,712,86324,2659,961,87839,2007-08-17 17:44:58,0,0,2019-02-07 02:01:00,"Need to tie your shoes, there’s an #app for that. The #KentuckyWildcats just used it https://t.co/4aNyp1ydiF"
1093325724319170560,8249832,712,86324,2659,961,87839,2007-08-17 17:44:58,2,5,2019-02-07 01:49:00,"‘Where do we start?’ #Modesto #CHP posts an eyebrow-raising, head scratcher of a #photo https://t.co/5Tv9oip6hj"
1093318350002765824,8249832,712,86324,2659,961,87839,2007-08-17 17:44:58,2,3,2019-02-07 01:19:42,SF officials evacuated several nearby buildings https://t.co/ExWOc7lEHe
1093302320023126018,8249832,712,86324,2659,961,87839,2007-08-17 17:44:58,1,0,2019-02-07 00:16:00,Stay tuned for more by Tim Sheehan about how high rents impact low income renters -- and what leaders are doing abo… https://t.co/urAxcBuTMJ
1093302319913922560,8249832,712,86324,2659,961,87839,2007-08-17 17:44:58,1,1,2019-02-07 00:16:00,#Gas line #explosion in #SanFrancisco sets buildings on fire https://t.co/ExWOc7lEHe
1093294518781255682,8249832,712,86324,2659,961,87839,2007-08-17 17:44:58,1,2,2019-02-06 23:45:00,It’s a #crime to refuse to help the #police in #California. This bill could change that. https://t.co/leu5oJb9Xc
1093292002077073408,8249832,712,86324,2659,961,87839,2007-08-17 17:44:58,1,2,2019-02-06 23:35:00,"The right approach to a proposed industrial park
https://t.co/FPKNCrR6YG"
1093285658855161857,8249832,712,86324,2659,961,87839,2007-08-17 17:44:58,1,4,2019-02-06 23:09:47,#ICYMI https://t.co/XBA5qXchRZ
1093276399367008258,8249832,712,86324,2659,961,87839,2007-08-17 17:44:58,1,1,2019-02-06 22:33:00,#RobertRedford just sold this secluded #Napa wine country home in St. Helena for $7 million https://t.co/LGn7SM2kLw
1093268598037065729,8249832,712,86324,2659,961,87839,2007-08-17 17:44:58,1,1,2019-02-06 22:02:00,"#College athletes could soon get paid in #California, but not from the @NCAA https://t.co/BMrqy0SoeQ"
1093260796866510848,8249832,712,86324,2659,961,87839,2007-08-17 17:44:58,0,1,2019-02-06 21:31:00,"#CalPERS and other big pension funds are getting more conservative, report says https://t.co/xBUkGQIgbV"
1093252743354032130,8249832,712,86324,2659,961,87839,2007-08-17 17:44:58,0,0,2019-02-06 20:59:00,Will Clavo slaying suspect be tried as adult after all? Trial on hold as new law scrutinized https://t.co/0MsQK4Par0
1093245948984201217,8249832,712,86324,2659,961,87839,2007-08-17 17:44:58,1,2,2019-02-06 20:32:00,#FactCheck: Did #SanDiego build a #wall and end #illegal #border crossings? https://t.co/7oFANI3og4
1093239158045208576,8249832,712,86324,2659,961,87839,2007-08-17 17:44:58,1,3,2019-02-06 20:05:01,You might recognize who's behind the menu https://t.co/0DpBQvnkAo
1093238147238944768,8249832,712,86324,2659,961,87839,2007-08-17 17:44:58,0,4,2019-02-06 20:01:00,"#California #Democrats are ‘excited’ about @KamalaHarris. But they like @JoeBiden, too https://t.co/NyfWTaOO8S"
1093229339431366663,8249832,712,86324,2659,961,87839,2007-08-17 17:44:58,2,7,2019-02-06 19:26:00,#California National Guard to #transgender troops: ‘Nobody’s going to kick you out’ https://t.co/5ORLyHzLUs
1093221537950429190,8249832,712,86324,2659,961,87839,2007-08-17 17:44:58,1,0,2019-02-06 18:55:00,High court upholds #texting #suicide manslaughter conviction https://t.co/t3Hc73pYPV
1093217056923648000,8249832,712,86324,2659,961,87839,2007-08-17 17:44:58,3,3,2019-02-06 18:37:12,"Becerra’s remarks came during a rare Spanish-language rebuttal of Trump’s State of the Union address.
https://t.co/f4yyGFJQmB"
1093213736280588289,8249832,712,86324,2659,961,87839,2007-08-17 17:44:58,1,1,2019-02-06 18:24:00,"Dad found baby eating #heroin bags as his mom was overdosing, #Pennsylvania #police say https://t.co/bWtlNP2HBc"
1093206784427225088,8249832,712,86324,2659,961,87839,2007-08-17 17:44:58,2,6,2019-02-06 17:56:22,"It's cold outside. So maybe you're not in the mood for a #frozen treat. But it's #FrozenYogurtDay, which means… https://t.co/MGN1T5H0Ch"
1093194490653814785,8249832,712,86324,2659,961,87839,2007-08-17 17:44:58,5,2,2019-02-06 17:07:31,#Priest finds #Nazi #swastika and Hitler photo on pillow he ordered from @Walmart https://t.co/XPcQY4duMO
1093189577433587714,8249832,712,86324,2659,961,87839,2007-08-17 17:44:58,2,4,2019-02-06 16:48:00,Ten Dog Pound gang members in #Fresno sentenced to federal prison for murder conspiracy https://t.co/HDqztjm7nX
1093181776028229632,8249832,712,86324,2659,961,87839,2007-08-17 17:44:58,1,1,2019-02-06 16:17:00,They fell in love at Applebee’s. Now this #Clovis couple is opening their own restaurant https://t.co/bpyRmCoEU0
1093174225974775809,8249832,712,86324,2659,961,87839,2007-08-17 17:44:58,2,2,2019-02-06 15:47:00,"‘Tons of trash’ on #California beaches after storms wash up diapers, needles, couch https://t.co/g2qAUX0WL6"
1093166425080979457,8249832,712,86324,2659,961,87839,2007-08-17 17:44:58,1,2,2019-02-06 15:16:00,This baby otter ended up a mile away from its mom. A team of experts helped them reunite https://t.co/POoplfKdNp
1093162650215813120,8249832,712,86324,2659,961,87839,2007-08-17 17:44:58,0,3,2019-02-06 15:01:00,Why fixing a common defect in #preemies no longer requires cutting open tiny chests https://t.co/pIaoOGKuf4
1093025868245491712,8249832,712,86324,2659,961,87839,2007-08-17 17:44:58,4,2,2019-02-06 05:57:29,"Elementary school student threatens to bring semi-automatic rifle to school

https://t.co/5b3XQeMYjV"
1093025244585971717,8249832,712,86324,2659,961,87839,2007-08-17 17:44:58,2,3,2019-02-06 05:55:00,"TJ Cox’s guest to the State of the Union was impacted by the government shutdown
https://t.co/Vz9mGmmwDD"
1093019387131453441,8249832,712,86324,2659,961,87839,2007-08-17 17:44:58,1,4,2019-02-06 05:31:43,"Look how these people tried to mail drugs to a local jail. A dog sniffed out one plan

https://t.co/8cHeQRYxFJ"
1092984223797932032,8249832,712,86324,2659,961,87839,2007-08-17 17:44:58,2,5,2019-02-06 03:12:00,.@WillieNelson wants to add some #CBD oil to your morning #coffee — at $36 a bag https://t.co/loaa1LEZdQ
1092979380794486785,8249832,712,86324,2659,961,87839,2007-08-17 17:44:58,2,3,2019-02-06 02:52:45,"CHP investigating death on Highway 180; traffic snarled

https://t.co/pplCnJ65C7"
1092976422509936640,8249832,712,86324,2659,961,87839,2007-08-17 17:44:58,1,1,2019-02-06 02:41:00,#Chicago police have no record of pilot in #California crash https://t.co/xfRjvQo1uA
1092975149849006080,8249832,712,86324,2659,961,87839,2007-08-17 17:44:58,17,0,2019-02-06 02:35:56,RT @MarekTheBee: Look at all that snow! @China_Peak is reporting 7-11 feet from the latest storms. https://t.co/IILFALybh2
1092969124425281538,8249832,712,86324,2659,961,87839,2007-08-17 17:44:58,1,2,2019-02-06 02:12:00,A #dog fell into a 40-foot-deep cavern of ice and #snow. Watch him reunite with owner https://t.co/nlDf4H83Aq
1092965349518180352,8249832,712,86324,2659,961,87839,2007-08-17 17:44:58,0,0,2019-02-06 01:57:00,Some #Fresno council members criticize Bredefeld’s ‘divisive’ tweets. He doubles down https://t.co/1AfbYSTHPv
1092961530235183104,8249832,712,86324,2659,961,87839,2007-08-17 17:44:58,0,3,2019-02-06 01:41:49,Hear Kamala Harris’ pre-State of the Union remarks #StateOfTheUnion #SOTU @KamalaHarris https://t.co/ArEErrJDrU
1092960819657158657,8249832,712,86324,2659,961,87839,2007-08-17 17:44:58,0,3,2019-02-06 01:39:00,Investigation into women’s lacrosse at @FSAthletics completed; no rules violations found #GoDogs https://t.co/ah3HYR28fy
1092953021653213184,8249832,712,86324,2659,961,87839,2007-08-17 17:44:58,1,5,2019-02-06 01:08:01,Rain and snow in the Valley let up but the freezing temperatures are here to stay https://t.co/SWHminyvVv
1092947733634260992,8249832,712,86324,2659,961,87839,2007-08-17 17:44:58,3,10,2019-02-06 00:47:00,"#Opinion: Bredefeld’s Tweetstorm reveals his true character. Which isn’t necessarily a bad thing, writes columnist… https://t.co/hJ3OCzkvZB"
1092937415730384896,8249832,712,86324,2659,961,87839,2007-08-17 17:44:58,5,15,2019-02-06 00:06:00,"Man being bitten in the face by a mountain lion kills it with his bare hands, #Colorado officials say https://t.co/FhBVCnS48m"
1092929614211502080,8249832,712,86324,2659,961,87839,2007-08-17 17:44:58,0,3,2019-02-05 23:35:00,#Democrats took the House. Now they want to save #California’s clean car rules from @realDonaldTrump https://t.co/FCoFyeWc56
1092921813426933762,8249832,712,86324,2659,961,87839,2007-08-17 17:44:58,0,5,2019-02-05 23:04:00,"It never gets old. Paul Stanley, Gene Simmons are back in Fresno for a final @KISSOnline sendoff with #EndOfTheRoad… https://t.co/giu3UjxeOw"
1092914011295735808,8249832,712,86324,2659,961,87839,2007-08-17 17:44:58,1,3,2019-02-05 22:33:00,Rotten food allegations in eastern #Madera County prompt changes from Food Bank https://t.co/NA7YLqwkBI
1092897905726406656,8249832,712,86324,2659,961,87839,2007-08-17 17:44:58,0,1,2019-02-05 21:29:00,#Livingston-based @FosterFarms in talks with @TysonFoods over potential $2B deal https://t.co/ja4qvaDbKu
1092882302307168256,8249832,712,86324,2659,961,87839,2007-08-17 17:44:58,1,1,2019-02-05 20:27:00,‘This has destroyed my life.’ Tensions run high at molestation hearing in #Merced https://t.co/2082xopUpt
1092874501296132096,8249832,712,86324,2659,961,87839,2007-08-17 17:44:58,4,11,2019-02-05 19:56:00,8-year-old Myrtle Beach girl has had 8 surgeries. Now she is @Raiders' @derekcarrqb hero https://t.co/CG6snREp4r
1092868965272092677,8249832,712,86324,2659,961,87839,2007-08-17 17:44:58,0,6,2019-02-05 19:34:00,"‘Y’all, it’s snowing in San Jose!’ #Californians react to #snowcappedmountains in some unusual places https://t.co/Y0hnZW9wiG"
1092861163703013382,8249832,712,86324,2659,961,87839,2007-08-17 17:44:58,3,4,2019-02-05 19:03:00,Former @NFL player @TroyVincent23 keynote speaker for @MarjareeMason fundraiser https://t.co/w73enyy7jI
1092853361903169536,8249832,712,86324,2659,961,87839,2007-08-17 17:44:58,0,0,2019-02-05 18:32:00,"Look at all the heart-shaped foods you can get in #Fresno, plus ‘Valentacos’ #ValentinesDay #ValentinesDay2019… https://t.co/LrEIl9q9UM"
1092845560397090816,8249832,712,86324,2659,961,87839,2007-08-17 17:44:58,3,5,2019-02-05 18:01:00,"#Fresno’s record on naturalizing U.S. citizens isn’t just bad — it’s among the worst, says study https://t.co/WyKlJ0dZVZ"
1092835494210297856,8249832,712,86324,2659,961,87839,2007-08-17 17:44:58,0,0,2019-02-05 17:21:00,#RecallAlert: The pita chips in the bags aren’t Simply Naked. That can be a fatal problem https://t.co/xmPyfK5ecs
1092831722679357440,8249832,712,86324,2659,961,87839,2007-08-17 17:44:58,4,3,2019-02-05 17:06:01,#Fresno police officer Phia Vang killed by wrong-way driver on 180 https://t.co/PAPPVGAEo7
1092827925353705478,8249832,712,86324,2659,961,87839,2007-08-17 17:44:58,1,0,2019-02-05 16:50:55,Wild ride: 60 Tule elk moved San Luis refuge near Los Banos — using a net gun and a helicopter https://t.co/Nl47JF1Yrg
1092806804868804608,8249832,712,86324,2659,961,87839,2007-08-17 17:44:58,1,2,2019-02-05 15:27:00,Neighbors: Plane ‘sounded like a missile’ as it broke apart https://t.co/xQgJN9pCFA
1092659763215663105,8249832,712,86324,2659,961,87839,2007-08-17 17:44:58,0,0,2019-02-05 05:42:42,"Heavy snow closes highways inside @YosemiteNPS, officials say https://t.co/LhzMHJafNl"
1092633274319433728,8249832,712,86324,2659,961,87839,2007-08-17 17:44:58,6,3,2019-02-05 03:57:27,Wrong-way driver killed on impact on Highway 180 east of #Fresno after crashing into six vehicles https://t.co/arz2OgEL2c
1092630141157675008,8249832,712,86324,2659,961,87839,2007-08-17 17:44:58,3,1,2019-02-05 03:45:00,"Three men walking in southeast #Fresno shot at by people in passing car, police say https://t.co/hk08WqW7Ab"
1092622339311837185,8249832,712,86324,2659,961,87839,2007-08-17 17:44:58,1,1,2019-02-05 03:14:00,#Visalia teen arrested after allegedly threatening to shoot up high school https://t.co/78KdMkNdqR
1092614537830776833,8249832,712,86324,2659,961,87839,2007-08-17 17:44:58,2,5,2019-02-05 02:43:00,"#Fresno councilman unleashes Tweetstorm on ‘toxic masculinity,’ abortion https://t.co/Ga86A3gCCk"
1092606736501035008,8249832,712,86324,2659,961,87839,2007-08-17 17:44:58,0,1,2019-02-05 02:12:00,Irate gamblers are at a loss after @MsGladysKnight’s #nationalanthem at #SuperBowl53 https://t.co/NRw35LelVx
1092598935317856256,8249832,712,86324,2659,961,87839,2007-08-17 17:44:58,2,5,2019-02-05 01:41:00,9-year-old best friends from #Texas turn on the waterworks in #SuperBowl commercial https://t.co/uKdBIoCIZP
1092591133891354625,8249832,712,86324,2659,961,87839,2007-08-17 17:44:58,0,0,2019-02-05 01:10:00,@FresnoStateFB gets a break for first time in five years: no back-to-back conference road games #GoDogs #MWFB https://t.co/J1Eg830bt6
1092583332376969216,8249832,712,86324,2659,961,87839,2007-08-17 17:44:58,2,1,2019-02-05 00:39:00,12-year-old #Fresno County boy who died from gunshot wound identified https://t.co/xCgcVb8IXQ
1092580272715968512,8249832,712,86324,2659,961,87839,2007-08-17 17:44:58,11,0,2019-02-05 00:26:50,RT @NWSHanford: 4:15 PM: We have allowed the Tornado Warning to expire that has been associated with the storm in eastern Fresno County. Th…
1092576034254278657,8249832,712,86324,2659,961,87839,2007-08-17 17:44:58,1,1,2019-02-05 00:10:00,#SouthernCalifornia sinkhole devours excavator — and driver: ‘I thought I got a flat’ https://t.co/d02omIlE6D
1092573266173153282,8249832,712,86324,2659,961,87839,2007-08-17 17:44:58,0,1,2019-02-04 23:59:00,.@realDonaldTrump taps ex-#California water lobbyist for Cabinet. Critics call him a ‘swamp creature’ https://t.co/GTZq2Dw1eT
1092568232895176706,8249832,712,86324,2659,961,87839,2007-08-17 17:44:58,2,7,2019-02-04 23:39:00,"#Madera DA files charges against man after 9-year-old girl shot by cousin, 5 https://t.co/kPbHcurQyd"
1092566060337815552,8249832,712,86324,2659,961,87839,2007-08-17 17:44:58,14,8,2019-02-04 23:30:22,#BreakingNews -&gt; National Weather Service issues #tornado warning for area southeast of #Fresno https://t.co/kUFUQuboRL
1092565464679628802,8249832,712,86324,2659,961,87839,2007-08-17 17:44:58,4,5,2019-02-04 23:28:00,More than 100 #CampFire victims are being tossed off their properties. Here’s why https://t.co/96O3O2ssxj
1092562954812194817,8249832,712,86324,2659,961,87839,2007-08-17 17:44:58,1,2,2019-02-04 23:18:01,"#Californians don’t have have enough #doctors. Here’s how to fix that by #2030, panel says https://t.co/jRau6Ma9D5"
1092560431573622784,8249832,712,86324,2659,961,87839,2007-08-17 17:44:58,2,4,2019-02-04 23:08:00,"#ICYMI: This new #Fresno #restaurant has #Filipino food, boba tea, purple waffles – and #Spam https://t.co/owGmlbUpqZ"
1092552629924782081,8249832,712,86324,2659,961,87839,2007-08-17 17:44:58,2,9,2019-02-04 22:37:00,"#KindnessMatters: 8-year-old was embarrassed after losing his hair, so his classmates lost theirs, too https://t.co/BAxaw8xHKq"
1092544325647360000,8249832,712,86324,2659,961,87839,2007-08-17 17:44:58,9,25,2019-02-04 22:04:00,#ICYMI: Woman waves from #Fresno overpass in hopes of spreading joy to passing motorists https://t.co/CS1Q9CQTDn
1092540047813984257,8249832,712,86324,2659,961,87839,2007-08-17 17:44:58,2,2,2019-02-04 21:47:00,He was firing a gun at a #Fresno mall when he walked up on a police officer https://t.co/Os6nbjq7cz
1092537030972661761,8249832,712,86324,2659,961,87839,2007-08-17 17:44:58,0,1,2019-02-04 21:35:01,Attorney for Bullard trustee says @fresnounified has been ‘politically motivated’ in dealing with Slatic https://t.co/y4D3JC1LyB
1092534064718831616,8249832,712,86324,2659,961,87839,2007-08-17 17:44:58,1,1,2019-02-04 21:23:13,@georgelopez bringing ‘The Wall’ comedy tour to #Fresno https://t.co/geiviqpNik
1092529226094305281,8249832,712,86324,2659,961,87839,2007-08-17 17:44:58,0,0,2019-02-04 21:04:00,"#Bitcoin investors may be out $190 million after the only guy with the password dies, firm says https://t.co/gPWsTmue7j"
1092521424877768704,8249832,712,86324,2659,961,87839,2007-08-17 17:44:58,3,2,2019-02-04 20:33:00,"Plane crashes into #SuperBowl party at #California home, leaving five dead, #police say https://t.co/11QFRsyf5o"
1092513623329595394,8249832,712,86324,2659,961,87839,2007-08-17 17:44:58,1,4,2019-02-04 20:02:00,Elephant #seals took over a #California #beach during #shutdown. Now you can visit them https://t.co/NgvpHeBiw2
1092505321690476544,8249832,712,86324,2659,961,87839,2007-08-17 17:44:58,0,1,2019-02-04 19:29:01,#California’s retail #marijuana industry is struggling. Will tax breaks and banks help? https://t.co/VF2AF3CPL4
1092497516749148161,8249832,712,86324,2659,961,87839,2007-08-17 17:44:58,2,1,2019-02-04 18:58:00,"#Florida man kills in-laws after posing as their murdered daughter for a year, #cops say https://t.co/JTPLDTzsb9"
1092476629396316162,8249832,712,86324,2659,961,87839,2007-08-17 17:44:58,1,2,2019-02-04 17:35:00,#RIP: ‘Young and the Restless’ actor Kristoff St. John dead at 52 https://t.co/2EKkMfHqyR
1092474112671432705,8249832,712,86324,2659,961,87839,2007-08-17 17:44:58,0,1,2019-02-04 17:25:00,‘I’m the boss’: #Lawsuit alleges #CHP officer choked suspect twice after traffic stop https://t.co/9VeLh3jeWF
1092466581144252417,8249832,712,86324,2659,961,87839,2007-08-17 17:44:58,0,0,2019-02-04 16:55:04,#California doctors put on alert for spread of #measles from other states https://t.co/y5ZDcalWjG
1092306555389628416,8249832,712,86324,2659,961,87839,2007-08-17 17:44:58,3,9,2019-02-04 06:19:11,.@NWSHanford issues winter storm warning. https://t.co/eqO3Vjxqn7
1092267771650555904,8249832,712,86324,2659,961,87839,2007-08-17 17:44:58,1,0,2019-02-04 03:45:04,"Defenses dominated what was supposed to be a super shootout.

Here's everything you need to know about the… https://t.co/DqOPdwukJc"
1092257690041016321,8249832,712,86324,2659,961,87839,2007-08-17 17:44:58,0,0,2019-02-04 03:05:01,@GavinNewsom has announced sweeping proposals to expand health coverage in California. With the launch of Uncovered… https://t.co/jyEDk0B8cY
1092212639722131458,8249832,712,86324,2659,961,87839,2007-08-17 17:44:58,1,4,2019-02-04 00:06:00,Will @maroon5’s #SuperBowl halftime show be ‘Sweet Victory’ for @SpongeBob fans? https://t.co/8j985ykNzE
1092163902777876480,8249832,712,86324,2659,961,87839,2007-08-17 17:44:58,2575,0,2019-02-03 20:52:20,"RT @ByRosenberg: The Seattle Times changed course to focus on stories that drive subscriptions - not clicks. Now we're at 41,000 digital su…"
1092154506920382465,8249832,712,86324,2659,961,87839,2007-08-17 17:44:58,1,1,2019-02-03 20:15:00,"#SuperBowl: What time it starts, where to watch, what to expect at halftime and more https://t.co/756xMQeSOR"
1092135884198166533,8249832,712,86324,2659,961,87839,2007-08-17 17:44:58,0,1,2019-02-03 19:01:00,California could insure many more people — but it could come at a steep price. Read the first story from our newly… https://t.co/YaVDCfguwp
1092126824409161728,8249832,712,86324,2659,961,87839,2007-08-17 17:44:58,0,2,2019-02-03 18:25:00,‘I’m coming home.’ #Georgia native @MsGladysKnight will sing national anthem at #SuperBowl https://t.co/6yuAvnBFNk
1092120785014194178,8249832,712,86324,2659,961,87839,2007-08-17 17:44:58,3,5,2019-02-03 18:01:00,"As California wildfires grew, so did PG&amp;E lobbying spending https://t.co/KzGEOCLalF"
1092120398496296960,8249832,712,86324,2659,961,87839,2007-08-17 17:44:58,2,1,2019-02-03 17:59:28,"Police decided not to chase him but captured him anyway 
https://t.co/YzgwRMGh6y"
1092111724893753347,8249832,712,86324,2659,961,87839,2007-08-17 17:44:58,0,2,2019-02-03 17:25:00,‘I’m coming home.’ #Georgia native @MsGladysKnight will sing national anthem at #SuperBowl https://t.co/NX0od6Rcws
1092108201724649472,8249832,712,86324,2659,961,87839,2007-08-17 17:44:58,0,1,2019-02-03 17:11:00,REALLY #bored? You can watch a 53-hour #livestream of a bowl of chips before #SuperBowl https://t.co/QMXI078k8l
1092105685297496064,8249832,712,86324,2659,961,87839,2007-08-17 17:44:58,0,0,2019-02-03 17:01:00,How to stream the #2019 #SuperBowl LIII for #free on Sunday https://t.co/hI2vmt0Vy3
1092076111704584192,8249832,712,86324,2659,961,87839,2007-08-17 17:44:58,0,1,2019-02-03 15:03:29,"Enjoy great savings! Save up to $255 in coupon savings this Sunday. Pick up a copy at your local store, or sign up… https://t.co/qiE1IiKDgU"
1091889124582158336,8249832,712,86324,2659,961,87839,2007-08-17 17:44:58,2,0,2019-02-03 02:40:28,"81-year-old man killed in Madera County crash, CHP says
https://t.co/IU6SSHLDrL"
1091874009669459968,8249832,712,86324,2659,961,87839,2007-08-17 17:44:58,4,2,2019-02-03 01:40:24,"Father of two is left to die of gunshots in Fresno parking lot, police say

https://t.co/1ZGWDkNxes"
1091857202749399041,8249832,712,86324,2659,961,87839,2007-08-17 17:44:58,5,8,2019-02-03 00:33:37,"Tornado warning issued in area north of Fresno, National Weather Service says

https://t.co/bzJUzGyHFQ"
1091850755072376832,8249832,712,86324,2659,961,87839,2007-08-17 17:44:58,1,1,2019-02-03 00:08:00,"The collapse of the INF Treaty has raised fears of a repeat of a Cold War showdown
https://t.co/k0tcxcfjbS"
1091844835563102209,8249832,712,86324,2659,961,87839,2007-08-17 17:44:58,2,3,2019-02-02 23:44:28,Such a bummer. Sorry @Raiders fans! #Raiders #RaiderNation https://t.co/KnzlWzvpfx
1091835403944902656,8249832,712,86324,2659,961,87839,2007-08-17 17:44:58,0,1,2019-02-02 23:07:00,#Virginia governor apologizes for #racist imagery in yearbook https://t.co/Jt8pBkd3rt
1091834649456885760,8249832,712,86324,2659,961,87839,2007-08-17 17:44:58,10,23,2019-02-02 23:04:00,"Cardi B, Blake Shelton coming to the California Mid-State Fair — along with 4 other headliners https://t.co/1gswk6KJRH"
1091822318198968320,8249832,712,86324,2659,961,87839,2007-08-17 17:44:58,0,2,2019-02-02 22:15:00,"#SuperBowl: What time it starts, where to watch, what to expect at halftime and more https://t.co/pSj5J0OmU5"
1091820052670689280,8249832,712,86324,2659,961,87839,2007-08-17 17:44:58,2,3,2019-02-02 22:06:00,"The report calls into question how hundreds of millions of dollars in rehabilitation treatments have been spent
https://t.co/cQ6oo8KDIM"
1091817331754295296,8249832,712,86324,2659,961,87839,2007-08-17 17:44:58,5,10,2019-02-02 21:55:11,"“I think we’re all just really trying to get to that point where we actually help these folks,” said one council me… https://t.co/r60hdmdMCT"
1091804702193446912,8249832,712,86324,2659,961,87839,2007-08-17 17:44:58,0,5,2019-02-02 21:05:00,How badly did the #government #shutdown harm #California #wildfire prep? #Democrats want answers https://t.co/W7q0bat2Gj
1091804199002800129,8249832,712,86324,2659,961,87839,2007-08-17 17:44:58,1,0,2019-02-02 21:03:00,"#SuperBowl: What time it starts, where to watch, what to expect at halftime and more https://t.co/756xMPXhXj"
1091797152374972416,8249832,712,86324,2659,961,87839,2007-08-17 17:44:58,1,4,2019-02-02 20:35:00,"Winter storm will continue deluge, making Sierra travel especially difficult https://t.co/9xCIsXdeme"
1091781368479019008,8249832,712,86324,2659,961,87839,2007-08-17 17:44:58,0,1,2019-02-02 19:32:17,The governor now does not believe he was in a racist picture in his 1984 medical yearbook and has no immediate plan… https://t.co/x8DvfcAu2P
1091774640525983744,8249832,712,86324,2659,961,87839,2007-08-17 17:44:58,2,1,2019-02-02 19:05:33,"A complaint accuses the superintendent of engaging in “behavior of an intimate nature” with a subordinate.
https://t.co/ZV6tZsd5nV"
1091774000076935169,8249832,712,86324,2659,961,87839,2007-08-17 17:44:58,1,0,2019-02-02 19:03:00,.@GavinNewsom raised $50 million running for governor. He still has $15 million left over. https://t.co/MwryL4j0GZ
1091758648676835332,8249832,712,86324,2659,961,87839,2007-08-17 17:44:58,2,0,2019-02-02 18:02:00,#Housing still costs a fortune in #California. Will @GavinNewsom’s plan fix that? https://t.co/c5qgAfeOQf
1091757428012593157,8249832,712,86324,2659,961,87839,2007-08-17 17:44:58,2,1,2019-02-02 17:57:09,A 14-year-old Visalia student was arrested twice in one day after bringing a knife to school and threatening to kil… https://t.co/otVk7PTZSl
1091756886565650432,8249832,712,86324,2659,961,87839,2007-08-17 17:44:58,2,1,2019-02-02 17:55:00,Will California pay too much for Camp Fire cleanup? Why didn’t it choose lowest bidder? #CampFire #California… https://t.co/Suy3hFj0aQ
1091749214516727808,8249832,712,86324,2659,961,87839,2007-08-17 17:44:58,1,2,2019-02-02 17:24:31,"Police said the victim had a gang tattoo on his hand 
https://t.co/0ShFcpMnzo"
1091743297998082048,8249832,712,86324,2659,961,87839,2007-08-17 17:44:58,0,0,2019-02-02 17:01:00,Coverage of the uninsured has become a key question for candidates heading into the 2020 primaries. With the launch… https://t.co/NwIGQrMPov
1091579538478268416,8249832,712,86324,2659,961,87839,2007-08-17 17:44:58,3,6,2019-02-02 06:10:17,"Suspect who said ‘You are perfect. I’ll take you to school’ to a young teen is caught
https://t.co/pffxhG27uZ"
1091557070200016896,8249832,712,86324,2659,961,87839,2007-08-17 17:44:58,0,0,2019-02-02 04:41:00,".@KellyannePolls jabs @CoryBooker, says he ‘sounds like a @Hallmark card’ https://t.co/73QK5v1UQE"
1091542198896607232,8249832,712,86324,2659,961,87839,2007-08-17 17:44:58,5,4,2019-02-02 03:41:54,"Visalia man kidnaps estranged girlfriend and takes child, deputies say
https://t.co/JrspEpZxUX"
1091528129284165632,8249832,712,86324,2659,961,87839,2007-08-17 17:44:58,0,9,2019-02-02 02:46:00,#Fresno #Yosemite Airport has big plans to expand. Here’s how airport will grow https://t.co/JChM4LDsD3
1091504725076463616,8249832,712,86324,2659,961,87839,2007-08-17 17:44:58,0,2,2019-02-02 01:13:00,Get your boots on. @KaceyMusgraves is coming to #PasoRobles https://t.co/YxLacQwN90
1091503232512217089,8249832,712,86324,2659,961,87839,2007-08-17 17:44:58,2,1,2019-02-02 01:07:04,Detectives: Suspicious death in #Madera County is a #homicide https://t.co/CVHJtN4j3Y
1091502208724676610,8249832,712,86324,2659,961,87839,2007-08-17 17:44:58,2,1,2019-02-02 01:03:00,"Did someone kill the #Shasta Pack, #California’s mysterious #wolf family? https://t.co/VFsOrHoTL8"
1091498610804416512,8249832,712,86324,2659,961,87839,2007-08-17 17:44:58,1,2,2019-02-02 00:48:42,"Free food in #Fresno and #Clovis in February: Wings, frozen yogurt, pizza and fries https://t.co/yv8Q5Yr0X5"
1091494078523428864,8249832,712,86324,2659,961,87839,2007-08-17 17:44:58,0,5,2019-02-02 00:30:41,"More parking coming in #Fresno airport expansion. Will new airlines be coming, too? https://t.co/4V7JlwZNt8"
1091484844096397312,8249832,712,86324,2659,961,87839,2007-08-17 17:44:58,6,11,2019-02-01 23:54:00,"Does new air pollution plan make Valley a safer place to live? Don’t hold your breath, says columnist @MarekTheBee https://t.co/OkFY6jEXip"
1091479056187621376,8249832,712,86324,2659,961,87839,2007-08-17 17:44:58,0,0,2019-02-01 23:31:00,"#California prison rehab program fails to keep criminals from reoffending, audit finds https://t.co/NzB0WCduOh"
1091475029722750977,8249832,712,86324,2659,961,87839,2007-08-17 17:44:58,0,1,2019-02-01 23:15:00,‘I’m coming home.’ #Georgia native @MsGladysKnight will sing national anthem at #SuperBowl https://t.co/6yuAvnBFNk
1091472261691961344,8249832,712,86324,2659,961,87839,2007-08-17 17:44:58,1,0,2019-02-01 23:04:00,#SuperBowl first: Two male @LARamsCheer cheerleaders will make #history at @NFL’s big game https://t.co/23QZG643Vy
1091469996247605249,8249832,712,86324,2659,961,87839,2007-08-17 17:44:58,1,3,2019-02-01 22:55:00,Dozens of Calif. Highway Patrol officers suspected of faking overtime https://t.co/YxUemxZa2a https://t.co/OOyCJOTglB
1091464460244373504,8249832,712,86324,2659,961,87839,2007-08-17 17:44:58,1,1,2019-02-01 22:33:00,Have you seen these fugitives? Check out #Fresno's #MOSTWANTED from Jan. 23-30 https://t.co/SYYdpSm5Re
1091462529941831680,8249832,712,86324,2659,961,87839,2007-08-17 17:44:58,0,0,2019-02-01 22:25:20,@MaderaSheriff deputies investigating suspicious death https://t.co/CVHJtN4j3Y
1091460185367826433,8249832,712,86324,2659,961,87839,2007-08-17 17:44:58,0,0,2019-02-01 22:16:01,"To solve #California’s housing crisis, the state and cities must aim for the same goal https://t.co/6BONhP3Ijh"
1091454645581635584,8249832,712,86324,2659,961,87839,2007-08-17 17:44:58,3,2,2019-02-01 21:54:00,Our new Uncovered California series will feature eye-opening reporting from journalists at leading outlets across t… https://t.co/K1wL1qFvmb
1091452380380463104,8249832,712,86324,2659,961,87839,2007-08-17 17:44:58,0,2,2019-02-01 21:45:00,#SuperBowl first: Two male @LARamsCheer cheerleaders will make #history at @NFL’s big game https://t.co/23QZG5MswY
1091447598697742336,8249832,712,86324,2659,961,87839,2007-08-17 17:44:58,0,2,2019-02-01 21:26:00,#PasoRobles has a new #Italian restaurant — and #Fresno #foodies will recognize it https://t.co/vsJXPhv3j9
1091439799896924160,8249832,712,86324,2659,961,87839,2007-08-17 17:44:58,0,0,2019-02-01 20:55:00,A new 124-mile oil #pipeline is planned on the Central Coast. Here’s what you need to know https://t.co/qB0PAb2n6J
1091435267477561345,8249832,712,86324,2659,961,87839,2007-08-17 17:44:58,0,4,2019-02-01 20:37:00,US border agency says it’s made biggest-ever #fentanyl bust https://t.co/39FyPgPmeK
1091431996281290758,8249832,712,86324,2659,961,87839,2007-08-17 17:44:58,1,2,2019-02-01 20:24:00,A #Fresno group is taking the city to court. They’ve filed a lawsuit over Measure P https://t.co/ytxJEGKC13
1091424194456215552,8249832,712,86324,2659,961,87839,2007-08-17 17:44:58,1,1,2019-02-01 19:53:00,"#Fresno #Catholic bishop speaks on #priest sex abuse scandal, promises thorough review https://t.co/GWUrL2Ct31"
1091423074551881728,8249832,712,86324,2659,961,87839,2007-08-17 17:44:58,0,0,2019-02-01 19:48:33,‘Are all of your online systems down?’ @Ask_WellsFargo customers fume over website problems https://t.co/RVewii3qRj
1091418909998223366,8249832,712,86324,2659,961,87839,2007-08-17 17:44:58,2,2,2019-02-01 19:32:00,#Fresno police: Victim shot to death day after his birthday https://t.co/2DjBatlCKo
1091412618261127168,8249832,712,86324,2659,961,87839,2007-08-17 17:44:58,0,1,2019-02-01 19:07:00,Will @maroon5’s #SuperBowl halftime show be ‘Sweet Victory’ for @SpongeBob fans? https://t.co/8j985ykNzE
1091408340238954496,8249832,712,86324,2659,961,87839,2007-08-17 17:44:58,2,0,2019-02-01 18:50:00,.@Beyonce and #JayZ offer #concert tickets ‘for life’ if you ditch the meat and go #vegan https://t.co/DKG40rbthw
1091400790827139072,8249832,712,86324,2659,961,87839,2007-08-17 17:44:58,0,0,2019-02-01 18:20:00,REALLY #bored? You can watch a 53-hour #livestream of a bowl of chips before #SuperBowl https://t.co/QMXI06QIJL
1091396512452554753,8249832,712,86324,2659,961,87839,2007-08-17 17:44:58,0,0,2019-02-01 18:03:00,"#SuperBowl: What time it starts, where to watch, what to expect at halftime and more https://t.co/756xMQeSOR"
1091392906189926401,8249832,712,86324,2659,961,87839,2007-08-17 17:44:58,3,0,2019-02-01 17:48:40,RT @FresnoBeeBob: Bishop Armando Ochoa said Friday that the diocese will conduct an extensive review of its records before releasing names…
1091392820420603910,8249832,712,86324,2659,961,87839,2007-08-17 17:44:58,0,1,2019-02-01 17:48:20,Bee's Fab Mom offers this #parenting advice https://t.co/C28iz2jR62
1091386952186658817,8249832,712,86324,2659,961,87839,2007-08-17 17:44:58,0,0,2019-02-01 17:25:01,How to stream the #2019 #SuperBowl LIII for #free on Sunday https://t.co/hI2vmsJk9t
1091379147673202688,8249832,712,86324,2659,961,87839,2007-08-17 17:44:58,3,4,2019-02-01 16:54:00,"Big news! Today is the official launch of Uncovered California, a series of hard-hitting stories on the state’s uni… https://t.co/j6cWqDxxHh"
1091379047597142016,8249832,712,86324,2659,961,87839,2007-08-17 17:44:58,2,2,2019-02-01 16:53:36,"6.6 quake hits southern Mexico, sways buildings in capital https://t.co/ygBwpjPooA"
1091225202912968704,8249832,712,86324,2659,961,87839,2007-08-17 17:44:58,2,1,2019-02-01 06:42:17,"An update on this story... it's gone from a shooting to a killing ... 
Man shot and killed in southwest Fresno, abo… https://t.co/pyePYSKtK5"
1091220868670185474,8249832,712,86324,2659,961,87839,2007-08-17 17:44:58,3,19,2019-02-01 06:25:03,"Fresno Yosemite Airport has big plans to expand. Here’s how airport will grow

https://t.co/rSoS3DKn7V"
1091209395164262401,8249832,712,86324,2659,961,87839,2007-08-17 17:44:58,0,1,2019-02-01 05:39:28,"BREAKING: 
Victim shot in southwest Fresno, about a half-mile from Edison High
https://t.co/TAH5jwxkpt"
1091187887448776704,8249832,712,86324,2659,961,87839,2007-08-17 17:44:58,2,11,2019-02-01 04:14:00,#SiliconValley eatery bans #MAGA hats https://t.co/6pJh5wU11c
1091172284600123392,8249832,712,86324,2659,961,87839,2007-08-17 17:44:58,1,3,2019-02-01 03:12:00,"Group in ‘Build the #Wall’ gear argues with #Sacramento eatery's management, calls restaurant ‘anti-American’ https://t.co/9ov5duCdR7"
1091169786111787008,8249832,712,86324,2659,961,87839,2007-08-17 17:44:58,6,2,2019-02-01 03:02:04,"Man allegedly kills pet bunny during argument with girlfriend in Tulare County

https://t.co/jC0RZniU9r"
1091164483265933312,8249832,712,86324,2659,961,87839,2007-08-17 17:44:58,0,2,2019-02-01 02:41:00,"Check out what #cyclists face in longest, most challenging routes ever in #2019 @AmgenTOC  https://t.co/2XIzJEgxo6"
1091156681940185088,8249832,712,86324,2659,961,87839,2007-08-17 17:44:58,3,3,2019-02-01 02:10:00,"#Dementia patient left outside locked facility at 2 a.m. in a bathrobe, daughter says https://t.co/yySrUqPDw4"
1091148880773672960,8249832,712,86324,2659,961,87839,2007-08-17 17:44:58,2,4,2019-02-01 01:39:00,"‘I can’t even imagine.’ Airbag kills 4-year-old boy in #Utah fender-bender, #police say https://t.co/eAp3Yyvci6"
1091141078982504448,8249832,712,86324,2659,961,87839,2007-08-17 17:44:58,1,0,2019-02-01 01:08:00,#FactCheck: Did Motor Voter tilt #midterm #elections against #California #Republicans? https://t.co/OJJKB3x2Ar
1091139108481622016,8249832,712,86324,2659,961,87839,2007-08-17 17:44:58,11,0,2019-02-01 01:00:10,"RT @FresnoBee: @josephkieta At @FresnoBee, our doors are open — and we want to hear from you. If you want to know more about how we cover y…"
1091133882605330433,8249832,712,86324,2659,961,87839,2007-08-17 17:44:58,1,1,2019-02-01 00:39:24,Applying for a building permit in #Fresno You could get a refund for missed deadlines https://t.co/8mcHQArPeF
1091130240972144642,8249832,712,86324,2659,961,87839,2007-08-17 17:44:58,0,0,2019-02-01 00:24:56,@CentralUSD teachers take one step closer to a strike https://t.co/qxM4CjXRIs
1091125476679012352,8249832,712,86324,2659,961,87839,2007-08-17 17:44:58,0,1,2019-02-01 00:06:00,‘A statewide problem.’ How @PGE4Me’s #bankruptcy could soil #California’s green-energy movement https://t.co/qIEd86pV3d
1091122685327888384,8249832,712,86324,2659,961,87839,2007-08-17 17:44:58,11,11,2019-01-31 23:54:54,"@josephkieta At @FresnoBee, our doors are open — and we want to hear from you. If you want to know more about how w… https://t.co/lEBInGmPLs"
1091122532797816833,8249832,712,86324,2659,961,87839,2007-08-17 17:44:58,1,3,2019-01-31 23:54:18,"Q. What can we do to make sure The Bee stays alive? We need a hometown newspaper! A. “The best thing anyone can do,… https://t.co/h0VsRstIJh"
1091122447020105729,8249832,712,86324,2659,961,87839,2007-08-17 17:44:58,0,1,2019-01-31 23:53:58,@josephkieta Question: “I wish The Bee would highlight and focus on stories that directly impact our community.” Th… https://t.co/BeOs5D3WrK
1091122050717151232,8249832,712,86324,2659,961,87839,2007-08-17 17:44:58,0,2,2019-01-31 23:52:23,"You can also reach out to the @FresnoBee newsroom: Email reporters (contacts: https://t.co/UeHVCmbGOh), send letter… https://t.co/8eYvcwgcAZ"
1091121973323804672,8249832,712,86324,2659,961,87839,2007-08-17 17:44:58,0,1,2019-01-31 23:52:05,@TimSheehanNews Wondering what @fresnobee readers from our survey asked? Q: “How does The Bee plan to build trust a… https://t.co/fEKA3IYv0e
1091121833057898497,8249832,712,86324,2659,961,87839,2007-08-17 17:44:58,0,1,2019-01-31 23:51:31,"Being as open to our readers’ need for the facts is why we include official documents, like in this piece by… https://t.co/xmlEFVY68k"
1091121743954132992,8249832,712,86324,2659,961,87839,2007-08-17 17:44:58,0,1,2019-01-31 23:51:10,"@josephkieta @MackenzieMays It’s also why we put together detailed info graphics and maps, like this one in a story… https://t.co/1LFwFg9kwD"
1091121583362592776,8249832,712,86324,2659,961,87839,2007-08-17 17:44:58,0,1,2019-01-31 23:50:32,@josephkieta The @fresnobee reader survey was done in the name of transparency. It’s why we include “How we reporte… https://t.co/3OYZuTfEFC
1091121499556196359,8249832,712,86324,2659,961,87839,2007-08-17 17:44:58,9,6,2019-01-31 23:50:12,.@FresnoBee wants you to know how we do what we do and why we do it. We recently reached out to readers with the op… https://t.co/y97nqrNpnR
1091116416969916416,8249832,712,86324,2659,961,87839,2007-08-17 17:44:58,2,2,2019-01-31 23:30:00,"#Clovis double murder trial on hold: Judge rules McCann incompetent, sets drug therapy https://t.co/uInCgU40GE"
1091109873775915008,8249832,712,86324,2659,961,87839,2007-08-17 17:44:58,3,5,2019-01-31 23:04:00,"What to do with #homeless #college #students? Let them sleep in the parking lot, new bill says https://t.co/q6t2oAeFk9"
1091106435880996864,8249832,712,86324,2659,961,87839,2007-08-17 17:44:58,2,1,2019-01-31 22:50:20,"#Fresno police urged to reposition body cameras, part of latest city review https://t.co/BD4l7Pkw05"
1091101568852729856,8249832,712,86324,2659,961,87839,2007-08-17 17:44:58,1,1,2019-01-31 22:31:00,"THANK YOU for donating to the War Within Initiative’s fundraising campaign! Because of your generosity, letters wil… https://t.co/4DtQTJQcGl"
1091091250965610497,8249832,712,86324,2659,961,87839,2007-08-17 17:44:58,1,3,2019-01-31 21:50:00,Could the @ProFootballHOF knock become a reality for former @Raiders coach Tom Flores? @agalaviz_TheBee tracked dow… https://t.co/n55bdnHaow
1091080932654641153,8249832,712,86324,2659,961,87839,2007-08-17 17:44:58,1,0,2019-01-31 21:09:00,#Election officials said #DMV wasn’t ready to launch Motor Voter. #California went ahead anyway https://t.co/jir9ZSwqcY
1091078416181293056,8249832,712,86324,2659,961,87839,2007-08-17 17:44:58,4,2,2019-01-31 20:59:00,#Shutdown: Relief for #California #wildfire victims tied up in federal talks about the #border wall https://t.co/a8yjjIZdW6
1091061283586072576,8249832,712,86324,2659,961,87839,2007-08-17 17:44:58,5,7,2019-01-31 19:50:55,Protesters march through downtown #Fresno for @USNavy vet facing possible #deportation https://t.co/k4nGTaEYXE
1091056270474444800,8249832,712,86324,2659,961,87839,2007-08-17 17:44:58,1,1,2019-01-31 19:31:00,APNewsBreak: ICE force-feeding detainees on hunger strike https://t.co/QnYf4IAMee
1091048475582595072,8249832,712,86324,2659,961,87839,2007-08-17 17:44:58,1,2,2019-01-31 19:00:01,Love ‘em? Hate ‘em? Fake friendly? Which type of @DutchBros coffee aficionado are you? https://t.co/kFhfhU0x1d
1091040671606042624,8249832,712,86324,2659,961,87839,2007-08-17 17:44:58,1,1,2019-01-31 18:29:01,#Recall expanded of baby drops sold at #Walmart and #CVS. Same #FamilyDollar drops recalled. https://t.co/oQmSqYKssb
1091033697476796416,8249832,712,86324,2659,961,87839,2007-08-17 17:44:58,2,0,2019-01-31 18:01:18,"RT @jimguy27: ‘You are perfect, I’ll take you to school’: Reported kidnap try from Fresno bus stop https://t.co/3Q0zHNf8cd"
1091032889091915777,8249832,712,86324,2659,961,87839,2007-08-17 17:44:58,2,1,2019-01-31 17:58:05,"#BreakingNews -&gt; ‘You are perfect, I’ll take you to school’: Reported kidnap try from #Fresno bus stop https://t.co/CoBc7VrYpq"
1091025467547672576,8249832,712,86324,2659,961,87839,2007-08-17 17:44:58,3,1,2019-01-31 17:28:36,These eel-like fish look like horror movie monsters — and they’re back in SLO Creek https://t.co/fXNVLZuBto
1091015753564868608,8249832,712,86324,2659,961,87839,2007-08-17 17:44:58,0,2,2019-01-31 16:50:00,"Suspect thought getting naked, hiding in bushes would fool police. It didn’t work https://t.co/ZjSQ5sy81a"
1091007951941308417,8249832,712,86324,2659,961,87839,2007-08-17 17:44:58,2,6,2019-01-31 16:19:00,FDA OKs 1st generic version of popular Advair #asthma inhaler https://t.co/1os03EjlTr
1091000150464417792,8249832,712,86324,2659,961,87839,2007-08-17 17:44:58,0,18,2019-01-31 15:48:00,Elephant seals take over California beach during shutdown https://t.co/ryKysDtlen
1090992349126238210,8249832,712,86324,2659,961,87839,2007-08-17 17:44:58,1,4,2019-01-31 15:17:00,Why #Davis police won’t release video footage from Officer #NatalieCorona shooting https://t.co/aixe6fRJ94
1090834102205349888,8249832,712,86324,2659,961,87839,2007-08-17 17:44:58,2,0,2019-01-31 04:48:11,"RT @FresnoStateWBB: The 'Dogs drew within three, but the comeback effort ultimately fell short as Wyoming came away with the win.

#GoDogs🐾…"
1090831512956596224,8249832,712,86324,2659,961,87839,2007-08-17 17:44:58,30,0,2019-01-31 04:37:54,"RT @FresnoStateMBB: 🚨 BULLDOGS WIN 🚨 

Fresno State earns the win in Laramie‼️New Williams led the Bulldogs with 24 points‼️

#GoDogs #Vall…"
1090819459764420608,8249832,712,86324,2659,961,87839,2007-08-17 17:44:58,0,0,2019-01-31 03:50:00,Rand Paul awarded more than $580K after neighbor’s attack https://t.co/2ymOOYTkAi
1090811658568486913,8249832,712,86324,2659,961,87839,2007-08-17 17:44:58,1,1,2019-01-31 03:19:00,"#Bicyclist killed by driver who had taken her #dog Lola’s #Xanax, #Oregon prosecutors say https://t.co/Od3s69L49s"
1090803857045696512,8249832,712,86324,2659,961,87839,2007-08-17 17:44:58,1,1,2019-01-31 02:48:00,"David Carr predicted this @SuperBowl matchup in August. Now, here’s his key to @RamsNFL win https://t.co/9HCvkDNzX3"
1090796055455657984,8249832,712,86324,2659,961,87839,2007-08-17 17:44:58,1,3,2019-01-31 02:17:00,Submitted #opinion to The Bee https://t.co/UB5ciEOzKZ
1090788258395484160,8249832,712,86324,2659,961,87839,2007-08-17 17:44:58,2,3,2019-01-31 01:46:01,"He sacrificed his smile for his family. Now, a charitable #Fresno doctor is stepping in to help https://t.co/0C17sOyb6G"
1090780453034811393,8249832,712,86324,2659,961,87839,2007-08-17 17:44:58,1,1,2019-01-31 01:15:00,"@USNavy veteran must surrender to #ICE, could face deportation over criminal past https://t.co/FXMRir403U"
1090772651331612674,8249832,712,86324,2659,961,87839,2007-08-17 17:44:58,1,0,2019-01-31 00:44:00,Parole recommended for #Manson follower Leslie Van Houten https://t.co/XPVY1K7Yy1
1090764849963909120,8249832,712,86324,2659,961,87839,2007-08-17 17:44:58,0,2,2019-01-31 00:13:00,"Insider info from @BethanyClough's retail beat: What’s up with @Costco, @Sears shrinking, new stores? https://t.co/YDCuBfNmc4"
1090757048885825536,8249832,712,86324,2659,961,87839,2007-08-17 17:44:58,4,5,2019-01-30 23:42:00,Former #Fresno teacher’s aide gets prison for sexually molesting special needs student https://t.co/BQyErpC5p1
1090749247417434113,8249832,712,86324,2659,961,87839,2007-08-17 17:44:58,0,1,2019-01-30 23:11:00,American Lung Association graded tobacco policies across CA. How did your city score? https://t.co/sdSk8V47zX
1090741445856772097,8249832,712,86324,2659,961,87839,2007-08-17 17:44:58,0,0,2019-01-30 22:40:00,@SextantWines owners always loved the Edna Valley. So they bought a town https://t.co/fvgX9ElC74
1090736160933011457,8249832,712,86324,2659,961,87839,2007-08-17 17:44:58,1,7,2019-01-30 22:19:00,‘Safety is not your No. 1 thing.’ Judge rips @PGE4Me over #California #wildfires https://t.co/Wn48kM1gMd
1090733644233158656,8249832,712,86324,2659,961,87839,2007-08-17 17:44:58,2,5,2019-01-30 22:09:00,‘She died trying to protect her baby.’ #Mom fell down #NY #subway as she held 1-year-old https://t.co/VGhOLifJvl
1090725842915942401,8249832,712,86324,2659,961,87839,2007-08-17 17:44:58,1,1,2019-01-30 21:38:00,Food pop-ups are all the rage. #Fresno’s next one goes heavy on #bacon  https://t.co/bHg9WJveof
1090723588007739415,8249832,712,86324,2659,961,87839,2007-08-17 17:44:58,64,0,2019-01-30 21:29:02,"RT @YosemiteNPS: As we return to normal operations, we're happy to announce that the Mariposa Grove will reopen tomorrow morning! The Marip…"
1090718041611022336,8249832,712,86324,2659,961,87839,2007-08-17 17:44:58,1,1,2019-01-30 21:07:00,Wanted: Corolla taken in #Visalia home invasion robbery https://t.co/bGDylpAJ1I
1090710240159563777,8249832,712,86324,2659,961,87839,2007-08-17 17:44:58,2,1,2019-01-30 20:36:00,#Manson follower Leslie Van Houten again seeks parole https://t.co/XPVY1JQnGt
1090704958406545409,8249832,712,86324,2659,961,87839,2007-08-17 17:44:58,3,7,2019-01-30 20:15:01,#Gas is getting more and more expensive. #California lawmakers demand an #investigation https://t.co/0mhkrEcPPq
1090702439278395392,8249832,712,86324,2659,961,87839,2007-08-17 17:44:58,2,3,2019-01-30 20:05:00,‘Not here to criminalize them.’ Many of 33 caught in #prostitution sting offered help. https://t.co/UbfPCpvTcs
1090689352697593858,8249832,712,86324,2659,961,87839,2007-08-17 17:44:58,3,1,2019-01-30 19:13:00,He pulled a gun on employees outside a #Fresno convenience store. Police are looking for him https://t.co/LToJXDN0PC
1090689352592551936,8249832,712,86324,2659,961,87839,2007-08-17 17:44:58,2,4,2019-01-30 19:13:00,"#Suspect thought getting #naked, hiding in bushes would fool #police. It didn’t work. https://t.co/ZjSQ5sPISI"
1090686837029519360,8249832,712,86324,2659,961,87839,2007-08-17 17:44:58,6,5,2019-01-30 19:03:00,"#CampFire victims have been through ‘hell.’ As last shelter closes, where will they go? https://t.co/fP7UILGDJw"
1090679034839736323,8249832,712,86324,2659,961,87839,2007-08-17 17:44:58,1,1,2019-01-30 18:32:00,Suspects sought after man stabbed at #Visalia bar https://t.co/q5CO3a4UeE
1090668485942759424,8249832,712,86324,2659,961,87839,2007-08-17 17:44:58,2,6,2019-01-30 17:50:05,This global chain restaurant opened a location here. It has two things Fresnans love https://t.co/5jxnlPTRwc
1090658650467782666,8249832,712,86324,2659,961,87839,2007-08-17 17:44:58,1,5,2019-01-30 17:11:00,"‘Incredibly dangerous’ #sideshows growing in size and frequency in Northern #California, #CHP says https://t.co/sW9ztI2pwN"
1090644306145230848,8249832,712,86324,2659,961,87839,2007-08-17 17:44:58,1,6,2019-01-30 16:14:00,#Almond milk is booming. @BlueDiamond will expand its #Turlock plant to meet the demand https://t.co/7IeoSfEkbA
1090505344986472448,8249832,712,86324,2659,961,87839,2007-08-17 17:44:58,3,2,2019-01-30 07:01:49,"One person stuck under vehicle after accident in Parlier

https://t.co/MxxxU2YUiT"
1090502815103864833,8249832,712,86324,2659,961,87839,2007-08-17 17:44:58,1,2,2019-01-30 06:51:46,"New Fresno Grizzlies uniform colors unveiled Tuesday night

https://t.co/Quz8h6Ibdq"
1090501505776406528,8249832,712,86324,2659,961,87839,2007-08-17 17:44:58,1,0,2019-01-30 06:46:34,"It happened during the middle of the afternoon last week in Visalia
https://t.co/C5VoBtKDoX"
1090488920154853376,8249832,712,86324,2659,961,87839,2007-08-17 17:44:58,1,0,2019-01-30 05:56:33,"Some updates to this story...
Reckless driving near Valley Children’s Hopsital leads to one death, CHP say

https://t.co/R5QjPZFHNK"
1090485663739273218,8249832,712,86324,2659,961,87839,2007-08-17 17:44:58,16,80,2019-01-30 05:43:37,"Baby rhino born at Fresno Chaffee Zoo. And this newborn already knows how to stand

https://t.co/KzBUOy5CFD"
1090482978256351232,8249832,712,86324,2659,961,87839,2007-08-17 17:44:58,2,0,2019-01-30 05:32:56,"RT @BeePhotos: The @FresnoGrizzlies unveiled the new team colors for 2019 and beyond during an event at Maya Cinemas Tuesday night, Jan 29,…"
1090440965809102848,8249832,712,86324,2659,961,87839,2007-08-17 17:44:58,0,5,2019-01-30 02:46:00,"Stop talking about serial killer #TedBundy’s ‘alleged hotness,’ @netflix tells viewers https://t.co/2cv2dnVoRD"
1090431654307409920,8249832,712,86324,2659,961,87839,2007-08-17 17:44:58,1,1,2019-01-30 02:09:00,Watch man known as the ‘French #Spiderman’ climb his way up a 47-story #skyscraper https://t.co/xHlz1O480b
1090423853329907712,8249832,712,86324,2659,961,87839,2007-08-17 17:44:58,2,3,2019-01-30 01:38:00,"Ghirardelli, Russell Stover to pay $750,000 over air-filled chocolate packages https://t.co/bmFL772OVD"
1090419748284690432,8249832,712,86324,2659,961,87839,2007-08-17 17:44:58,3,2,2019-01-30 01:21:41,Fatal crash near Valley Children’s Hospital. CHP investigating https://t.co/R5QjPZFHNK
1090416051643432960,8249832,712,86324,2659,961,87839,2007-08-17 17:44:58,0,1,2019-01-30 01:07:00,"Longtime ag leader, advocate for #Fresno region leaving role. Who will fill his shoes? https://t.co/CvJQxDvIL4"
1090408250183434240,8249832,712,86324,2659,961,87839,2007-08-17 17:44:58,3,3,2019-01-30 00:36:00,Three more found guilty in connection to gang shooting at #Tulare grocery store https://t.co/PbINDIOt26
1090400448958345217,8249832,712,86324,2659,961,87839,2007-08-17 17:44:58,1,1,2019-01-30 00:05:00,"Woman thought she took her brother off life support. It was a stranger, lawsuit says https://t.co/3T7eZb16D4"
1090392647775211520,8249832,712,86324,2659,961,87839,2007-08-17 17:44:58,2,2,2019-01-29 23:34:00,Dead body discovered in RV that burned up behind southeast #Fresno home https://t.co/baqf1MUKbD
1090387362755026945,8249832,712,86324,2659,961,87839,2007-08-17 17:44:58,0,2,2019-01-29 23:13:00,‘We have been shorted.’ Why #wildfire survivors are furious about @PGE4Me’s #bankruptcy filing https://t.co/EbyGUkcPgO
1090384846424223744,8249832,712,86324,2659,961,87839,2007-08-17 17:44:58,1,2,2019-01-29 23:03:00,Will @maroon5’s #SuperBowl halftime show be 'Sweet Victory' for @SpongeBob fans? https://t.co/8j985ykNzE
1090377044955779072,8249832,712,86324,2659,961,87839,2007-08-17 17:44:58,2,3,2019-01-29 22:32:00,Planning a trip to @YosemiteNPS this weekend? You may want to rethink that https://t.co/eoLdH62wIO
1090369244452159488,8249832,712,86324,2659,961,87839,2007-08-17 17:44:58,0,1,2019-01-29 22:01:00,See how far #union membership has declined in #California https://t.co/CMZuTnOnZj
1090362951905759241,8249832,712,86324,2659,961,87839,2007-08-17 17:44:58,1,3,2019-01-29 21:36:00,#Merced police went online to make contact with suspects in sex sting. And it worked https://t.co/4ek2nKk4W1
1090355150605115392,8249832,712,86324,2659,961,87839,2007-08-17 17:44:58,1,3,2019-01-29 21:05:00,"#Fresno, #Tulare county ag officials enjoy rivalry – and love. Now they’re both retiring https://t.co/gqrdtSTWQC"
1090349865647763456,8249832,712,86324,2659,961,87839,2007-08-17 17:44:58,0,1,2019-01-29 20:44:00,"Barrier, not #wall, is okay, says House’s top #Republican https://t.co/Wy3oukqoOW"
1090347349056966656,8249832,712,86324,2659,961,87839,2007-08-17 17:44:58,0,1,2019-01-29 20:34:00,#ChineseNewYear2019: What does the #YearOfThePig mean? https://t.co/pyplwD6g1p
1090339045123608576,8249832,712,86324,2659,961,87839,2007-08-17 17:44:58,0,3,2019-01-29 20:01:00,The @realDonaldTrump effect: #California #Latino #voters showed up in force in 2018. Will they do it again? https://t.co/29x8Ui9LgO
1090331242946424832,8249832,712,86324,2659,961,87839,2007-08-17 17:44:58,0,0,2019-01-29 19:30:00,"This new #Fresno ramen restaurant is something different, and not just because there’s Spam https://t.co/xXQG1NF5NN"
1090324196935094272,8249832,712,86324,2659,961,87839,2007-08-17 17:44:58,1,5,2019-01-29 19:02:00,"#OPINION -&gt; As @POTUS demands the wall, he loses sight of what really works: more border agents https://t.co/KObY1BUA95"
1090316395315904514,8249832,712,86324,2659,961,87839,2007-08-17 17:44:58,2,3,2019-01-29 18:31:00,"Woman booked in assault after dog sicced on #Visalia transient, police say https://t.co/j7JmzqTXLO"
1090310635336826880,8249832,712,86324,2659,961,87839,2007-08-17 17:44:58,2,4,2019-01-29 18:08:07,Grizzly Fest sets lineup for 2019 return to #Fresno’s Woodward Park. @JoshuaTehee fills us in on who’s coming https://t.co/RG4s0g14nF
1090301547723018241,8249832,712,86324,2659,961,87839,2007-08-17 17:44:58,1,0,2019-01-29 17:32:00,"#Latest: @PGE4Me files for #bankruptcy over #California #wildfire claims, ‘extraordinary financial challenges’ https://t.co/DxRoMSiegM"
1090293746552446982,8249832,712,86324,2659,961,87839,2007-08-17 17:44:58,1,1,2019-01-29 17:01:00,#Free #bacon at @Wendys and @McDonalds? Here’s what you need to know to get your share https://t.co/5RE3fqV4kN
1090279150055813120,8249832,712,86324,2659,961,87839,2007-08-17 17:44:58,1,1,2019-01-29 16:03:00,"Nearly #naked bedroom intruder wakes #California couple to demand clothes, #cops say https://t.co/tbfoNSfteq"
1090271348449034240,8249832,712,86324,2659,961,87839,2007-08-17 17:44:58,0,3,2019-01-29 15:32:00,Many say legal #cannabis is too expensive. #California lawmakers want to help https://t.co/Ix63ItQ5Oy
1090263547110719488,8249832,712,86324,2659,961,87839,2007-08-17 17:44:58,4,5,2019-01-29 15:01:00,"#JoshuaTree may not recover from 35-day #shutdown for 300 years, former ranger says https://t.co/pgmTXAoH5Y"
1090120754253811712,8249832,712,86324,2659,961,87839,2007-08-17 17:44:58,3,17,2019-01-29 05:33:35,A California judge has upheld protection for gray wolves under the state's Endangered Species Act. Here's why. https://t.co/M4nHwfcXCt
1090108045231702016,8249832,712,86324,2659,961,87839,2007-08-17 17:44:58,5,2,2019-01-29 04:43:05,Breaking news from @aleksappleton https://t.co/ym6bJsbo3F
1090102485283491840,8249832,712,86324,2659,961,87839,2007-08-17 17:44:58,3,6,2019-01-29 04:21:00,"#Weed cookies stopped 4-year-old’s #tantrums but cost #doctor his license, #California board says https://t.co/JlTzKkUvFW"
1090073796403519489,8249832,712,86324,2659,961,87839,2007-08-17 17:44:58,0,1,2019-01-29 02:27:00,Keeping up with @KimKardashian? Here’s why she visited the #California Capitol today https://t.co/AzpDsdFsJN
1090071279825113089,8249832,712,86324,2659,961,87839,2007-08-17 17:44:58,0,4,2019-01-29 02:17:00,There’s a shortage of high school #referees. Some feel #parents are to blame. https://t.co/HLZ1lyDLwa
1090055677362479104,8249832,712,86324,2659,961,87839,2007-08-17 17:44:58,1,1,2019-01-29 01:15:00,"Nearly #naked bedroom intruder wakes #California couple to demand clothes, #cops say https://t.co/1Qk9MqeNTP"
1090055677102288896,8249832,712,86324,2659,961,87839,2007-08-17 17:44:58,0,1,2019-01-29 01:15:00,Arrest made in road-rage windshield-smashing incident https://t.co/AaZn3bKVFE
1090047875537649665,8249832,712,86324,2659,961,87839,2007-08-17 17:44:58,0,0,2019-01-29 00:44:00,A judge wants to impose strict fire-safety rules on @PGE4Me. Why #California is objecting https://t.co/361gJ2KUe6
1090040074463559680,8249832,712,86324,2659,961,87839,2007-08-17 17:44:58,10,9,2019-01-29 00:13:00,Smog gets bad quickly in the San Joaquin Valley. Images taken just days apart show the dramatic shift https://t.co/l5guAChBuQ
1090038061440761856,8249832,712,86324,2659,961,87839,2007-08-17 17:44:58,1,2,2019-01-29 00:05:00,"Police decry senseless shootings after mom, daughter wounded in #Fresno home https://t.co/VtPs5ouHOG"
1090032272667856896,8249832,712,86324,2659,961,87839,2007-08-17 17:44:58,1,2,2019-01-28 23:42:00,Bakersfield trucker sentenced to prison in heroin smuggling https://t.co/G34tv8KUdK
1090026988214067200,8249832,712,86324,2659,961,87839,2007-08-17 17:44:58,4,2,2019-01-28 23:21:00,"#Recall: #Fruit sold at @Walmart, @Costco and @AldiUSA recalled because of #Listeria concerns, @US_FDA says https://t.co/z2srRQ7VlP"
1090024471824646149,8249832,712,86324,2659,961,87839,2007-08-17 17:44:58,3,4,2019-01-28 23:11:00,"In 1996, this fugitive stabbed his wife 33 times, cops say. He’s finally behind bars https://t.co/k3keThm9ja"
1090016670066733058,8249832,712,86324,2659,961,87839,2007-08-17 17:44:58,2,2,2019-01-28 22:40:00,"As #bankruptcy looms, @PGE4Me will walk away from two dams it owns. What about the other 167? https://t.co/1AbfqEVRsS"
1090008868870967297,8249832,712,86324,2659,961,87839,2007-08-17 17:44:58,2,1,2019-01-28 22:09:00,#Disneyland makes tweaks to pack ‘em in for new #StarWars land https://t.co/S0NAHyYGP0
1090001067415347202,8249832,712,86324,2659,961,87839,2007-08-17 17:44:58,0,1,2019-01-28 21:38:00,@DevinNunes makes Democrats’ initial target list for 2020. Will @JanzAndrew be there to meet him? https://t.co/OkHZ4yGeRB
1089993266072834049,8249832,712,86324,2659,961,87839,2007-08-17 17:44:58,1,0,2019-01-28 21:07:00,"These #California drivers are still on #cellphones, despite state’s get-tough #law https://t.co/vmeNyTL4bV"
1089977664427999233,8249832,712,86324,2659,961,87839,2007-08-17 17:44:58,7,11,2019-01-28 20:05:00,"Hidden inside a #Fresno hotel, you might not know this restaurant exists. Here’s what you’re missing https://t.co/Fw6CdnbmQ8"
1089975576826327041,8249832,712,86324,2659,961,87839,2007-08-17 17:44:58,31,0,2019-01-28 19:56:42,"RT @josephkieta: Wow, this is an honor: @fresnobee recipient of ""special citation for Speaking Truth to Power"" by @SPJNorCal Thanks! https:…"
1089969861885870080,8249832,712,86324,2659,961,87839,2007-08-17 17:44:58,0,3,2019-01-28 19:34:00,"#Love is in the air: @nickjonas, @priyankachopra get Southern style wedding reception Sunday in Belmont, #NC https://t.co/SiQX6QEepp"
1089954259896983553,8249832,712,86324,2659,961,87839,2007-08-17 17:44:58,6,9,2019-01-28 18:32:00,"Dana White, Josh Allen, others show support for #Clovis teenager after paralyzing fall https://t.co/zcEVD5Thu7"
1089946457933733888,8249832,712,86324,2659,961,87839,2007-08-17 17:44:58,1,2,2019-01-28 18:01:00,"Carrie Bradshaw, ‘The Dude’ to star in #SuperBowl commercial https://t.co/I8h9YsNSbd"
1089939062360686593,8249832,712,86324,2659,961,87839,2007-08-17 17:44:58,0,0,2019-01-28 17:31:37,"@TulareSheriff deputies raid Woodlake cockfight, arrest 6 https://t.co/rk8ENfIVjf"
1089922376811175936,8249832,712,86324,2659,961,87839,2007-08-17 17:44:58,0,1,2019-01-28 16:25:19,Water main break floods road near elementary school https://t.co/5WSja3OpQk
1089909458505846784,8249832,712,86324,2659,961,87839,2007-08-17 17:44:58,4,1,2019-01-28 15:33:59,"Madera woman, daughter sustain major injuries in Avenue 7 crash
 https://t.co/sRnBGJd1JU"
1089758056349458432,8249832,712,86324,2659,961,87839,2007-08-17 17:44:58,1,3,2019-01-28 05:32:22,The shooting happened just before 8 p.m. tonight. https://t.co/W79WF9QYrA
1089722066016690181,8249832,712,86324,2659,961,87839,2007-08-17 17:44:58,2,6,2019-01-28 03:09:21,Fresno Grizzlies have confirmed. https://t.co/BXWHuOS3RI
