1094735289027829762,14399160,449,78737,156,931,73982,2008-04-15 18:01:12,0,0,2019-02-10 23:10:06,Woman injured after suspected gas explosion destroys Allegan County home https://t.co/V17SrtlD5n
1094696585013936129,14399160,449,78737,156,931,73982,2008-04-15 18:01:12,0,1,2019-02-10 20:36:19,Winter Weather Advisory issued February 10 at 3:30PM EST until February 13 at 1:00AM EST by NWS https://t.co/ixctNZoOpw
1094689132679450624,14399160,449,78737,156,931,73982,2008-04-15 18:01:12,0,1,2019-02-10 20:06:42,"Driver swerves for a deer, hits rock and ends up in creek bed https://t.co/OGdNsY4X0n"
1094671751848624128,14399160,449,78737,156,931,73982,2008-04-15 18:01:12,0,0,2019-02-10 18:57:38,Muskegon-area basketball: Fremont boys stage furious rally for dramatic win https://t.co/gNvvL5L2Nt
1094657616066809858,14399160,449,78737,156,931,73982,2008-04-15 18:01:12,1,0,2019-02-10 18:01:28,Search suspended for northern Michigan teen who fell through ice https://t.co/c1j4Ygw8eD
1094645348449042433,14399160,449,78737,156,931,73982,2008-04-15 18:01:12,2,3,2019-02-10 17:12:43,"Flood warning issued in Kent, Ottawa counties https://t.co/BWSzHKnqiP"
1094633173214990336,14399160,449,78737,156,931,73982,2008-04-15 18:01:12,2,1,2019-02-10 16:24:20,Grand Rapids makes another change to emergency shelter locations https://t.co/7iMiX2Eo8z
1094627353962168321,14399160,449,78737,156,931,73982,2008-04-15 18:01:12,0,0,2019-02-10 16:01:13,See all the photos from Michigan's Best visit to Getty Street Grill https://t.co/LcsTYBvdnD
1094623842063003653,14399160,449,78737,156,931,73982,2008-04-15 18:01:12,0,0,2019-02-10 15:47:15,Stolen vehicle leads to police chase across two counties https://t.co/D7nq9lLjTT
1094613943459479552,14399160,449,78737,156,931,73982,2008-04-15 18:01:12,3,3,2019-02-10 15:07:55,More than 20K still without power in West Michigan https://t.co/bHaAkcvm3Q
1094605335489400834,14399160,449,78737,156,931,73982,2008-04-15 18:01:12,1,2,2019-02-10 14:33:43,"Michigan man struck, killed by car as he crossed street https://t.co/wpcDti34IL"
1094597566535266304,14399160,449,78737,156,931,73982,2008-04-15 18:01:12,13,35,2019-02-10 14:02:51,Michigan native Donavan Brazier breaks long-standing U.S. track record https://t.co/NNootxszxx
1094596077553102850,14399160,449,78737,156,931,73982,2008-04-15 18:01:12,1,3,2019-02-10 13:56:56,"Michigan’s next storm starts Monday night, 6 things to know https://t.co/bnvFlXYK0W"
1094594396526444544,14399160,449,78737,156,931,73982,2008-04-15 18:01:12,2,4,2019-02-10 13:50:15,Whitmer calls state of emergency due to severe weather in Grand Rapids https://t.co/dmOT16fD7J
1094590310104137728,14399160,449,78737,156,931,73982,2008-04-15 18:01:12,0,1,2019-02-10 13:34:01,School board gets creative to keep Northview superintendent from retiring https://t.co/CviQtvF1PJ
1094370952639594498,14399160,449,78737,156,931,73982,2008-04-15 18:01:12,0,2,2019-02-09 23:02:22,Aerial photos show Grand River ice causing flooding problems in Portland https://t.co/C7wPsjEkuO
1094340679948472321,14399160,449,78737,156,931,73982,2008-04-15 18:01:12,1,3,2019-02-09 21:02:04,"As power comes back, Kent County consolidating emergency shelters https://t.co/b64ayqv62X"
1094322236029390848,14399160,449,78737,156,931,73982,2008-04-15 18:01:12,0,0,2019-02-09 19:48:47,Car crashes into Muskegon house https://t.co/zF6IMxofkJ
1094282923623223296,14399160,449,78737,156,931,73982,2008-04-15 18:01:12,1,3,2019-02-09 17:12:34,Holland police investigating death of person found near U.S. 31 ditch https://t.co/PbpqW2i0Gi
1094254954817208321,14399160,449,78737,156,931,73982,2008-04-15 18:01:12,2,3,2019-02-09 15:21:26,Consumers Energy offering free weekend movie tickets to customers without electricity https://t.co/VXVnWMyOe8
1094251626334949376,14399160,449,78737,156,931,73982,2008-04-15 18:01:12,1,0,2019-02-09 15:08:12,Muskegon-area basketball: North Muskegon boys tighten grip on league lead https://t.co/IVhRtgd2FB
1094248708525441024,14399160,449,78737,156,931,73982,2008-04-15 18:01:12,0,3,2019-02-09 14:56:36,Ex-MSU reliever from Grand Rapids area joins Cubs for spring training https://t.co/XFOIN9ZytS
1094238152129159168,14399160,449,78737,156,931,73982,2008-04-15 18:01:12,0,2,2019-02-09 14:14:40,Local state of emergency declared for Portland after ice jam and flooding https://t.co/63XVPjmkEx
1094235142808371203,14399160,449,78737,156,931,73982,2008-04-15 18:01:12,1,6,2019-02-09 14:02:42,Efforts to end ‘tampon tax’ revived in Michigan legislature https://t.co/e0zIvZnUUl
1094220111219748864,14399160,449,78737,156,931,73982,2008-04-15 18:01:12,1,0,2019-02-09 13:02:58,"Michigan prep basketball highlights, photos, scores, tweets for Feb. 8 https://t.co/uJCuPTJXc2"
1094219872211476481,14399160,449,78737,156,931,73982,2008-04-15 18:01:12,2,1,2019-02-09 13:02:01,West Michigan businesses get $9.9M from state for employee training https://t.co/6887jHpWwA
1094213450002243584,14399160,449,78737,156,931,73982,2008-04-15 18:01:12,1,0,2019-02-09 12:36:30,"150 kings, queens crowned at Night to Shine prom https://t.co/nUFclruxFg"
1094212320706916352,14399160,449,78737,156,931,73982,2008-04-15 18:01:12,1,4,2019-02-09 12:32:01,"Shipping containers eyed for residential, retail project on vacant Wealthy Street site https://t.co/nskQv3Tw9U"
1094115444221534208,14399160,449,78737,156,931,73982,2008-04-15 18:01:12,2,0,2019-02-09 06:07:04,Oakridge exacts revenge vs. Whitehall in all-time leading scorer’s home finale https://t.co/3ZMIwmFFeV
1094085223434850304,14399160,449,78737,156,931,73982,2008-04-15 18:01:12,1,0,2019-02-09 04:06:59,Grand Rapids basketball scoreboard for Feb. 8 https://t.co/Tma3fZDkbx
1094079850678231041,14399160,449,78737,156,931,73982,2008-04-15 18:01:12,0,0,2019-02-09 03:45:38,Stormy weather not stopping for U.S.; Four storms lined up for next two weeks https://t.co/iZoxj9VK7h
1094078247241961477,14399160,449,78737,156,931,73982,2008-04-15 18:01:12,0,0,2019-02-09 03:39:15,"Grand Haven school PFAS likely originated on site, officials say https://t.co/hLsw6S6Zpf"
1094072955364089856,14399160,449,78737,156,931,73982,2008-04-15 18:01:12,0,2,2019-02-09 03:18:14,"As ice jam and flooding persist, Portland building berm to protect sewage plant https://t.co/cK1I78c7ZG"
1094053355175976960,14399160,449,78737,156,931,73982,2008-04-15 18:01:12,1,2,2019-02-09 02:00:21,Kent County offering free pet boarding for those seeking warming shelters https://t.co/0KK1NyY8W4
1094045214338105346,14399160,449,78737,156,931,73982,2008-04-15 18:01:12,0,0,2019-02-09 01:28:00,Accused killer takes witness stand in murder trial for point-blank shooting https://t.co/Ds7bNNmFRL
1094041724870148096,14399160,449,78737,156,931,73982,2008-04-15 18:01:12,0,1,2019-02-09 01:14:08,Warming centers available in Muskegon County: authorities https://t.co/zfDxlhDltS
1094020938524491776,14399160,449,78737,156,931,73982,2008-04-15 18:01:12,0,0,2019-02-08 23:51:32,Winter Weather Advisory issued February 08 at 6:47PM EST until February 08 at 7:00PM EST by NWS https://t.co/7rdnEEyxv0
1093992317764202499,14399160,449,78737,156,931,73982,2008-04-15 18:01:12,0,0,2019-02-08 21:57:48,Police searching for teen who fell through river ice in Northern Michigan https://t.co/FTrdYnwCpj
1093977166642065409,14399160,449,78737,156,931,73982,2008-04-15 18:01:12,2,3,2019-02-08 20:57:36,"West Michiganders struggle without heat, power https://t.co/Ij4R26XcNT"
1093976253575643136,14399160,449,78737,156,931,73982,2008-04-15 18:01:12,0,0,2019-02-08 20:53:58,Winter Weather Advisory issued February 08 at 3:46PM EST until February 08 at 7:00PM EST by NWS https://t.co/M4IIrG6ZTp
1093973229599973376,14399160,449,78737,156,931,73982,2008-04-15 18:01:12,1,0,2019-02-08 20:41:57,Michigan high school wrestling power rankings: Playoff edition https://t.co/M9nXpiIb40
1093971307409100801,14399160,449,78737,156,931,73982,2008-04-15 18:01:12,1,1,2019-02-08 20:34:19,"Grand Valley State raises room, board rates 1.5 percent https://t.co/ZmLTXQTy9b"
1093966095881523202,14399160,449,78737,156,931,73982,2008-04-15 18:01:12,0,1,2019-02-08 20:13:36,"Bridges over Grand River in Portland closed because of ice jam, flooding intensifies https://t.co/u893ZheYcu"
1093964223619698689,14399160,449,78737,156,931,73982,2008-04-15 18:01:12,0,1,2019-02-08 20:06:10,Pro-Whitmer PAC faces fine over TV ads https://t.co/8P5Cxbv2E0
1093961420478341122,14399160,449,78737,156,931,73982,2008-04-15 18:01:12,0,2,2019-02-08 19:55:02,Gov. Whitmer eyes changes to Medicaid work requirements https://t.co/MOqPreQM45
1093958529000620032,14399160,449,78737,156,931,73982,2008-04-15 18:01:12,2,2,2019-02-08 19:43:32,Grand Valley finalizes 2019 football schedule with seventh home game https://t.co/bc6ZFc9p43
1093958441461260288,14399160,449,78737,156,931,73982,2008-04-15 18:01:12,1,0,2019-02-08 19:43:11,‘What did you do that for?' co-defendant asks alleged gunman in teen’s killing https://t.co/bGbaI4gU9X
1093952736691929088,14399160,449,78737,156,931,73982,2008-04-15 18:01:12,0,2,2019-02-08 19:20:31,Griffins trade first-year pro Trevor Yates https://t.co/sj1dVTnm6Q
1093952086155427841,14399160,449,78737,156,931,73982,2008-04-15 18:01:12,2,4,2019-02-08 19:17:56,11 vehicles involved in crashes that closed eastbound I-96 https://t.co/pIC6kIBDMK
1093943922655719424,14399160,449,78737,156,931,73982,2008-04-15 18:01:12,0,0,2019-02-08 18:45:30,Michigan State Police: Keep eyes peeled for malware-containing fraudulent emails https://t.co/YrKzJMzG9R
1093940314786680833,14399160,449,78737,156,931,73982,2008-04-15 18:01:12,0,1,2019-02-08 18:31:10,Byron Center’s Avery Zeinstra wins Grand Rapids Player of the Week https://t.co/sJcRGadnkQ
1093934084785618945,14399160,449,78737,156,931,73982,2008-04-15 18:01:12,3,6,2019-02-08 18:06:24,Underdog Wyoming Lee wrestling team wins first district championship https://t.co/CQYpqQ9wfS
1093925253968003076,14399160,449,78737,156,931,73982,2008-04-15 18:01:12,2,1,2019-02-08 17:31:19,"70 from retirement home evacuated as winter storm, power outage persist https://t.co/VRoyCbcP3X"
1093922337794207744,14399160,449,78737,156,931,73982,2008-04-15 18:01:12,0,1,2019-02-08 17:19:44,Fruitport Calvary Christian’s Brionna Johnson wins Chronicle Player of Week poll https://t.co/HwQAd9RFO9
1093910631470764032,14399160,449,78737,156,931,73982,2008-04-15 18:01:12,2,2,2019-02-08 16:33:13,Look up vaccination rates at any Michigan school or day care https://t.co/KRsogV4Hah
1093907170226262016,14399160,449,78737,156,931,73982,2008-04-15 18:01:12,0,0,2019-02-08 16:19:27,Air Force pledges to be ‘proactive’ on PFAS in Oscoda https://t.co/JTFpKvyjFH
1093901687973122048,14399160,449,78737,156,931,73982,2008-04-15 18:01:12,0,0,2019-02-08 15:57:40,Winter Weather Advisory issued February 08 at 10:56AM EST until February 08 at 7:00PM EST by NWS https://t.co/TbGU2GRXau
1093895172063092737,14399160,449,78737,156,931,73982,2008-04-15 18:01:12,0,1,2019-02-08 15:31:47,"Eastbound I-96 closed near Marne, multiple crashes reported https://t.co/K9mXdi8TUW"
1093893288388513793,14399160,449,78737,156,931,73982,2008-04-15 18:01:12,2,1,2019-02-08 15:24:18,West Michigan Whitecaps find new radio stations for 2019 season https://t.co/0CW9ipEFaE
1093891126350790656,14399160,449,78737,156,931,73982,2008-04-15 18:01:12,2,3,2019-02-08 15:15:42,"Hang on, Michigan, another ice storm could hit us next week https://t.co/qhWVxeA3oj"
1093887018436837376,14399160,449,78737,156,931,73982,2008-04-15 18:01:12,0,0,2019-02-08 14:59:23,"Muskegon to replace drinking water lines, upgrade filtration plant https://t.co/utVLf095pX"
1093874253764677634,14399160,449,78737,156,931,73982,2008-04-15 18:01:12,4,1,2019-02-08 14:08:39,Kids’ Food Basket announces emergency food assistance sites https://t.co/Trx4UqLTru
1093867986358882304,14399160,449,78737,156,931,73982,2008-04-15 18:01:12,1,1,2019-02-08 13:43:45,Nearly 200K Michiganders have been hit with power outages since Wednesday https://t.co/Y3mTCOscJw
1093866766491619328,14399160,449,78737,156,931,73982,2008-04-15 18:01:12,4,5,2019-02-08 13:38:54,Southbound U.S. 131 shut down after multi-vehicle pileup leaves victim pinned in wreckage https://t.co/PZrsmnByOu
1093859814973861888,14399160,449,78737,156,931,73982,2008-04-15 18:01:12,1,0,2019-02-08 13:11:17,"Firefighters battle cold, wind as fire damages house https://t.co/aQJrcdOFLM"
1093842949333544960,14399160,449,78737,156,931,73982,2008-04-15 18:01:12,1,2,2019-02-08 12:04:16,"Winds topping 50 mph, whiteout conditions, make travel hazardous Friday https://t.co/VbMUqxGXs0"
1093835393689112576,14399160,449,78737,156,931,73982,2008-04-15 18:01:12,2,1,2019-02-08 11:34:14,"West Michigan school closings for Friday, Feb. 8 https://t.co/7pM1b9HI9r"
1093827302620872704,14399160,449,78737,156,931,73982,2008-04-15 18:01:12,0,0,2019-02-08 11:02:05,Muskegon’s smallish point guard is ‘The Answer’ for Big Reds https://t.co/cAZKxGPEej
1093793161716092929,14399160,449,78737,156,931,73982,2008-04-15 18:01:12,0,1,2019-02-08 08:46:26,Winter Weather Advisory issued February 08 at 3:43AM EST until February 08 at 7:00PM EST by NWS https://t.co/Q1KcGTeClV
1093743769445433344,14399160,449,78737,156,931,73982,2008-04-15 18:01:12,0,0,2019-02-08 05:30:10,John Dingell had plenty of zingers on Twitter. Here's some of his best tweets https://t.co/LTKywztRSm
1093730429759295488,14399160,449,78737,156,931,73982,2008-04-15 18:01:12,1,1,2019-02-08 04:37:09,Muskegon-area district wrestling results and what’s next for the champs https://t.co/uBpH9ZTI1y
1093708844352634880,14399160,449,78737,156,931,73982,2008-04-15 18:01:12,1,0,2019-02-08 03:11:23,Grand Rapids district wrestling results and what’s next for the champs https://t.co/7pfAEXnxXn
1093706393343979521,14399160,449,78737,156,931,73982,2008-04-15 18:01:12,0,1,2019-02-08 03:01:38,Winter Weather Advisory issued February 07 at 9:55PM EST until February 08 at 7:00PM EST by NWS https://t.co/bjl3oGyYCF
1093696849863675904,14399160,449,78737,156,931,73982,2008-04-15 18:01:12,0,1,2019-02-08 02:23:43,State police close 30 miles of U.P. highway amid blizzard warning https://t.co/vcw4lHfSF4
1093688215574364162,14399160,449,78737,156,931,73982,2008-04-15 18:01:12,0,0,2019-02-08 01:49:24,"Police think pastor staged suicide to look like a killing, family disputes idea https://t.co/ABXcVIQF8r"
1093679385692028930,14399160,449,78737,156,931,73982,2008-04-15 18:01:12,1,0,2019-02-08 01:14:19,Grand Rapids Food Co-op announces new location https://t.co/N5JI5IWXUa
1093668363547623426,14399160,449,78737,156,931,73982,2008-04-15 18:01:12,0,1,2019-02-08 00:30:31,Grand Valley hires company to test air quality as DEQ investigates factory’s pollution https://t.co/gWXJw7wRuN
1093664360315138053,14399160,449,78737,156,931,73982,2008-04-15 18:01:12,3,0,2019-02-08 00:14:37,Shelters open to those without power in West Michigan https://t.co/qhWgQw63BF
1093657925829251072,14399160,449,78737,156,931,73982,2008-04-15 18:01:12,0,1,2019-02-07 23:49:03,See all the photos from Michigan's Best visit to Tootsie's Diner https://t.co/Bqpsm1Rp3P
1093648117289967616,14399160,449,78737,156,931,73982,2008-04-15 18:01:12,2,0,2019-02-07 23:10:04,Power outages in Michigan may last through weekend https://t.co/j8zaiI5B6r
1093624108842139651,14399160,449,78737,156,931,73982,2008-04-15 18:01:12,2,8,2019-02-07 21:34:40,Freezing rain creates ‘ghost apples’ in West Michigan https://t.co/xxm7xLEBCb
1093622320680321024,14399160,449,78737,156,931,73982,2008-04-15 18:01:12,0,1,2019-02-07 21:27:34,"Consumers fire highlights ongoing gas safety issues in Michigan, regulator says https://t.co/5OwZLQdmpH"
1093619941805359104,14399160,449,78737,156,931,73982,2008-04-15 18:01:12,0,1,2019-02-07 21:18:07,Weeping witness recounts murder confession https://t.co/EhL8yCeQVQ
1093616732038668289,14399160,449,78737,156,931,73982,2008-04-15 18:01:12,0,0,2019-02-07 21:05:21,Winter Weather Advisory issued February 07 at 4:00PM EST until February 08 at 7:00PM EST by NWS https://t.co/VfunHaZhZZ
1093616416568283136,14399160,449,78737,156,931,73982,2008-04-15 18:01:12,0,0,2019-02-07 21:04:06,Black History Month presentation brings story of 1967 riots to a new generation https://t.co/lRxspYXPfv
1093614110300954624,14399160,449,78737,156,931,73982,2008-04-15 18:01:12,0,0,2019-02-07 20:54:56,Muskegon County Airport sees significant increase in passengers https://t.co/zjGc5XKUhn
1093612298692952069,14399160,449,78737,156,931,73982,2008-04-15 18:01:12,0,0,2019-02-07 20:47:44,Michigan man charged with 8th OWI https://t.co/xkbFb42lfw
1093607183940489218,14399160,449,78737,156,931,73982,2008-04-15 18:01:12,0,0,2019-02-07 20:27:25,John Glenn grad Cassidy Boensch lands National Player of the Week at GVSU https://t.co/6Y5yUf6TEm
1093607148234379264,14399160,449,78737,156,931,73982,2008-04-15 18:01:12,2,0,2019-02-07 20:27:17,"Ice jam in ‘stall mode,’ breakup on Grand River hard to predict https://t.co/H5Cl7G0AcY"
1093603647940907008,14399160,449,78737,156,931,73982,2008-04-15 18:01:12,1,1,2019-02-07 20:13:22,Muskegon’s girls hoops team opts to forfeit tonight’s game after altercation at Union https://t.co/ibP9nZ0iJw
1093596633487605761,14399160,449,78737,156,931,73982,2008-04-15 18:01:12,1,1,2019-02-07 19:45:30,See all of the photos from Michigan’s Best visit to Matchbox Diner &amp; Drinks https://t.co/dA6ruLRC6a
1093594300858986496,14399160,449,78737,156,931,73982,2008-04-15 18:01:12,3,1,2019-02-07 19:36:13,Power outages in Michigan continue to grow with about 140K affected https://t.co/gQPrYKZwRK
1093593718081421317,14399160,449,78737,156,931,73982,2008-04-15 18:01:12,0,0,2019-02-07 19:33:55,Michigan truck driver runs over man who tried to take shortcut underneath trailer https://t.co/6PObcyfVD7
1093584459050479619,14399160,449,78737,156,931,73982,2008-04-15 18:01:12,0,1,2019-02-07 18:57:07,Pentatonix to tour with Rachel Platten with a stop in Grand Rapids https://t.co/IXQsSzWGwg
1093582733530595328,14399160,449,78737,156,931,73982,2008-04-15 18:01:12,1,0,2019-02-07 18:50:16,Middle school students invited to ‘Fall in Love with STEM’ https://t.co/wiTL9O9MBI
1093581017569546243,14399160,449,78737,156,931,73982,2008-04-15 18:01:12,1,1,2019-02-07 18:43:26,"If Flash Freeze occurs, here’s the timeline https://t.co/7eDkDWktIk"
1093573935529103360,14399160,449,78737,156,931,73982,2008-04-15 18:01:12,1,1,2019-02-07 18:15:18,Freighter docked on Lake Superior has hour-long air horn malfunction https://t.co/imTu4aORXj
1093569856568524802,14399160,449,78737,156,931,73982,2008-04-15 18:01:12,1,0,2019-02-07 17:59:06,"Teen who killed brother gets another conviction, avoids prison despite objections https://t.co/i8K4yMCYcJ"
1093555402246107136,14399160,449,78737,156,931,73982,2008-04-15 18:01:12,1,0,2019-02-07 17:01:39,"Top 15 women's college basketball scorers in Michigan, regardless of division https://t.co/FVi6MHHif9"
1093553980779741185,14399160,449,78737,156,931,73982,2008-04-15 18:01:12,0,2,2019-02-07 16:56:00,Man in underwear barges into Michigan home with stolen TV https://t.co/aepjQ1U1fJ
1093551571957411841,14399160,449,78737,156,931,73982,2008-04-15 18:01:12,0,1,2019-02-07 16:46:26,"Woman who died in jail ‘not treated well by staff,’ cellmate says https://t.co/DGHckuaKLA"
1093549747451891716,14399160,449,78737,156,931,73982,2008-04-15 18:01:12,1,1,2019-02-07 16:39:11,"Tree crashes on house, power lines down: Day 2 of ice storm keeps rescuers rushing https://t.co/9hUx2Qu12x"
1093547574714355712,14399160,449,78737,156,931,73982,2008-04-15 18:01:12,0,0,2019-02-07 16:30:33,Winter Weather Advisory issued February 07 at 11:21AM EST until February 08 at 7:00PM EST by NWS https://t.co/j1foNzzpOz
1093544678606155777,14399160,449,78737,156,931,73982,2008-04-15 18:01:12,0,2,2019-02-07 16:19:03,Improvements coming to 2 Kentwood park facilities this spring https://t.co/wYmiY68APE
1093541802467119104,14399160,449,78737,156,931,73982,2008-04-15 18:01:12,2,1,2019-02-07 16:07:37,Power outages in Michigan skyrocket to more than 110K Thursday morning https://t.co/FLmayb2y9e
1093541230129147904,14399160,449,78737,156,931,73982,2008-04-15 18:01:12,1,0,2019-02-07 16:05:20,"See updated OK Conference standings, Feb. 8 schedules https://t.co/fZGLr3wcKb"
1093537208773066752,14399160,449,78737,156,931,73982,2008-04-15 18:01:12,1,1,2019-02-07 15:49:22,See all the photos from Michigan's Best visit to The Nook https://t.co/HnJNWdY0JM
1093535319528558592,14399160,449,78737,156,931,73982,2008-04-15 18:01:12,1,0,2019-02-07 15:41:51,National Signing Day 2019: Mona Shores pipeline opens with Ferris State https://t.co/RIeVXUlR8A
1093510229554274304,14399160,449,78737,156,931,73982,2008-04-15 18:01:12,0,0,2019-02-07 14:02:09,Developer offers to buy skeletal downtown Muskegon building with several caveats https://t.co/FdsUP45EpW
1093506161440112640,14399160,449,78737,156,931,73982,2008-04-15 18:01:12,1,0,2019-02-07 13:45:59,"About 35K Michiganders still without power, restoration expected by midnight https://t.co/SXtBIWGwG1"
1093495709960151041,14399160,449,78737,156,931,73982,2008-04-15 18:01:12,0,1,2019-02-07 13:04:28,"Weather warnings and advisories galore across Michigan today, including blizzard warning https://t.co/oVd6aG7ne1"
1093490368790839298,14399160,449,78737,156,931,73982,2008-04-15 18:01:12,1,1,2019-02-07 12:43:14,"See Filip Hronek’s late heroics: 2 blasts, 2 goals and 2-1 Griffins win https://t.co/TrWuPYw8nA"
1093485120458317829,14399160,449,78737,156,931,73982,2008-04-15 18:01:12,2,1,2019-02-07 12:22:23,National Signing Day 2019: List of Muskegon-area college-bound senior athletes https://t.co/ijj53n9JaW
1093479767624638465,14399160,449,78737,156,931,73982,2008-04-15 18:01:12,2,3,2019-02-07 12:01:07,"New $4.5M apartment, retail building part of Hudsonville revitalization https://t.co/xMubcDOwSm"
1093473870479351808,14399160,449,78737,156,931,73982,2008-04-15 18:01:12,1,2,2019-02-07 11:37:41,"Over 200 West Michigan schools closed or delayed on Thursday, Feb. 7 https://t.co/dU4TWAuxyM"
1093472687521964032,14399160,449,78737,156,931,73982,2008-04-15 18:01:12,4,12,2019-02-07 11:32:59,Michigan’s historic Fishtown lights up to celebrate $3M milestone https://t.co/XgB8Sohbgf
1093468133610979330,14399160,449,78737,156,931,73982,2008-04-15 18:01:12,1,0,2019-02-07 11:14:53,Reeths-Puffer basketball’s 11-game win streak stopped by Kenowa Hills in 3 OTs https://t.co/N01S2xTteJ
1093464682415964161,14399160,449,78737,156,931,73982,2008-04-15 18:01:12,1,1,2019-02-07 11:01:10,"WMU football adds two defensive linemen, QB on National Signing Day https://t.co/zR7g5yiyfF"
1093431764905791488,14399160,449,78737,156,931,73982,2008-04-15 18:01:12,1,1,2019-02-07 08:50:22,Winter Weather Advisory issued February 07 at 3:38AM EST until February 08 at 7:00PM EST by NWS https://t.co/VpR32P7qix
1093354511014481925,14399160,449,78737,156,931,73982,2008-04-15 18:01:12,0,0,2019-02-07 03:43:23,Michael Rasmussen feels ‘fine’ and ready for return to Red Wings https://t.co/M1cbD1Kca9
1093353359560658944,14399160,449,78737,156,931,73982,2008-04-15 18:01:12,1,0,2019-02-07 03:38:49,"Purdue-bound LB from Mona Shores really liked WMU, used to like MSU https://t.co/4TWDcMkVQd"
1093332555418533892,14399160,449,78737,156,931,73982,2008-04-15 18:01:12,0,0,2019-02-07 02:16:09,Winter Weather Advisory issued February 06 at 9:10PM EST until February 07 at 12:00PM EST by NWS https://t.co/ORHAdXNHc5
1093329863631613954,14399160,449,78737,156,931,73982,2008-04-15 18:01:12,1,4,2019-02-07 02:05:27,"New winter storm warnings, winter weather advisories now covering part of Michigan including Traverse City https://t.co/3GF3Bbt04L"
1093325276136775682,14399160,449,78737,156,931,73982,2008-04-15 18:01:12,0,0,2019-02-07 01:47:13,"Man who shot cat inside apartment, then got shot by police, takes plea https://t.co/QX6jUJYENB"
1093311127700807681,14399160,449,78737,156,931,73982,2008-04-15 18:01:12,1,0,2019-02-07 00:51:00,Here's what happened on national signing day around Michigan https://t.co/fLfjEvTLNZ
1093280364943032320,14399160,449,78737,156,931,73982,2008-04-15 18:01:12,1,1,2019-02-06 22:48:45,National Signing Day 2019: Davenport University signs 41 new players https://t.co/p1P5zGP8kp
1093274948783800321,14399160,449,78737,156,931,73982,2008-04-15 18:01:12,0,2,2019-02-06 22:27:14,Retired pastor’s shooting death determined to be self-inflicted: death record https://t.co/mXxy6ij3Jj
1093274024719855622,14399160,449,78737,156,931,73982,2008-04-15 18:01:12,1,0,2019-02-06 22:23:34,National Signing Day 2019: Ferris State focused on winners in 33-man class https://t.co/WKadU24hDO
1093261536771170305,14399160,449,78737,156,931,73982,2008-04-15 18:01:12,2,4,2019-02-06 21:33:56,Incoming East Grand Rapids city manager ‘eager to get started’ https://t.co/kR0lx5qBgi
1093258710611361794,14399160,449,78737,156,931,73982,2008-04-15 18:01:12,1,3,2019-02-06 21:22:43,Grand Rapids police officer recognized by Department of Justice https://t.co/Mn1RZ4kC5q
1093255738414256128,14399160,449,78737,156,931,73982,2008-04-15 18:01:12,1,0,2019-02-06 21:10:54,"Outdoor seating, wider sidewalks coming soon to Midtown Muskegon https://t.co/KSwJ2kJZrE"
1093252779114725385,14399160,449,78737,156,931,73982,2008-04-15 18:01:12,2,1,2019-02-06 20:59:08,"Alcohol banned on small sections of AuSable, Manistee, Pine rivers https://t.co/iw8MEH5btS"
1093250630720897024,14399160,449,78737,156,931,73982,2008-04-15 18:01:12,0,1,2019-02-06 20:50:36,Winter Weather Advisory issued February 06 at 3:46PM EST until February 07 at 12:00PM EST by NWS https://t.co/QKbpiLByMr
1093241099987107843,14399160,449,78737,156,931,73982,2008-04-15 18:01:12,1,0,2019-02-06 20:12:44,Little League disappointed after ‘trusted’ board member allegedly steals $20K https://t.co/lsNW3tbGKq
1093230463752257538,14399160,449,78737,156,931,73982,2008-04-15 18:01:12,2,1,2019-02-06 19:30:28,"‘I have no clue what I’m going home to,’ resident says after Grand River flood https://t.co/XmdYbQ8xDU"
1093223944189108224,14399160,449,78737,156,931,73982,2008-04-15 18:01:12,1,4,2019-02-06 19:04:34,Lake Michigan shoreline added to national forest in Upper Peninsula https://t.co/D4FLaLpJJY
1093222712418492417,14399160,449,78737,156,931,73982,2008-04-15 18:01:12,0,1,2019-02-06 18:59:40,See all of the photos from Michigan's Best visit to 76th Street Truckstop Diner https://t.co/l6pEK17mHE
1093213014369714177,14399160,449,78737,156,931,73982,2008-04-15 18:01:12,1,0,2019-02-06 18:21:08,National Signing Day 2019: Meet 33 newcomers to Grand Valley State https://t.co/Jk73HLKv58
1093208611814338560,14399160,449,78737,156,931,73982,2008-04-15 18:01:12,0,0,2019-02-06 18:03:38,Investigators look at downed power line after fire damages house https://t.co/TXfiyT46mE
1093208190437810178,14399160,449,78737,156,931,73982,2008-04-15 18:01:12,1,1,2019-02-06 18:01:58,Reeths-Puffer trio elevates Muskegon CC women’s basketball to national relevance https://t.co/IcjkqCQxMn
1093208050272530432,14399160,449,78737,156,931,73982,2008-04-15 18:01:12,0,0,2019-02-06 18:01:24,Fight empties courtroom during Muskegon murder trial https://t.co/J78WJi6eNw
1093202175084380161,14399160,449,78737,156,931,73982,2008-04-15 18:01:12,5,5,2019-02-06 17:38:03,Wolf relocated to Isle Royale uses Polar Vortex ice bridge to head back to mainland https://t.co/qBqObC87sY
1093192962333437952,14399160,449,78737,156,931,73982,2008-04-15 18:01:12,0,0,2019-02-06 17:01:27,Winter Weather Advisory issued February 06 at 11:58AM EST until February 07 at 12:00PM EST by NWS https://t.co/vRVHQZ7asW
1093191804843896833,14399160,449,78737,156,931,73982,2008-04-15 18:01:12,1,0,2019-02-06 16:56:51,Search underway for new football coach at Forest Hills Northern https://t.co/pCGBq2FW8M
1093191055313461248,14399160,449,78737,156,931,73982,2008-04-15 18:01:12,0,0,2019-02-06 16:53:52,Man who crossed U.S.-Canada border with child porn wore ‘I am a child molester’ shirt https://t.co/NcRaThDqhV
1093189275963801601,14399160,449,78737,156,931,73982,2008-04-15 18:01:12,0,0,2019-02-06 16:46:48,Man murdered after he felt disrespected by victim’s brother: prosecutor https://t.co/JNlFGyB0kK
1093182816727285765,14399160,449,78737,156,931,73982,2008-04-15 18:01:12,0,0,2019-02-06 16:21:08,"Power line fire, blown transformer caught on police dashcam video https://t.co/okZRp2UmAO"
1093177572991647745,14399160,449,78737,156,931,73982,2008-04-15 18:01:12,2,0,2019-02-06 16:00:18,"Power outages continue across Michigan, some restoration times 24+ hours away https://t.co/tKVJMlv5xJ"
1093171354143215616,14399160,449,78737,156,931,73982,2008-04-15 18:01:12,1,0,2019-02-06 15:35:35,National Signing Day 2019: Athletes battle ice storm to sign in Grand Rapids https://t.co/dKMay0lVPI
1093163097773260801,14399160,449,78737,156,931,73982,2008-04-15 18:01:12,1,3,2019-02-06 15:02:47,National signing day: Where Michigan's top 50 football recruits are heading https://t.co/07cpMCQX9w
1093158776834871296,14399160,449,78737,156,931,73982,2008-04-15 18:01:12,0,0,2019-02-06 14:45:36,Winter Weather Advisory issued February 06 at 9:29AM EST until February 06 at 1:00PM EST by NWS https://t.co/KIOPhneKNc
1093150649913614336,14399160,449,78737,156,931,73982,2008-04-15 18:01:12,0,0,2019-02-06 14:13:19,"Kent County hotel revenue hits record high, occupancy rate flat https://t.co/Rje3QeFbFY"
1093148412281798657,14399160,449,78737,156,931,73982,2008-04-15 18:01:12,0,1,2019-02-06 14:04:25,First-person view of the icy mess we’re facing just to open our cars https://t.co/fO8qSRH1p7
1093133239512977409,14399160,449,78737,156,931,73982,2008-04-15 18:01:12,1,2,2019-02-06 13:04:08,Where Michigan’s Best Diner search is headed for Week 1 https://t.co/TjkFf57aDl
1093132763929169920,14399160,449,78737,156,931,73982,2008-04-15 18:01:12,1,0,2019-02-06 13:02:15,Naitonal signing day: The state's top unsigned football players https://t.co/dzc0ByqGfR
1093132519292186625,14399160,449,78737,156,931,73982,2008-04-15 18:01:12,0,0,2019-02-06 13:01:16,Winter Weather Advisory issued February 06 at 7:37AM EST until February 06 at 1:00PM EST by NWS https://t.co/CB0rpIKPWp
1093124484956147712,14399160,449,78737,156,931,73982,2008-04-15 18:01:12,2,2,2019-02-06 12:29:21,50 residents evacuated in Ionia County after Grand River flooding https://t.co/RRuDAQJaZW
1093119831090565120,14399160,449,78737,156,931,73982,2008-04-15 18:01:12,1,1,2019-02-06 12:10:51,Michigan college hockey power rankings: Only 1 month left in regular season https://t.co/ORhpbS0aEb
1093119787998371841,14399160,449,78737,156,931,73982,2008-04-15 18:01:12,2,1,2019-02-06 12:10:41,Kent County has most of state’s power outages https://t.co/KtBJ3UZ4lN
1093112790779351040,14399160,449,78737,156,931,73982,2008-04-15 18:01:12,1,0,2019-02-06 11:42:53,"Grand Rapids schools, others closed or delayed after ice storm https://t.co/q5xF6q49Tb"
1093112233364733953,14399160,449,78737,156,931,73982,2008-04-15 18:01:12,1,1,2019-02-06 11:40:40,More than 40K Michiganders without power as freezing rain sweeps through state https://t.co/fQyYbGgnMH
1093063122896764928,14399160,449,78737,156,931,73982,2008-04-15 18:01:12,0,1,2019-02-06 08:25:31,Winter Weather Advisory issued February 06 at 3:22AM EST until February 06 at 1:00PM EST by NWS https://t.co/5VADX1P3Yd
1093024745749123072,14399160,449,78737,156,931,73982,2008-04-15 18:01:12,1,0,2019-02-06 05:53:01,Muskegon-area basketball: Grand Haven girls suffer 1st loss; Grant boys surprise https://t.co/03Nwj8z73p
1092994411963863040,14399160,449,78737,156,931,73982,2008-04-15 18:01:12,1,0,2019-02-06 03:52:29,"Grand Rapids boys, girls basketball scores for Feb. 5 https://t.co/Uyp1FOOWbd"
1092978768896016385,14399160,449,78737,156,931,73982,2008-04-15 18:01:12,0,0,2019-02-06 02:50:19,Winter Weather Advisory issued February 05 at 9:43PM EST until February 06 at 1:00PM EST by NWS https://t.co/rWdMAuPRea
1092943564756135936,14399160,449,78737,156,931,73982,2008-04-15 18:01:12,1,2,2019-02-06 00:30:26,Grand Rapids-area schools maxed out of snow days with freezing rain coming https://t.co/n9A3NiCvDH
1092913190671998976,14399160,449,78737,156,931,73982,2008-04-15 18:01:12,1,1,2019-02-05 22:29:44,Wyoming hotel project receives $640K in state assistance https://t.co/WgFQmXUzbF
1092911534999781377,14399160,449,78737,156,931,73982,2008-04-15 18:01:12,0,2,2019-02-05 22:23:09,Red Wings sign Turner Elson to two-year contract https://t.co/TWipqaGinU
1092908562651717633,14399160,449,78737,156,931,73982,2008-04-15 18:01:12,1,1,2019-02-05 22:11:21,Muskegon schools at risk of extending into summer https://t.co/BrN4MntSzm
1092907426637115393,14399160,449,78737,156,931,73982,2008-04-15 18:01:12,0,0,2019-02-05 22:06:50,YMCA child care program to shutter after ‘repeated violations of inappropriate supervision’ https://t.co/DtmOKoilEE
1092899876785016838,14399160,449,78737,156,931,73982,2008-04-15 18:01:12,0,0,2019-02-05 21:36:50,Tony Federighe accused of breaking into condo of son’s alleged killer https://t.co/00g2kyUcGK
1092891767022776325,14399160,449,78737,156,931,73982,2008-04-15 18:01:12,1,1,2019-02-05 21:04:36,"You may pay more for recycling in some Grand Rapids-area communities, and here’s why https://t.co/SpzqoKn990"
1092888846356893696,14399160,449,78737,156,931,73982,2008-04-15 18:01:12,0,1,2019-02-05 20:53:00,Woman charged in teen’s traffic death on U.S. 131 https://t.co/Cym7TMqtFs
1092885709436932097,14399160,449,78737,156,931,73982,2008-04-15 18:01:12,1,2,2019-02-05 20:40:32,Winter Weather Advisory issued February 05 at 3:33PM EST until February 06 at 1:00PM EST by NWS https://t.co/vn5Qsuu1dw
1092878331568160768,14399160,449,78737,156,931,73982,2008-04-15 18:01:12,1,7,2019-02-05 20:11:13,Michigan’s daily limit for yellow perch reduced from 50 to 25 https://t.co/2dhTWo1VDJ
1092873105553395712,14399160,449,78737,156,931,73982,2008-04-15 18:01:12,0,1,2019-02-05 19:50:27,Reward money climbs as police seek tips in 2017 firebombing https://t.co/AHnqJJR03r
1092863091635822598,14399160,449,78737,156,931,73982,2008-04-15 18:01:12,1,0,2019-02-05 19:10:40,Orchard View Schools to focus on running water in 1st sinking fund project https://t.co/G3jCN5j7py
1092860870936485888,14399160,449,78737,156,931,73982,2008-04-15 18:01:12,1,1,2019-02-05 19:01:50,Murder victim found under North Carolina billboard in 1998 is boy from Michigan https://t.co/TbJXrJOsjG
1092856728591454208,14399160,449,78737,156,931,73982,2008-04-15 18:01:12,1,0,2019-02-05 18:45:23,5 takeaways from Grand Rapids’ first ‘Digital Town Hall’ https://t.co/eymVLEwtFR
1092849603987279873,14399160,449,78737,156,931,73982,2008-04-15 18:01:12,1,0,2019-02-05 18:17:04,"Column: NASCAR to take wins away from cheaters, but cheaters are going to cheat https://t.co/Y7Zo3kOdGM"
1092848939454418944,14399160,449,78737,156,931,73982,2008-04-15 18:01:12,1,0,2019-02-05 18:14:25,WMU hockey stays in top 10 after series split with Omaha https://t.co/H9xQIKGKeY
1092837410143158272,14399160,449,78737,156,931,73982,2008-04-15 18:01:12,0,0,2019-02-05 17:28:37,Michigan’s sturgeon season on Black Lake over in 78 minutes https://t.co/V6b02PLX5z
1092832980962299904,14399160,449,78737,156,931,73982,2008-04-15 18:01:12,1,0,2019-02-05 17:11:01,What does future hold for Michigan Girls Wrestling State Championships? https://t.co/i0PoUY3fUf
1092832141740818432,14399160,449,78737,156,931,73982,2008-04-15 18:01:12,1,2,2019-02-05 17:07:41,"Michigan’s gas prices spike as predicted, up more than 10 cents week-over-week https://t.co/nKvkTJCoUu"
1092826756569067521,14399160,449,78737,156,931,73982,2008-04-15 18:01:12,0,2,2019-02-05 16:46:17,Itzhak Perlman to make first appearance with Grand Rapids Symphony in 2019-2020 season https://t.co/DyD1HS2wcX
1092824360652627971,14399160,449,78737,156,931,73982,2008-04-15 18:01:12,0,3,2019-02-05 16:36:45,Jason Dalton sentenced to life in prison for 2016 Kalamazoo killings https://t.co/8V5bpQwIZB
1092822865689411584,14399160,449,78737,156,931,73982,2008-04-15 18:01:12,2,2,2019-02-05 16:30:49,Winter Weather Advisory issued February 05 at 11:27AM EST until February 06 at 1:00PM EST by NWS https://t.co/SNgVii6sOa
1092821067138326529,14399160,449,78737,156,931,73982,2008-04-15 18:01:12,3,3,2019-02-05 16:23:40,Power Poll: Couple of top-5 games this week for Muskegon-area girls basketball https://t.co/yoBfM37K3c
1092814604491739137,14399160,449,78737,156,931,73982,2008-04-15 18:01:12,0,0,2019-02-05 15:57:59,"Charlotte Russe files for bankruptcy, will close 4 Michigan stores https://t.co/wNj2wauTp3"
1092810533785481218,14399160,449,78737,156,931,73982,2008-04-15 18:01:12,1,0,2019-02-05 15:41:49,"See Grand Rapids parks projects completed in 2018, plus top 5 with dedicated tax https://t.co/SAjeuZYtS1"
1092806454397095936,14399160,449,78737,156,931,73982,2008-04-15 18:01:12,1,3,2019-02-05 15:25:36,Special needs Michigan man becomes Eagle Scout at 61 https://t.co/uJVS0DdJyq
1092801823247945729,14399160,449,78737,156,931,73982,2008-04-15 18:01:12,0,1,2019-02-05 15:07:12,Grand Rapids taxpayers' dedicated parks millage producing better grades so far https://t.co/bEhD1nmXiK
1092801256438026242,14399160,449,78737,156,931,73982,2008-04-15 18:01:12,1,0,2019-02-05 15:04:57,Muskegon-area boys basketball Power Poll heats up with districts approaching https://t.co/wsmXCj3ozF
1092800672209215488,14399160,449,78737,156,931,73982,2008-04-15 18:01:12,1,0,2019-02-05 15:02:38,Two simple graphics show how Wednesday morning could be a skating rink with freezing rain https://t.co/bDkqcKNzXS
1092795412069666816,14399160,449,78737,156,931,73982,2008-04-15 18:01:12,0,1,2019-02-05 14:41:44,Man sent to prison for shooting ex who feared ‘he was going to kill me’ https://t.co/FRdPsfY381
1092770420703535104,14399160,449,78737,156,931,73982,2008-04-15 18:01:12,0,0,2019-02-05 13:02:25,Moon and White milestones highlight MLive's Mr. Basketball watch list https://t.co/mvTIDJqYzh
1092766916698099714,14399160,449,78737,156,931,73982,2008-04-15 18:01:12,1,2,2019-02-05 12:48:30,"Muskegon-area basketball: Kent City girls keep rolling, ranked No. 2 in state https://t.co/YpLEPOAO7O"
1092762713665748992,14399160,449,78737,156,931,73982,2008-04-15 18:01:12,1,0,2019-02-05 12:31:48,Watch list update: Miss Basketball candidates square off https://t.co/LfvlSPwxSK
1092762713661542400,14399160,449,78737,156,931,73982,2008-04-15 18:01:12,1,0,2019-02-05 12:31:48,"3-pointer has changed high school basketball, but for better or worse? https://t.co/mvjR2d82tz"
1092761780512804864,14399160,449,78737,156,931,73982,2008-04-15 18:01:12,0,0,2019-02-05 12:28:05,National signing day has lost fanfare and it might not gain it back https://t.co/4ux92aaEuS
1092756354173988864,14399160,449,78737,156,931,73982,2008-04-15 18:01:12,1,0,2019-02-05 12:06:31,The greatest 3-point performances in Michigan high school history https://t.co/9Ui5ifxhu3
1092755712365789184,14399160,449,78737,156,931,73982,2008-04-15 18:01:12,1,0,2019-02-05 12:03:58,State powers stumble in Michigan Girls Basketball Top 25 Rankings https://t.co/Dp7fzEgtrT
1092755173326360576,14399160,449,78737,156,931,73982,2008-04-15 18:01:12,1,0,2019-02-05 12:01:50,"Power Poll: South Christian boys, Coopersville girls on the move https://t.co/dUJFlUlPdF"
1092748287864639489,14399160,449,78737,156,931,73982,2008-04-15 18:01:12,1,0,2019-02-05 11:34:28,Man critically injured in collision with semi-truck on U.S. 31 https://t.co/mvsERc8PFU
1092702119491178496,14399160,449,78737,156,931,73982,2008-04-15 18:01:12,0,0,2019-02-05 08:31:01,Winter Weather Advisory issued February 05 at 3:27AM EST until February 06 at 1:00PM EST by NWS https://t.co/bOkw4knxvp
1092629068070248448,14399160,449,78737,156,931,73982,2008-04-15 18:01:12,2,3,2019-02-05 03:40:44,"OK Conference standings, Feb. 5 schedules https://t.co/IeP1967TVF"
1092607070912868352,14399160,449,78737,156,931,73982,2008-04-15 18:01:12,1,5,2019-02-05 02:13:20,"Red Wings prospect Givani Smith tells kids it’s about hockey, not color https://t.co/9juEzi5hE7"
1092582870667980800,14399160,449,78737,156,931,73982,2008-04-15 18:01:12,1,0,2019-02-05 00:37:10,Ice on Great Lakes rapidly expands after record cold https://t.co/WQgA2z92eK
1092557797135392769,14399160,449,78737,156,931,73982,2008-04-15 18:01:12,2,0,2019-02-04 22:57:32,HopCat closes Chicago location https://t.co/JmcB4wsWcO
1092533945101676550,14399160,449,78737,156,931,73982,2008-04-15 18:01:12,0,0,2019-02-04 21:22:45,Assault on police leads to charges for Northern Michigan man https://t.co/d7DCw50Own
1092532485852942339,14399160,449,78737,156,931,73982,2008-04-15 18:01:12,1,0,2019-02-04 21:16:57,Latest Michigan boys hockey school hockey rankings https://t.co/1n7QXys1vC
1092532187340173314,14399160,449,78737,156,931,73982,2008-04-15 18:01:12,1,2,2019-02-04 21:15:46,Trident-wielding surfers ride Lake Superior waves during Polar Vortex https://t.co/HOLOOfNcXu
1092525789474631686,14399160,449,78737,156,931,73982,2008-04-15 18:01:12,2,0,2019-02-04 20:50:21,Winter Weather Advisory issued February 04 at 3:43PM EST until February 06 at 1:00PM EST by NWS https://t.co/EIae8GgDBu
1092522949301682177,14399160,449,78737,156,931,73982,2008-04-15 18:01:12,1,1,2019-02-04 20:39:03,Muskegon duo’s arrests tied to double murder in North Carolina https://t.co/BldA79Rx4V
1092519976253165569,14399160,449,78737,156,931,73982,2008-04-15 18:01:12,0,0,2019-02-04 20:27:15,Michigan Supreme Court to rule on local control over medical marijuana caregivers https://t.co/uh69lHoNSI
1092502142395580423,14399160,449,78737,156,931,73982,2008-04-15 18:01:12,2,0,2019-02-04 19:16:23,Grand Rapids NorthPointe Christian coach Tim Swore steps down https://t.co/DeVgAn8kNB
1092497520285179905,14399160,449,78737,156,931,73982,2008-04-15 18:01:12,1,4,2019-02-04 18:58:01,"Michigan ‘by far’ the deadliest state for winter driving, report says https://t.co/UM2qkZu2YE"
1092493955919474689,14399160,449,78737,156,931,73982,2008-04-15 18:01:12,1,2,2019-02-04 18:43:51,Consumers Energy Super Bowl ad thanks Michiganders for turning down heat https://t.co/QeTGnpPaBw
1092487975060074496,14399160,449,78737,156,931,73982,2008-04-15 18:01:12,0,0,2019-02-04 18:20:05,"Gas prices in Michigan, Midwest could substantially spike Monday, analyst warns https://t.co/GmxiJ2oao6"
1092486839687094272,14399160,449,78737,156,931,73982,2008-04-15 18:01:12,0,1,2019-02-04 18:15:34,"Gov. Whitmer restructures, renames Department of Environmental Quality https://t.co/lsCFXQW1Le"
1092477721152757760,14399160,449,78737,156,931,73982,2008-04-15 18:01:12,1,2,2019-02-04 17:39:20,What should Grand Rapids look for in its next police chief? https://t.co/Qf0NO0p8xr
1092467633457373185,14399160,449,78737,156,931,73982,2008-04-15 18:01:12,0,0,2019-02-04 16:59:15,U.P. vandal who damaged statue of local hero ordered to write apology to community https://t.co/6ELFF1BUJP
1092461294089920512,14399160,449,78737,156,931,73982,2008-04-15 18:01:12,1,0,2019-02-04 16:34:04,Snowmobilers who fell into Michigan lake rescued by DNR https://t.co/0ahKG1WFby
1092457637654990848,14399160,449,78737,156,931,73982,2008-04-15 18:01:12,0,0,2019-02-04 16:19:32,Murder suspect who escaped transport from Grand Rapids captured in Texas https://t.co/z2xDxN3hpT
1092454306417164288,14399160,449,78737,156,931,73982,2008-04-15 18:01:12,1,0,2019-02-04 16:06:18,Incoming GVSU president to attend State of the Union https://t.co/yDhkao9CC4
1092453761459650562,14399160,449,78737,156,931,73982,2008-04-15 18:01:12,1,0,2019-02-04 16:04:08,‘Real Time’ host Bill Maher coming to Detroit and Grand Rapids https://t.co/o2dPUbsUr6
1092453346877808643,14399160,449,78737,156,931,73982,2008-04-15 18:01:12,1,0,2019-02-04 16:02:29,Muskegon to see most cruise ships yet in 2019 https://t.co/npFRw5VY29
1092450092521541632,14399160,449,78737,156,931,73982,2008-04-15 18:01:12,2,1,2019-02-04 15:49:33,William Shatner coming to Grand Rapids for screening of ‘Star Trek II: The Wrath of Khan’ https://t.co/TRsPxYPS4p
1092433188373311488,14399160,449,78737,156,931,73982,2008-04-15 18:01:12,0,0,2019-02-04 14:42:23,Snowmobiler killed in Northern Michigan crash https://t.co/GXjoMcoLow
1092422839410614280,14399160,449,78737,156,931,73982,2008-04-15 18:01:12,0,0,2019-02-04 14:01:15,Grand Rapids church demolished to create 87-unit townhome community https://t.co/mY9CzDQZCd
1092410863540191232,14399160,449,78737,156,931,73982,2008-04-15 18:01:12,0,0,2019-02-04 13:13:40,"Man who rams 2 patrol cars leads police in high-speed chase from Michigan to Indiana, police say https://t.co/C7QgVkdGuL"
1092394265274212353,14399160,449,78737,156,931,73982,2008-04-15 18:01:12,1,0,2019-02-04 12:07:43,Vote for Grand Rapids Press Player of the Week (Jan. 28-Feb. 2) https://t.co/nryLOOAH4f
1092392574076289024,14399160,449,78737,156,931,73982,2008-04-15 18:01:12,1,1,2019-02-04 12:00:59,Vote in Muskegon Chronicle player of week fan poll (Feb. 1-2 games) https://t.co/u5tXhIzsUM
1092377507469447168,14399160,449,78737,156,931,73982,2008-04-15 18:01:12,1,0,2019-02-04 11:01:07,Michigan's top 25 boys high school basketball rankings for Feb. 4 https://t.co/VUl1CiRxI1
1092341365319630851,14399160,449,78737,156,931,73982,2008-04-15 18:01:12,1,0,2019-02-04 08:37:30,Dense Fog Advisory issued February 04 at 3:29AM EST until February 04 at 1:00PM EST by NWS https://t.co/YN31BaiBt2
1092264717521956864,14399160,449,78737,156,931,73982,2008-04-15 18:01:12,1,0,2019-02-04 03:32:56,Results from Saturday’s Pre-Super Bowl Fight Night at DeltaPlex Arena https://t.co/f8PsVUjhWu
1092259535660728321,14399160,449,78737,156,931,73982,2008-04-15 18:01:12,0,1,2019-02-04 03:12:21,Dense Fog Advisory issued February 03 at 10:03PM EST until February 04 at 7:00AM EST by NWS https://t.co/bzzLeBDArJ
1092196726121943041,14399160,449,78737,156,931,73982,2008-04-15 18:01:12,0,0,2019-02-03 23:02:46,Dense Fog Advisory issued February 03 at 5:49PM EST until February 04 at 7:00AM EST by NWS https://t.co/9JlXFddRi4
1092152669442056194,14399160,449,78737,156,931,73982,2008-04-15 18:01:12,1,0,2019-02-03 20:07:42,Man arrested in Grand Rapids and charged with murder in Texas escapes custody https://t.co/4wvw6vTrkX
1092134130706538496,14399160,449,78737,156,931,73982,2008-04-15 18:01:12,1,0,2019-02-03 18:54:02,Reeths-Puffer wrestling among Muskegon-area high school sports weekend highlights https://t.co/2wule7pVN2
1092130232004501504,14399160,449,78737,156,931,73982,2008-04-15 18:01:12,1,0,2019-02-03 18:38:32,Two convicted of charges related to Muskegon homicide https://t.co/wo8HmOOijc
1092093599418929153,14399160,449,78737,156,931,73982,2008-04-15 18:01:12,0,0,2019-02-03 16:12:58,"Shoplifting suspect threw stolen gun before chase, arrest https://t.co/SvdOBjonh3"
1092069591742849024,14399160,449,78737,156,931,73982,2008-04-15 18:01:12,0,0,2019-02-03 14:37:35,‘Heavy hoarding issues’ prevented rescue in fatal house fire https://t.co/8WjyaVroAj
1092030475688988673,14399160,449,78737,156,931,73982,2008-04-15 18:01:12,2,3,2019-02-03 12:02:09,"Chinese manufacturer expands to Holland, plans 90 jobs https://t.co/eQidbWSdeH"
1091976393804730368,14399160,449,78737,156,931,73982,2008-04-15 18:01:12,1,0,2019-02-03 08:27:14,Dense Fog Advisory issued February 03 at 3:24AM EST until February 03 at 1:00PM EST by NWS https://t.co/f6yW8CVNkv
1091890858687909888,14399160,449,78737,156,931,73982,2008-04-15 18:01:12,1,0,2019-02-03 02:47:21,Hundreds take the Grand Rapids Polar Plunge https://t.co/9jOxdjxemV
1091890844007845889,14399160,449,78737,156,931,73982,2008-04-15 18:01:12,0,0,2019-02-03 02:47:18,Dense Fog Advisory issued February 02 at 9:42PM EST until February 03 at 1:00PM EST by NWS https://t.co/UrnI1yJqza
1091884495320563713,14399160,449,78737,156,931,73982,2008-04-15 18:01:12,1,4,2019-02-03 02:22:04,Grand Valley ends rival’s 50-game homecourt winning streak https://t.co/jTpL7owHQe
1091846625935454208,14399160,449,78737,156,931,73982,2008-04-15 18:01:12,1,0,2019-02-02 23:51:35,How No. 200 played out between Calvin and Hope https://t.co/avqb1zZB0l
1091786471562981376,14399160,449,78737,156,931,73982,2008-04-15 18:01:12,0,0,2019-02-02 19:52:33,Dense Fog Advisory issued February 02 at 2:44PM EST until February 03 at 1:00PM EST by NWS https://t.co/lcD4oeG2mD
1091760918495707137,14399160,449,78737,156,931,73982,2008-04-15 18:01:12,0,1,2019-02-02 18:11:01,Holland area Burger King temporarily closed after broiler fire extends into roof https://t.co/GF5tSZD43S
1091760301291245568,14399160,449,78737,156,931,73982,2008-04-15 18:01:12,1,0,2019-02-02 18:08:34,"SnowFest features volleyball, corn hole and chili cook-off competitions https://t.co/dFMTYWUXvZ"
1091713381520867328,14399160,449,78737,156,931,73982,2008-04-15 18:01:12,1,0,2019-02-02 15:02:07,Peters rebukes Air Force for ‘aggressive’ posture on PFAS dispute https://t.co/fTDrdLTjJo
1091694688191557632,14399160,449,78737,156,931,73982,2008-04-15 18:01:12,0,0,2019-02-02 13:47:51,Hudsonville man dies in I-196 crash https://t.co/gukQWbOHwz
1091686153529511939,14399160,449,78737,156,931,73982,2008-04-15 18:01:12,1,0,2019-02-02 13:13:56,Muskegon-area basketball: Grand Haven boys fall at ‘The Pit’ https://t.co/RSxE9yWs4V
1091684901294882816,14399160,449,78737,156,931,73982,2008-04-15 18:01:12,2,1,2019-02-02 13:08:57,Michigan high school basketball highlights and more from Feb. 1 https://t.co/0iD37PRvFb
1091675728691843072,14399160,449,78737,156,931,73982,2008-04-15 18:01:12,0,1,2019-02-02 12:32:30,Crashes close 4 major highways on same day: ‘All white-out related' https://t.co/4mg1biWfyn
1091672984509657088,14399160,449,78737,156,931,73982,2008-04-15 18:01:12,2,1,2019-02-02 12:21:36,Michael Rasmussen will stay with Griffins for Wednesday’s home game https://t.co/0liL9OLocp
1091588495079018496,14399160,449,78737,156,931,73982,2008-04-15 18:01:12,1,0,2019-02-02 06:45:52,Unbeaten Grand Haven girls hoops off to best start since 28-0 in ’12-13 https://t.co/4riEwEiXZt
1091549235613450240,14399160,449,78737,156,931,73982,2008-04-15 18:01:12,1,0,2019-02-02 04:09:52,Grand Rapids basketball scoreboard for Feb. 1 https://t.co/roPMC8d90l
1091504120329056256,14399160,449,78737,156,931,73982,2008-04-15 18:01:12,0,1,2019-02-02 01:10:36,"One injured when semi-truck runs U.S. 31 traffic light, police say https://t.co/N28uw067i2"
1091498069072535552,14399160,449,78737,156,931,73982,2008-04-15 18:01:12,0,1,2019-02-02 00:46:33,Crash closes eastbound I-196 near Hudsonville https://t.co/B2rMUDWGun
1091494001365143553,14399160,449,78737,156,931,73982,2008-04-15 18:01:12,2,6,2019-02-02 00:30:23,West Michigan woman who flew planes during World War II dies at 97 https://t.co/0OwSfwn0Wy
1091459450328760320,14399160,449,78737,156,931,73982,2008-04-15 18:01:12,1,2,2019-02-01 22:13:05,"Michigan's Best 38 chicken wings, just in time for Super Bowl 2019 https://t.co/KN6pGw1oOf"
1091447599431856132,14399160,449,78737,156,931,73982,2008-04-15 18:01:12,0,0,2019-02-01 21:26:00,Nessel to reconsider expanding civil rights protections to LGBT Michiganders https://t.co/RKM8LSAjtj
1091438217122013184,14399160,449,78737,156,931,73982,2008-04-15 18:01:12,1,1,2019-02-01 20:48:43,Michigan PFAS activist will be guest at President Trump’s State of the Union https://t.co/8uQKohzwEL
1091415075485831168,14399160,449,78737,156,931,73982,2008-04-15 18:01:12,0,2,2019-02-01 19:16:46,Hilariously bad Pistons possession looks like scene from Will Ferrell’s ‘Semi-Pro’ https://t.co/bm4G4S7fgN
1091414209563426816,14399160,449,78737,156,931,73982,2008-04-15 18:01:12,2,0,2019-02-01 19:13:19,39 ways to celebrate Black History Month 2019 in the Muskegon area https://t.co/zjTowIpogD
1091409057649475584,14399160,449,78737,156,931,73982,2008-04-15 18:01:12,1,0,2019-02-01 18:52:51,Up next for Grand Rapids: Getting city streets and sidewalks cleared https://t.co/RNeiJK8HMs
1091394287122743296,14399160,449,78737,156,931,73982,2008-04-15 18:01:12,0,0,2019-02-01 17:54:09,East Lansing man found dead in extreme cold is third in Michigan this week https://t.co/O1PoPUhhAO
1091385966588248064,14399160,449,78737,156,931,73982,2008-04-15 18:01:12,0,0,2019-02-01 17:21:06,Muskegon’s Vernon Nash III wins Chronicle player of week fan poll https://t.co/wFlTtoB6uf
1091385277032075265,14399160,449,78737,156,931,73982,2008-04-15 18:01:12,2,4,2019-02-01 17:18:21,See the Poll Winners for Michigan's Best Diner https://t.co/CLu7wObpDV
1091384720879960064,14399160,449,78737,156,931,73982,2008-04-15 18:01:12,1,1,2019-02-01 17:16:09,Grandville sophomore T.J. Barnes wins Grand Rapids Press Player of the Week https://t.co/hnc0p4Gh2Z
1091375372049022977,14399160,449,78737,156,931,73982,2008-04-15 18:01:12,0,0,2019-02-01 16:39:00,Cars buried by West Michigan snowstorm difficult to identify https://t.co/LL0wccAHg2
1091372370248511489,14399160,449,78737,156,931,73982,2008-04-15 18:01:12,1,0,2019-02-01 16:27:04,Watch Polar Vortex swirl over Great Lakes region https://t.co/wM7XbVsFyT
1091368771556687872,14399160,449,78737,156,931,73982,2008-04-15 18:01:12,0,1,2019-02-01 16:12:46,New Meijer Gardens exhibit celebrates ‘humble' founder’s passion for sculpture https://t.co/oAZz0xW27A
1091363567025209345,14399160,449,78737,156,931,73982,2008-04-15 18:01:12,2,0,2019-02-01 15:52:05,"Tyson Foods recalls 36,000 pounds of chicken nuggets that may contain rubber https://t.co/T4lVZDCIvm"
1091356900074098688,14399160,449,78737,156,931,73982,2008-04-15 18:01:12,0,0,2019-02-01 15:25:36,The emotional terrorism and harrowing home invasion that led to police shooting https://t.co/3U4j2Bvfyi
1091353327944810497,14399160,449,78737,156,931,73982,2008-04-15 18:01:12,2,0,2019-02-01 15:11:24,MLive Media Group wins more than 80 awards in Michigan Press Association contest https://t.co/8lrqI75ej6
1091339205618343936,14399160,449,78737,156,931,73982,2008-04-15 18:01:12,2,2,2019-02-01 14:15:17,Northbound M-37 closed after semi-truck crash https://t.co/MGV8NH4kp8
1091332052581040128,14399160,449,78737,156,931,73982,2008-04-15 18:01:12,1,3,2019-02-01 13:46:51,Frigid polar air creates spectacular ice formations at Lake Michigan lighthouse https://t.co/L1mz309wl1
1091329758703570944,14399160,449,78737,156,931,73982,2008-04-15 18:01:12,1,0,2019-02-01 13:37:45,The biggest indoor concerts to look forward to this winter in Michigan https://t.co/2o2F3BQH5l
1091323528908062722,14399160,449,78737,156,931,73982,2008-04-15 18:01:12,1,0,2019-02-01 13:12:59,See last set of Michigan prep wrestling power rankings before playoffs https://t.co/OOPIpOZB3J
1091305055947493377,14399160,449,78737,156,931,73982,2008-04-15 18:01:12,1,2,2019-02-01 11:59:35,"17 dogs left outside during polar vortex with only frozen food, water, police say https://t.co/SRTyy7AhbJ"
1091298851103870977,14399160,449,78737,156,931,73982,2008-04-15 18:01:12,0,0,2019-02-01 11:34:56,Michael Rasmussen delivers for Griffins in rehab assignment https://t.co/IorbmSjcjp
1091170772532584449,14399160,449,78737,156,931,73982,2008-04-15 18:01:12,0,2,2019-02-01 03:05:59,Michigan men accused of trying to join ISIS to be held pending trial https://t.co/TjNtNJ8q8T
1091151436476497920,14399160,449,78737,156,931,73982,2008-04-15 18:01:12,2,1,2019-02-01 01:49:09,Five state police cruisers struck during winter weather this week https://t.co/VZyIOoGjLe
1091118006808313856,14399160,449,78737,156,931,73982,2008-04-15 18:01:12,1,3,2019-01-31 23:36:19,Grand Rapids airport CEO resigned after poor leadership marks in survey https://t.co/0P1E6m3LZA
1091109791538335744,14399160,449,78737,156,931,73982,2008-04-15 18:01:12,2,2,2019-01-31 23:03:40,"Our massive list of Things to Do all over Michigan, February 2019 https://t.co/pa5HULJ62T"
1091105484038385664,14399160,449,78737,156,931,73982,2008-04-15 18:01:12,2,3,2019-01-31 22:46:33,West Michigan schools announce closures for Feb. 1 https://t.co/YSckkZzXxu
1091100242127319041,14399160,449,78737,156,931,73982,2008-04-15 18:01:12,0,1,2019-01-31 22:25:44,Woman seriously injured in crash with West Michigan county plow https://t.co/8HxHv7nDBl
1091099770230358016,14399160,449,78737,156,931,73982,2008-04-15 18:01:12,2,1,2019-01-31 22:23:51,The dark side of snow days: Food insecurity https://t.co/29N0cvjFCY
1091097801134612480,14399160,449,78737,156,931,73982,2008-04-15 18:01:12,0,0,2019-01-31 22:16:02,DNR temporarily lifts permit requirements for gathering firewood on state land https://t.co/sWeKpaNEaW
1091090355737579524,14399160,449,78737,156,931,73982,2008-04-15 18:01:12,0,0,2019-01-31 21:46:26,"You can turn your heat back up after midnight, Consumers Energy says https://t.co/B5egJHbyPv"
1091088220878766080,14399160,449,78737,156,931,73982,2008-04-15 18:01:12,1,0,2019-01-31 21:37:57,14 football coaches selected to Michigan high school hall of fame https://t.co/aG09nM75Cs
1091082927142785025,14399160,449,78737,156,931,73982,2008-04-15 18:01:12,2,1,2019-01-31 21:16:55,Golden Corral in Holland reopens one year after closing https://t.co/QzKOrqWAIO
1091080647823765504,14399160,449,78737,156,931,73982,2008-04-15 18:01:12,1,2,2019-01-31 21:07:52,Gov. Whitmer wants to make sure Michigan energy supply in ‘stronger position’ for next polar vortex https://t.co/PA0lRqLNB1
1091080157505511431,14399160,449,78737,156,931,73982,2008-04-15 18:01:12,1,0,2019-01-31 21:05:55,"Grand Rapids families turnout for free meals from YMCA, Kids’ Food Basket https://t.co/O2nyl0cLeg"
1091073403799388162,14399160,449,78737,156,931,73982,2008-04-15 18:01:12,0,2,2019-01-31 20:39:05,"Founders’ KBS is returning, so here’s what you need to know https://t.co/7nInqthSav"
1091064625381150721,14399160,449,78737,156,931,73982,2008-04-15 18:01:12,0,0,2019-01-31 20:04:12,"Grand Rapids area business pays $28,474 fine after minor loses finger in accident https://t.co/EDZuDi4ZSY"
1091059506413531136,14399160,449,78737,156,931,73982,2008-04-15 18:01:12,0,1,2019-01-31 19:43:51,Grand Rapids to consider future of backyard fire ordinance https://t.co/lYFGREIn3b
1091055122631802880,14399160,449,78737,156,931,73982,2008-04-15 18:01:12,0,0,2019-01-31 19:26:26,Winter Storm Warning issued January 31 at 2:23PM EST until January 31 at 7:00PM EST by NWS https://t.co/UghltTYDIB
1091052820533530625,14399160,449,78737,156,931,73982,2008-04-15 18:01:12,1,13,2019-01-31 19:17:17,"Michiganders answered call, cut gas usage 10 percent after emergency plea https://t.co/1UfTCEbNNx"
1091046223384068097,14399160,449,78737,156,931,73982,2008-04-15 18:01:12,0,0,2019-01-31 18:51:04,"Sub-zero: Firefighters pull woman from fire, help kids in pajamas standing in snow https://t.co/hlZc7kxCXg"
1091045133699739648,14399160,449,78737,156,931,73982,2008-04-15 18:01:12,0,0,2019-01-31 18:46:45,"Cassius Winston No. 6, Zavier Simpson No. 19 on ESPN list of top college basketball players https://t.co/7lWrermBzk"
1091038765404078083,14399160,449,78737,156,931,73982,2008-04-15 18:01:12,0,0,2019-01-31 18:21:26,Sheriff’s office seeks volunteers to help families during trauma https://t.co/SC8J2FVwtr
1091035232726405121,14399160,449,78737,156,931,73982,2008-04-15 18:01:12,0,0,2019-01-31 18:07:24,Restaurant visionary Dennis Serras ‘will be missed sorely’ https://t.co/2yvE8Fwhum
1091032132527550464,14399160,449,78737,156,931,73982,2008-04-15 18:01:12,1,2,2019-01-31 17:55:05,Years-long work on Muskegon’s Veterans Memorial Park to continue this spring https://t.co/Epp3d7YwQz
1091032033500057600,14399160,449,78737,156,931,73982,2008-04-15 18:01:12,2,1,2019-01-31 17:54:41,West Michigan businesses more pessimistic heading into 2019 https://t.co/GnWQXuPCbu
1091026395357155328,14399160,449,78737,156,931,73982,2008-04-15 18:01:12,1,1,2019-01-31 17:32:17,Photos capture ’sun dog’ phenomenon across West Michigan https://t.co/ig8BF2gmdB
1091023458404831233,14399160,449,78737,156,931,73982,2008-04-15 18:01:12,3,5,2019-01-31 17:20:37,The Polar Vortex is doing strange things to Michigan homes https://t.co/PSsOvXR4em
1091020951578468353,14399160,449,78737,156,931,73982,2008-04-15 18:01:12,0,1,2019-01-31 17:10:39,Michigan inmate dies from self-inflicted injuries https://t.co/IJhZ4OnaYK
1091009703931531265,14399160,449,78737,156,931,73982,2008-04-15 18:01:12,2,2,2019-01-31 16:25:58,Amtrak says all but 1 train to return to service Friday after cold-weather shutdown https://t.co/Jey5SUGUYN
1091004950119886848,14399160,449,78737,156,931,73982,2008-04-15 18:01:12,0,1,2019-01-31 16:07:04,Winter Storm Warning issued January 31 at 10:58AM EST until January 31 at 7:00PM EST by NWS https://t.co/GV3yJSUGgN
1091001952392151042,14399160,449,78737,156,931,73982,2008-04-15 18:01:12,0,0,2019-01-31 15:55:09,‘Severe’ water main break prompts conserve water notice in Upper Peninsula https://t.co/auQjIBRs9D
1091001282935033856,14399160,449,78737,156,931,73982,2008-04-15 18:01:12,1,1,2019-01-31 15:52:30,Muskegon military contractor ramping up production to ‘power freedom’ https://t.co/cwLMubBnnK
1090999500011917312,14399160,449,78737,156,931,73982,2008-04-15 18:01:12,3,6,2019-01-31 15:45:25,"No heat interruptions yet, but Consumers Energy still asks Michigan to keep thermostats at 65 https://t.co/f9AnBD7RQz"
1090998379310661632,14399160,449,78737,156,931,73982,2008-04-15 18:01:12,1,2,2019-01-31 15:40:58,Police evacuate 4 from home before standoff with alleged gunman https://t.co/dWmsi3nrMH
1090988984464011268,14399160,449,78737,156,931,73982,2008-04-15 18:01:12,1,0,2019-01-31 15:03:38,SnowFest 2019 hits downtown Muskegon Saturday https://t.co/b7forr7Afh
1090988466861731840,14399160,449,78737,156,931,73982,2008-04-15 18:01:12,0,2,2019-01-31 15:01:34,"17-mile ice jam on Muskegon River causes flooding, bridge closure https://t.co/DrkegxFoRU"
1090976215224279041,14399160,449,78737,156,931,73982,2008-04-15 18:01:12,0,0,2019-01-31 14:12:53,Federal investigation finds ‘serious violations’ at Michigan State https://t.co/NiGF0ceH1r
1090975073631129601,14399160,449,78737,156,931,73982,2008-04-15 18:01:12,1,0,2019-01-31 14:08:21,How the cold closed Michigan https://t.co/zgYvTsUK7K
1090965243759640577,14399160,449,78737,156,931,73982,2008-04-15 18:01:12,0,0,2019-01-31 13:29:17,Drive hope to get back in town with hot-scoring Isaiah Whitehead https://t.co/YlIASgEX2l
1090960643883233281,14399160,449,78737,156,931,73982,2008-04-15 18:01:12,1,2,2019-01-31 13:11:01,1st girls high school wrestling state championships to be held Feb. 3 https://t.co/I9yAVCfesU
1090953016239448065,14399160,449,78737,156,931,73982,2008-04-15 18:01:12,0,0,2019-01-31 12:40:42,Coast Guard cutter crew breaks ice to medevac person from Mackinac Island https://t.co/lsVQvYCAhu
1090944305387261952,14399160,449,78737,156,931,73982,2008-04-15 18:01:12,0,0,2019-01-31 12:06:05,"The Rivalry: Calvin, Hope tangle for 200th time Saturday https://t.co/9Up9k1vuQI"
1090943599787851786,14399160,449,78737,156,931,73982,2008-04-15 18:01:12,1,0,2019-01-31 12:03:17,Suspect arrested after standoff in Wyoming https://t.co/0Smb1x2T2O
1090943042574565377,14399160,449,78737,156,931,73982,2008-04-15 18:01:12,0,7,2019-01-31 12:01:04,$1M grant aims to jump-start economic development along Silver Line route https://t.co/qwz0J1VzqM
1090889019179847682,14399160,449,78737,156,931,73982,2008-04-15 18:01:12,4,1,2019-01-31 08:26:24,Winter Storm Warning issued January 31 at 3:20AM EST until January 31 at 7:00PM EST by NWS https://t.co/2VhtBVPLw1
1090837769243553793,14399160,449,78737,156,931,73982,2008-04-15 18:01:12,7,3,2019-01-31 05:02:45,"Heat interruptions possible if residents don’t turn down thermostats, utility says https://t.co/BoWsYnYdrG"
1090813479081136129,14399160,449,78737,156,931,73982,2008-04-15 18:01:12,2,5,2019-01-31 03:26:14,Winter Storm Warning issued January 30 at 10:17PM EST until January 31 at 7:00PM EST by NWS https://t.co/ZcfVfVdvvq
1090781311579684864,14399160,449,78737,156,931,73982,2008-04-15 18:01:12,0,0,2019-01-31 01:18:25,Wyoming police in standoff with armed man https://t.co/oEDXxc8tp3
1090751070274494467,14399160,449,78737,156,931,73982,2008-04-15 18:01:12,0,0,2019-01-30 23:18:14,Mackinac Island challenges Michigan over Line 5 anchor supports https://t.co/Mp5AW6tZcj
1090748108793958405,14399160,449,78737,156,931,73982,2008-04-15 18:01:12,1,1,2019-01-30 23:06:28,"Hot coffee, cocoa greet shivering residents flocking to warming centers https://t.co/d6FJbx90J7"
1090741690573484032,14399160,449,78737,156,931,73982,2008-04-15 18:01:12,3,6,2019-01-30 22:40:58,"YMCA, Kids' Food Basket to feed Grand Rapids students, families https://t.co/sknvFzmeuE"
1090740481510772736,14399160,449,78737,156,931,73982,2008-04-15 18:01:12,0,3,2019-01-30 22:36:10,Winter Storm Warning issued January 30 at 5:28PM EST until January 31 at 7:00PM EST by NWS https://t.co/XuLfxian0j
1090728827666481153,14399160,449,78737,156,931,73982,2008-04-15 18:01:12,0,0,2019-01-30 21:49:51,"Kellogg adds policy against animal testing ‘not required’ for safety, quality https://t.co/AbGCZa1WWA"
1090726020922179584,14399160,449,78737,156,931,73982,2008-04-15 18:01:12,1,2,2019-01-30 21:38:42,"Amtrak cancels all Michigan trips Wednesday, Thursday due to dangerous weather https://t.co/gsEfiQeAMM"
1090720635217682432,14399160,449,78737,156,931,73982,2008-04-15 18:01:12,1,0,2019-01-30 21:17:18,"The Accidentals say $70,000 worth of gear is a ‘total loss’ https://t.co/OP72w9Bwz5"
1090719389891080192,14399160,449,78737,156,931,73982,2008-04-15 18:01:12,0,4,2019-01-30 21:12:21,Coast Guard uses airboats to save 7 people stranded in ice shanty near Lake Michigan https://t.co/suA14lIz8A
1090718840143650817,14399160,449,78737,156,931,73982,2008-04-15 18:01:12,1,0,2019-01-30 21:10:10,"Blowing snow clogging traffic signals, some drivers running lights https://t.co/7wIHDH2ryi"
1090718747172585472,14399160,449,78737,156,931,73982,2008-04-15 18:01:12,1,1,2019-01-30 21:09:48,Photos capture blistering cold across West Michigan https://t.co/gzDaJYkezB
1090713614980448256,14399160,449,78737,156,931,73982,2008-04-15 18:01:12,1,0,2019-01-30 20:49:24,Brutal wind chills force West Michigan school closures Jan. 30 https://t.co/p1AJqiVkyX
1090711180006567937,14399160,449,78737,156,931,73982,2008-04-15 18:01:12,1,1,2019-01-30 20:39:44,Westbound M-6 closed briefly for semi-truck crash https://t.co/4bYZwvPVWK
1090710926590951434,14399160,449,78737,156,931,73982,2008-04-15 18:01:12,1,2,2019-01-30 20:38:43,Caddying scholarships awarded to 23 Michigan high school students https://t.co/b4fJJU7KM3
1090707770456850432,14399160,449,78737,156,931,73982,2008-04-15 18:01:12,1,1,2019-01-30 20:26:11,Winter Storm Warning issued January 30 at 3:20PM EST until January 31 at 7:00PM EST by NWS https://t.co/8IvXz7tuJt
1090702132746076160,14399160,449,78737,156,931,73982,2008-04-15 18:01:12,0,1,2019-01-30 20:03:47,Grand Rapids Christian’s Luke Elzinga to punt for Central Michigan https://t.co/Lji4Vaj2JG
1090697939964567553,14399160,449,78737,156,931,73982,2008-04-15 18:01:12,3,6,2019-01-30 19:47:07,Weather craziness as Michigan goes from -50 to +50 in next five days https://t.co/2aqfLhe5js
1090694902600663040,14399160,449,78737,156,931,73982,2008-04-15 18:01:12,7,8,2019-01-30 19:35:03,"M-40 ‘very treacherous,’ police respond to crashes across West Michigan https://t.co/B9TpdT1rSW"
1090693978759020544,14399160,449,78737,156,931,73982,2008-04-15 18:01:12,0,0,2019-01-30 19:31:23,"Oakridge OL commits to Davenport after finding comfort, familiarity https://t.co/KkfsWbyUVj"
1090684566707359745,14399160,449,78737,156,931,73982,2008-04-15 18:01:12,1,0,2019-01-30 18:53:59,"State of Michigan offices, legislature to remain closed on Thursday https://t.co/ZSFDyITRmW"
1090683325126201350,14399160,449,78737,156,931,73982,2008-04-15 18:01:12,3,2,2019-01-30 18:49:03,Extreme cold halts Postal Service delivery across Michigan again https://t.co/nlrTsEXp5Y
1090681623794933761,14399160,449,78737,156,931,73982,2008-04-15 18:01:12,0,0,2019-01-30 18:42:17,"With Jessica Heeringa’s body missing, Kevin Bluhm must still wear tether https://t.co/hR5bsuUBCJ"
1090679299198369793,14399160,449,78737,156,931,73982,2008-04-15 18:01:12,0,2,2019-01-30 18:33:03,"Beagle missing for several months found under porch, reunited with owner https://t.co/egP2kdktky"
1090674721912487937,14399160,449,78737,156,931,73982,2008-04-15 18:01:12,1,0,2019-01-30 18:14:52,Michigan college hockey power rankings: WMU sweeps top-five team https://t.co/ztVmDvdhpH
1090674101390397440,14399160,449,78737,156,931,73982,2008-04-15 18:01:12,0,2,2019-01-30 18:12:24,17-mile ice jam threatens flooding on Muskegon River https://t.co/1A6QK6jzx7
1090664649366913024,14399160,449,78737,156,931,73982,2008-04-15 18:01:12,2,3,2019-01-30 17:34:50,"Flight to Florida canceled, duo goes skiing on snowy Grand Rapids street https://t.co/FXaiaEhiSF"
1090654123438034949,14399160,449,78737,156,931,73982,2008-04-15 18:01:12,0,0,2019-01-30 16:53:01,"See Polar Vortex hovering over Great Lakes, bringing extreme cold, heavy lake effect https://t.co/UN62HemQ7i"
1090648987818954753,14399160,449,78737,156,931,73982,2008-04-15 18:01:12,2,7,2019-01-30 16:32:36,Weather forces Grand Rapids schools to close all week https://t.co/fQ7261Nvxe
1090646594763014145,14399160,449,78737,156,931,73982,2008-04-15 18:01:12,3,2,2019-01-30 16:23:06,Winter storm continues to ground flights at Grand Rapids airport https://t.co/aXYhwI5wCs
1090643722117754880,14399160,449,78737,156,931,73982,2008-04-15 18:01:12,1,3,2019-01-30 16:11:41,DNR stocked 22 million fish in Michigan waters in 2018 https://t.co/9MPnU1NL3p
1090643178766635010,14399160,449,78737,156,931,73982,2008-04-15 18:01:12,0,0,2019-01-30 16:09:31,Muskegon County schools get good and bad news on poverty-minded report card https://t.co/2FFe41J4Hp
1090640271916830721,14399160,449,78737,156,931,73982,2008-04-15 18:01:12,1,4,2019-01-30 15:57:58,"Tanger Outlets, Woodland Mall close amid extreme cold in West Michigan https://t.co/CZki8SWu6W"
1090639976583389185,14399160,449,78737,156,931,73982,2008-04-15 18:01:12,0,1,2019-01-30 15:56:48,Winter Storm Warning issued January 30 at 10:55AM EST until January 31 at 1:00PM EST by NWS https://t.co/dVMC42BDrp
1090630853632372737,14399160,449,78737,156,931,73982,2008-04-15 18:01:12,0,0,2019-01-30 15:20:33,Health department confirms 2nd flu-related death of Michigan child this season https://t.co/gBlswFuXxU
1090628504805429248,14399160,449,78737,156,931,73982,2008-04-15 18:01:12,0,0,2019-01-30 15:11:13,See the poll leaders in our search for Michigan's Best Diner https://t.co/HcTjGIUQOC
1090602267626082304,14399160,449,78737,156,931,73982,2008-04-15 18:01:12,2,0,2019-01-30 13:26:57,Postponements and makeup dates for Grand Rapids-area college basketball teams https://t.co/p3dJJvRezt
1090596810417205248,14399160,449,78737,156,931,73982,2008-04-15 18:01:12,6,3,2019-01-30 13:05:16,Michigan state of emergency: Here’s what it means https://t.co/aUA1jnXeqS
1090586468869918720,14399160,449,78737,156,931,73982,2008-04-15 18:01:12,6,3,2019-01-30 12:24:10,"Hey Michigan, it’s our coldest day since 1994 https://t.co/Kwj91xRk7e"
1090580570273431553,14399160,449,78737,156,931,73982,2008-04-15 18:01:12,2,2,2019-01-30 12:00:44,"Ranked teams, top players clash in Grand Rapids Union Red Hawk Showcase https://t.co/nRQ9tZfdGm"
1090529096830996480,14399160,449,78737,156,931,73982,2008-04-15 18:01:12,0,1,2019-01-30 08:36:12,Winter Storm Warning issued January 30 at 3:29AM EST until January 31 at 1:00PM EST by NWS https://t.co/5HxCmgmm74
1090480192726945792,14399160,449,78737,156,931,73982,2008-04-15 18:01:12,3,3,2019-01-30 05:21:52,Postal Service halts delivery in areas of Michigan and Midwest due to extreme cold https://t.co/n6rjKLKnXk
1090454901715542016,14399160,449,78737,156,931,73982,2008-04-15 18:01:12,2,2,2019-01-30 03:41:22,Winter Storm Warning issued January 29 at 10:29PM EST until January 31 at 1:00PM EST by NWS https://t.co/km5mdAq8gT
1090449182136111114,14399160,449,78737,156,931,73982,2008-04-15 18:01:12,0,1,2019-01-30 03:18:39,Former Grand Rapids Catholic Central student guilty in groping incident https://t.co/frCWpzRmaw
1090431720011251712,14399160,449,78737,156,931,73982,2008-04-15 18:01:12,0,1,2019-01-30 02:09:15,"Pedestrian struck by pickup with plow on U.S. 31, critically injured https://t.co/6jzKVUqW5h"
1090414387142320129,14399160,449,78737,156,931,73982,2008-04-15 18:01:12,0,0,2019-01-30 01:00:23,"‘It was very nerve-racking,’ says woman in midst of I-96 pileup https://t.co/0OWCtt50vK"
1090409275346874371,14399160,449,78737,156,931,73982,2008-04-15 18:01:12,1,0,2019-01-30 00:40:04,Grand Rapids residents could wake up plowed-in Wednesday https://t.co/6A9wrtyykP
1090400728018046977,14399160,449,78737,156,931,73982,2008-04-15 18:01:12,1,1,2019-01-30 00:06:06,Both directions of I-96 in Ottawa County now open after several pileups https://t.co/9hYnhf5r8g
1090390551726305280,14399160,449,78737,156,931,73982,2008-04-15 18:01:12,2,1,2019-01-29 23:25:40,"State of Michigan offices, legislature closed Wednesday in extreme cold https://t.co/kRJlxkFXLo"
1090389412721164288,14399160,449,78737,156,931,73982,2008-04-15 18:01:12,1,1,2019-01-29 23:21:09,Warming shelters open doors to West Michigan residents during storm https://t.co/flWhXWrwtb
1090381351897964544,14399160,449,78737,156,931,73982,2008-04-15 18:01:12,2,0,2019-01-29 22:49:07,Subzero wind chills may close Grand Rapids-area schools for 4th day this week https://t.co/gS42S3Nx1d
1090379023295877120,14399160,449,78737,156,931,73982,2008-04-15 18:01:12,0,0,2019-01-29 22:39:52,Southbound U.S. 131 closed near Rockford for multiple-vehicle crash https://t.co/L74S8Pesye
1090374492571004929,14399160,449,78737,156,931,73982,2008-04-15 18:01:12,1,2,2019-01-29 22:21:51,Breakaway Music Festival will return to Grand Rapids this summer https://t.co/kQMclXweB8
1090371486664282112,14399160,449,78737,156,931,73982,2008-04-15 18:01:12,0,0,2019-01-29 22:09:55,Man accused of killing witness to first murder found guilty of both https://t.co/6l3xTPn87r
1090360762470723584,14399160,449,78737,156,931,73982,2008-04-15 18:01:12,2,0,2019-01-29 21:27:18,Heavy lake effect just won’t stop for a few days https://t.co/0dRRZA8p6I
1090359021733924866,14399160,449,78737,156,931,73982,2008-04-15 18:01:12,2,2,2019-01-29 21:20:23,"Whiteout conditions swamp West Michigan with pileups, interstate shutdowns https://t.co/eiNZ1CgTcB"
1090356158676766720,14399160,449,78737,156,931,73982,2008-04-15 18:01:12,0,0,2019-01-29 21:09:00,"Man shot by police faces attempted murder, other felonies as does 2nd man https://t.co/iZBa9VPpZ6"
1090345173077364737,14399160,449,78737,156,931,73982,2008-04-15 18:01:12,1,0,2019-01-29 20:25:21,Want your favorite diner to win Michigan’s Best? Keep voting https://t.co/TMHOme0Rf1
1090343433884045313,14399160,449,78737,156,931,73982,2008-04-15 18:01:12,1,0,2019-01-29 20:18:26,Developer gets 12-year tax break to finish Muskegon high-rise project https://t.co/KMWrtSFzYS
1090341588151222273,14399160,449,78737,156,931,73982,2008-04-15 18:01:12,2,2,2019-01-29 20:11:06,Winter Storm Warning issued January 29 at 3:04PM EST until January 31 at 1:00PM EST by NWS https://t.co/Usf30g7fyM
1090335977011335168,14399160,449,78737,156,931,73982,2008-04-15 18:01:12,0,0,2019-01-29 19:48:49,U.S. 31 shut down north of Muskegon following serious crash https://t.co/yZppT5rIaW
1090328142605156352,14399160,449,78737,156,931,73982,2008-04-15 18:01:12,1,1,2019-01-29 19:17:41,WMU hockey up to No. 8 in national rankings after sweep over Denver https://t.co/JlY7NGPeWl
1090326333169770496,14399160,449,78737,156,931,73982,2008-04-15 18:01:12,1,0,2019-01-29 19:10:29,Time to plan for your next great Michigan vacation https://t.co/MYqBnUrEyr
1090325722504269824,14399160,449,78737,156,931,73982,2008-04-15 18:01:12,3,1,2019-01-29 19:08:04,"I-96 shut down near Marne for multiple-car pileup, shelter set at at nearby church https://t.co/tyDil8per6"
1090314844581056512,14399160,449,78737,156,931,73982,2008-04-15 18:01:12,0,1,2019-01-29 18:24:50,"Black ice, ‘constant dangerous travel’ overtaking parts of Michigan https://t.co/BrLHne8awV"
1090310841063428096,14399160,449,78737,156,931,73982,2008-04-15 18:01:12,0,2,2019-01-29 18:08:56,"Courts, college among Muskegon closings already announced for Wednesday https://t.co/4mMKn9B2qR"
1090306782080233474,14399160,449,78737,156,931,73982,2008-04-15 18:01:12,2,1,2019-01-29 17:52:48,"8 hurt, 24 vehicles in crashes that close M-6, firefighters report https://t.co/FACQJeky15"
1090303375005155330,14399160,449,78737,156,931,73982,2008-04-15 18:01:12,1,1,2019-01-29 17:39:16,Snowstorm winner had 17 inches; See snowstorm totals https://t.co/qTFrRWa98a
1090295522865414146,14399160,449,78737,156,931,73982,2008-04-15 18:01:12,1,1,2019-01-29 17:08:04,State troopers save couple from gas-filled home in Northern Michigan https://t.co/tlpR3ubdGx
1090293131164172289,14399160,449,78737,156,931,73982,2008-04-15 18:01:12,3,2,2019-01-29 16:58:33,"2 highways closed, crashes all over: ‘It’s really utter chaos’ https://t.co/UBZ1ZQng94"
1090290868806922240,14399160,449,78737,156,931,73982,2008-04-15 18:01:12,0,0,2019-01-29 16:49:34,Your guide to the 2019 Michigan International Auto Show https://t.co/FzHxnE4vHO
1090286385293127680,14399160,449,78737,156,931,73982,2008-04-15 18:01:12,1,1,2019-01-29 16:31:45,Winter Storm Warning issued January 29 at 11:24AM EST until January 31 at 1:00PM EST by NWS https://t.co/vqTJxP8ElA
1090285605324550144,14399160,449,78737,156,931,73982,2008-04-15 18:01:12,0,0,2019-01-29 16:28:39,Gov. Whitmer moves State of the State due to timing of Trump address https://t.co/rt4A4vx6D3
1090283883214659584,14399160,449,78737,156,931,73982,2008-04-15 18:01:12,1,0,2019-01-29 16:21:48,Grand Rapids cancels commission meeting due to winter storm https://t.co/ZmlbbdjvRc
1090272420873805825,14399160,449,78737,156,931,73982,2008-04-15 18:01:12,0,0,2019-01-29 15:36:16,18-year-old charged with sexual assault on multiple minors arrested in Northern Michigan https://t.co/a67nWtdsj9
1090271859097055232,14399160,449,78737,156,931,73982,2008-04-15 18:01:12,1,1,2019-01-29 15:34:02,"Eastbound, westbound lanes of M-6 closed after multiple crashes https://t.co/2ULBJrL2De"
1090268064514359300,14399160,449,78737,156,931,73982,2008-04-15 18:01:12,5,6,2019-01-29 15:18:57,"Top 15 college basketball scorers in Michigan, regardless of division https://t.co/JmVhHTLPeT"
1090266720860659715,14399160,449,78737,156,931,73982,2008-04-15 18:01:12,0,0,2019-01-29 15:13:37,Multiple crashes close portion of eastbound I-196 https://t.co/8pQ04QENvW
1090264435061485571,14399160,449,78737,156,931,73982,2008-04-15 18:01:12,3,4,2019-01-29 15:04:32,Air Force refuses to follow Michigan PFAS law https://t.co/CAK0ELf37u
1090262161740288001,14399160,449,78737,156,931,73982,2008-04-15 18:01:12,0,1,2019-01-29 14:55:30,"Police save man, dog from icy Lake Michigan after owner jumped in after trapped pet https://t.co/HjZTbezxN8"
1090260489026715650,14399160,449,78737,156,931,73982,2008-04-15 18:01:12,1,2,2019-01-29 14:48:51,‘Gray market’ marijuana businesses sprout in Michigan https://t.co/vfuiMVB9bR
1090254272372109314,14399160,449,78737,156,931,73982,2008-04-15 18:01:12,2,1,2019-01-29 14:24:09,Power Poll: Familiar teams at top for Muskegon-area girls basketball https://t.co/y69CF8gnzz
1090248908025094145,14399160,449,78737,156,931,73982,2008-04-15 18:01:12,1,0,2019-01-29 14:02:50,Power Poll: Crosstown foes jockey for No. 1 in Muskegon-area boys basketball https://t.co/rQbwCrZdua
1090248425743044609,14399160,449,78737,156,931,73982,2008-04-15 18:01:12,0,1,2019-01-29 14:00:55,Man hurt when pickup crashes into semi-truck stuck in snow blocking Chicago Drive https://t.co/YQojqdOkMe
1090239370907582467,14399160,449,78737,156,931,73982,2008-04-15 18:01:12,8,8,2019-01-29 13:24:56,Gov. Whitmer declares state of emergency for extreme cold https://t.co/yngdtyhNMI
1090233436831387648,14399160,449,78737,156,931,73982,2008-04-15 18:01:12,0,0,2019-01-29 13:01:21,Small-town Dylan Jergens makes impression on MLive's Mr. Basketball watch list https://t.co/VOMubr12yQ
1090222374002323456,14399160,449,78737,156,931,73982,2008-04-15 18:01:12,1,1,2019-01-29 12:17:23,Man snowblowing driveway struck by hit-and-run driver of pickup truck https://t.co/bsWa1OfYEl
1090219547544694784,14399160,449,78737,156,931,73982,2008-04-15 18:01:12,1,1,2019-01-29 12:06:10,Michigan Top 25 Girls Basketball Rankings (Jan. 29) https://t.co/s3tI6oFRDO
1090218433877368832,14399160,449,78737,156,931,73982,2008-04-15 18:01:12,1,0,2019-01-29 12:01:44,Grand Rapids Power Poll: Top 10 teams as January winds down https://t.co/ibEoIVVVS3
1090207550233026560,14399160,449,78737,156,931,73982,2008-04-15 18:01:12,3,3,2019-01-29 11:18:29,"Many West Michigan schools closed Tuesday and Wednesday, Jan. 29-30 https://t.co/U74gT1w4fO"
1090161708860129280,14399160,449,78737,156,931,73982,2008-04-15 18:01:12,1,1,2019-01-29 08:16:20,Winter Storm Warning issued January 29 at 3:09AM EST until January 31 at 1:00PM EST by NWS https://t.co/AqT0rJTLuD
1090092496686931969,14399160,449,78737,156,931,73982,2008-04-15 18:01:12,1,1,2019-01-29 03:41:18,Winter Storm Warning issued January 28 at 10:34PM EST until January 31 at 1:00PM EST by NWS https://t.co/V4odp6d508
1090074898725261312,14399160,449,78737,156,931,73982,2008-04-15 18:01:12,0,0,2019-01-29 02:31:23,"U-M, MSU wide receiver target Maliq Carr not leaving the state after all https://t.co/kqewpyiqjN"
1090072360726814725,14399160,449,78737,156,931,73982,2008-04-15 18:01:12,2,4,2019-01-29 02:21:18,"Looking past the record cold, big warm-up on way to Great Lakes region, Detroit, Chicago https://t.co/04xx2XLXZ4"
1090069526883024897,14399160,449,78737,156,931,73982,2008-04-15 18:01:12,1,2,2019-01-29 02:10:02,"Trump administration won’t set legal limit for PFAS in drinking water, report says https://t.co/OYIff6IWne"
1090057296988778496,14399160,449,78737,156,931,73982,2008-04-15 18:01:12,2,5,2019-01-29 01:21:26,Winter Storm Warning issued January 28 at 8:12PM EST until January 31 at 1:00PM EST by NWS https://t.co/tWXes8PMbN
1090041020589490183,14399160,449,78737,156,931,73982,2008-04-15 18:01:12,1,1,2019-01-29 00:16:45,Winter Storm Warning issued January 28 at 6:59PM EST until January 31 at 1:00PM EST by NWS https://t.co/28S6L73wgk
1090008242808389632,14399160,449,78737,156,931,73982,2008-04-15 18:01:12,1,4,2019-01-28 22:06:31,Ice bridge between Drummond Island and Canada is open https://t.co/RKgRWEmIkE
1089996309262749698,14399160,449,78737,156,931,73982,2008-04-15 18:01:12,0,0,2019-01-28 21:19:05,"For Margarita Monday, we tried 10 in the Jackson region https://t.co/dVfm8zoLSH"
1089992869052588033,14399160,449,78737,156,931,73982,2008-04-15 18:01:12,0,0,2019-01-28 21:05:25,"Man, 33, charged with brother’s killing https://t.co/wnikm82939"
1089991750746288129,14399160,449,78737,156,931,73982,2008-04-15 18:01:12,0,0,2019-01-28 21:00:59,Snowstorm could keep Grand Rapids-area students home multiple days https://t.co/rmGXbyP4lG
1089989943965958145,14399160,449,78737,156,931,73982,2008-04-15 18:01:12,2,2,2019-01-28 20:53:48,Group to petition Grand Rapids to move local elections to even years https://t.co/QtEYCH2N5z
1089989288933113856,14399160,449,78737,156,931,73982,2008-04-15 18:01:12,2,3,2019-01-28 20:51:12,Winter Storm Warning issued January 28 at 3:44PM EST until January 31 at 1:00PM EST by NWS https://t.co/SoFiqJtjon
1089988260288434176,14399160,449,78737,156,931,73982,2008-04-15 18:01:12,2,1,2019-01-28 20:47:06,New CEO wants Muskegon kayak maker to be top choice for paddle sports https://t.co/GDFZArFCxL
1089985422904700930,14399160,449,78737,156,931,73982,2008-04-15 18:01:12,3,10,2019-01-28 20:35:50,Mesmerizing ice circle spins in Michigan river like a record player https://t.co/WXoJNpESyR
1089971904885207040,14399160,449,78737,156,931,73982,2008-04-15 18:01:12,1,0,2019-01-28 19:42:07,"When does the snow end, how much left to fall? https://t.co/5dnAgEDNCL"
1089970123916619777,14399160,449,78737,156,931,73982,2008-04-15 18:01:12,1,1,2019-01-28 19:35:02,Freshman Abby Vander Kooi earns Gatorade Michigan cross country award https://t.co/BIsGkgapIU
1089969588354330626,14399160,449,78737,156,931,73982,2008-04-15 18:01:12,0,0,2019-01-28 19:32:55,Lakes Mall joins long list of closures amid winter storm https://t.co/TEeUzb4VEk
1089967270854569985,14399160,449,78737,156,931,73982,2008-04-15 18:01:12,0,2,2019-01-28 19:23:42,Family of man shot and killed by police after he killed his wife files federal lawsuit https://t.co/c5ghnwu97z
1089963233404952577,14399160,449,78737,156,931,73982,2008-04-15 18:01:12,0,0,2019-01-28 19:07:40,Suspected serial dollar store robber arrested in Muskegon https://t.co/aNbuQvcE1Q
1089957539566026755,14399160,449,78737,156,931,73982,2008-04-15 18:01:12,0,0,2019-01-28 18:45:02,Les Miles in movie about the Challenger disaster with Michigan native Dean Cain https://t.co/zelngDfHWr
1089956298324611072,14399160,449,78737,156,931,73982,2008-04-15 18:01:12,0,0,2019-01-28 18:40:06,"U-M, MSU in-state 2020 WR target Maliq Carr announces he’s moving to Missouri https://t.co/ROMQIVsO9P"
1089954169841246210,14399160,449,78737,156,931,73982,2008-04-15 18:01:12,0,1,2019-01-28 18:31:39,Police officers shoot home invasion suspect in Muskegon https://t.co/bYVMKQED9j
1089950169565724672,14399160,449,78737,156,931,73982,2008-04-15 18:01:12,0,0,2019-01-28 18:15:45,Man found dead on U.S. 23 roadway in Northern Michigan https://t.co/eFsP8u0nAq
1089941048741244935,14399160,449,78737,156,931,73982,2008-04-15 18:01:12,0,0,2019-01-28 17:39:30,Married couple found dead in Upper Peninsula driveway https://t.co/K39kZewv5q
1089934238298845184,14399160,449,78737,156,931,73982,2008-04-15 18:01:12,2,0,2019-01-28 17:12:27,Third-generation hardware store owners selling their business https://t.co/axRZg2yIKQ
1089933740904714241,14399160,449,78737,156,931,73982,2008-04-15 18:01:12,1,2,2019-01-28 17:10:28,Cameras on West Michigan highways show snowy road conditions https://t.co/t5FBVyhnjO
1089929104915341313,14399160,449,78737,156,931,73982,2008-04-15 18:01:12,0,1,2019-01-28 16:52:03,Storm Prediction Center’s meso-discussion says snowfall rates increasing https://t.co/6MTN08ISdI
1089920279902646274,14399160,449,78737,156,931,73982,2008-04-15 18:01:12,2,1,2019-01-28 16:16:59,Winter Storm Warning issued January 28 at 11:08AM EST until January 28 at 7:00PM EST by NWS https://t.co/njqJuPteG7
1089918323217887236,14399160,449,78737,156,931,73982,2008-04-15 18:01:12,1,0,2019-01-28 16:09:12,"After baby undergoes emergency brain surgery, teen gets year in jail https://t.co/rn7rFu36vP"
1089917767220948994,14399160,449,78737,156,931,73982,2008-04-15 18:01:12,0,0,2019-01-28 16:07:00,Police looking for 18-year-old charged with sexual assault on multiple minors https://t.co/MfxyriN40d
1089908193382273024,14399160,449,78737,156,931,73982,2008-04-15 18:01:12,1,3,2019-01-28 15:28:57,"Water grill, ‘Float ’N’ Grill,’ invented by two Michigan guys, available for pre-order https://t.co/RFz3KpJH9n"
1089906929290407936,14399160,449,78737,156,931,73982,2008-04-15 18:01:12,2,1,2019-01-28 15:23:56,State of Michigan closes Lower Peninsula offices due to snowstorm https://t.co/t7Ue6sA8Sr
1089905768546136065,14399160,449,78737,156,931,73982,2008-04-15 18:01:12,2,1,2019-01-28 15:19:19,West Michigan snow crews fight uphill battle https://t.co/DWB6HNCmQ3
1089901825116028929,14399160,449,78737,156,931,73982,2008-04-15 18:01:12,0,1,2019-01-28 15:03:39,Lansing declares snow emergency Monday urging residents off the roads https://t.co/bAe0pPVDqb
1089900637041627137,14399160,449,78737,156,931,73982,2008-04-15 18:01:12,2,1,2019-01-28 14:58:55,See vehicle struggle up Michigan Street hill before road closed https://t.co/hyed3KHau2
1089899486510493697,14399160,449,78737,156,931,73982,2008-04-15 18:01:12,3,3,2019-01-28 14:54:21,"Is a snowplow headed your way? Track them statewide, see real-time road conditions https://t.co/TYqYZ7REiP"
1089889091452325890,14399160,449,78737,156,931,73982,2008-04-15 18:01:12,3,2,2019-01-28 14:13:03,Snowstorm cancels numerous flights at Grand Rapids airport https://t.co/7yBhEmCQQU
1089878869329526784,14399160,449,78737,156,931,73982,2008-04-15 18:01:12,1,2,2019-01-28 13:32:26,"Tanger Outlets, area governments close for as snowstorm bears down on West Michigan https://t.co/gSVleNLHRa"
1089875478280847360,14399160,449,78737,156,931,73982,2008-04-15 18:01:12,1,1,2019-01-28 13:18:57,It's time to make your pick for Michigan's Best Diner https://t.co/zQTmKypUQH
1089871418253283330,14399160,449,78737,156,931,73982,2008-04-15 18:01:12,0,1,2019-01-28 13:02:49,Superintendent says bishop’s initiatives strengthening Catholic schools https://t.co/Otf0VWa4gp
1089870883752157184,14399160,449,78737,156,931,73982,2008-04-15 18:01:12,0,0,2019-01-28 13:00:42,"What to expect today with snowstorm, dangerous blowing snow https://t.co/eUCHMIraBp"
1089862851387424768,14399160,449,78737,156,931,73982,2008-04-15 18:01:12,1,1,2019-01-28 12:28:47,Vote for Grand Rapids Press Player of the Week (Jan. 21-26) https://t.co/PZucjTsSxZ
1089857486058852352,14399160,449,78737,156,931,73982,2008-04-15 18:01:12,1,0,2019-01-28 12:07:27,"OK Conference boys, girls basketball standings, Jan. 29 schedules https://t.co/kqhEYe9uFQ"
1089856564931055617,14399160,449,78737,156,931,73982,2008-04-15 18:01:12,0,0,2019-01-28 12:03:48,"Police, firefighters subdue man threatening with large butane lighter https://t.co/YJvJLGZ37T"
1089856301969129472,14399160,449,78737,156,931,73982,2008-04-15 18:01:12,0,0,2019-01-28 12:02:45,Vote in Muskegon Chronicle basketball player of week fan poll (Jan. 21-26 games) https://t.co/CyiS6KXdkP
1089840897070718976,14399160,449,78737,156,931,73982,2008-04-15 18:01:12,1,0,2019-01-28 11:01:32,Michigan's top 25 boys high school basketball rankings for Jan. 28 https://t.co/iM4KiTl4fh
1089832808204386304,14399160,449,78737,156,931,73982,2008-04-15 18:01:12,0,0,2019-01-28 10:29:24,15 things you should have stashed in your vehicle during a winter storm https://t.co/Zj3exXAbmT
1089807852821200896,14399160,449,78737,156,931,73982,2008-04-15 18:01:12,4,0,2019-01-28 08:50:14,"West Michigan schools close Monday, Jan. 28 as they brace for winter storm https://t.co/sE4OKEEp8z"
1089803063718830080,14399160,449,78737,156,931,73982,2008-04-15 18:01:12,0,2,2019-01-28 08:31:12,Winter Storm Warning issued January 28 at 3:22AM EST until January 28 at 7:00PM EST by NWS https://t.co/prUVWPEU3q
1089744590855462912,14399160,449,78737,156,931,73982,2008-04-15 18:01:12,1,0,2019-01-28 04:38:51,Weather to watch: High res model cranks up winds to possible blizzard status https://t.co/ugvA9i65rk
1089740665678909440,14399160,449,78737,156,931,73982,2008-04-15 18:01:12,0,1,2019-01-28 04:23:15,Miss Basketball update: Candidate invited to McDonald’s All-American Game https://t.co/g94sgdYIDN
1089732509305372672,14399160,449,78737,156,931,73982,2008-04-15 18:01:12,1,1,2019-01-28 03:50:51,Former world champ celebrates day in his honor at the gym https://t.co/a6hLX6KeFs
1089726333628895232,14399160,449,78737,156,931,73982,2008-04-15 18:01:12,1,2,2019-01-28 03:26:18,Missing NMU student found dead 300 feet from road https://t.co/BMntTI2CKa
1089717615449255936,14399160,449,78737,156,931,73982,2008-04-15 18:01:12,1,1,2019-01-28 02:51:40,Winter Storm Warning issued January 27 at 9:42PM EST until January 28 at 7:00PM EST by NWS https://t.co/vEddt3onme
1089682498957819906,14399160,449,78737,156,931,73982,2008-04-15 18:01:12,1,2,2019-01-28 00:32:07,Winter Storm Warning issued January 27 at 7:25PM EST until January 28 at 7:00PM EST by NWS https://t.co/OgLAQBtdIY
