1094707281575460869,14708814,568,157609,0,1822,117951,2008-05-09 02:36:46,1,0,2019-02-10 21:18:49,"RT @UConn_Insider: .@UConnMBB, short-handed but feisty, fall at Memphis, 78-71 https://t.co/4KK3Tz3em8"
1094678679580565505,14708814,568,157609,0,1822,117951,2008-05-09 02:36:46,3,1,2019-02-10 19:25:10,"Norwich diocese reveals association with 43 priests accused of sexual abuse, that it paid $7.7 million in settlemen‚Ä¶ https://t.co/V15ALX4BxN"
1094676859546152961,14708814,568,157609,0,1822,117951,2008-05-09 02:36:46,0,1,2019-02-10 19:17:56,"Tom Serra, former Middletown mayor, educator, dies: https://t.co/a62lnF1mm0 https://t.co/XnRLl4GMXh"
1094671469215469568,14708814,568,157609,0,1822,117951,2008-05-09 02:36:46,1,0,2019-02-10 18:56:30,RT @UConn_Insider: Follow along for live updates as @UConnMBB takes on Memphis https://t.co/FAjmMujT0A
1094661529562169345,14708814,568,157609,0,1822,117951,2008-05-09 02:36:46,2,6,2019-02-10 18:17:01,Op-ed: Bring Connecticut‚Äôs farming community into the 21st century: https://t.co/hvYc14Buqf
1094653887800332288,14708814,568,157609,0,1822,117951,2008-05-09 02:36:46,1,1,2019-02-10 17:46:39,#ICYMI: A peaceful visit to Mansfield‚Äôs Torrey Preserve and the banks of the Fenton River with Nature columnist‚Ä¶ https://t.co/hYS0Nr5smA
1094648987511070721,14708814,568,157609,0,1822,117951,2008-05-09 02:36:46,2,0,2019-02-10 17:27:10,RT @UConn_Insider: .@UConnWBB breaks out of its shooting slump and more takeaways from the Huskies' win over Temple https://t.co/zIYdac46UF‚Ä¶
1094633425359814656,14708814,568,157609,0,1822,117951,2008-05-09 02:36:46,0,1,2019-02-10 16:25:20,Op-ed: Time to confront Connecticut‚Äôs eviction crisis - with lawyers: https://t.co/jxFQQ1Ze7G
1094627551304138753,14708814,568,157609,0,1822,117951,2008-05-09 02:36:46,1,0,2019-02-10 16:02:00,"Here's everything you need to know about @UConnMBB's matchup with Memphis on Sunday https://t.co/ZFMuWIU5N9

Sponsored by @Riscassi_Davis"
1094621428874395649,14708814,568,157609,0,1822,117951,2008-05-09 02:36:46,0,1,2019-02-10 15:37:40,"From @ManthonyCourant: Contrary to the predictions of top players like Jordan Spieth and Rory McIlroy,‚Ä¶ https://t.co/KLO0o0quwt"
1094615276908244992,14708814,568,157609,0,1822,117951,2008-05-09 02:36:46,0,0,2019-02-10 15:13:13,Show off your company in the Courant‚Äôs annual Top Workplaces competition: https://t.co/Rtp3anpxsf
1094605873928945665,14708814,568,157609,0,1822,117951,2008-05-09 02:36:46,1,0,2019-02-10 14:35:51,Collision on I-91 in Wethersfield closes highway: https://t.co/ZUhK0Gg69K
1094596495343538177,14708814,568,157609,0,1822,117951,2008-05-09 02:36:46,0,3,2019-02-10 13:58:35,Manchester police Det. Claire Hearn has mastered the art of the interview: https://t.co/MalLQPOMAN
1094580384787062784,14708814,568,157609,0,1822,117951,2008-05-09 02:36:46,0,6,2019-02-10 12:54:34,Editorial: New UConn president Thomas Katsouleas seems a good fit for a school in transition: https://t.co/6LLH6gtUar
1094574927473246208,14708814,568,157609,0,1822,117951,2008-05-09 02:36:46,2,5,2019-02-10 12:32:53,Series about Hartford seeks to move beyond the history books: https://t.co/fIT8dnQWWg
1094328333201010688,14708814,568,157609,0,1822,117951,2008-05-09 02:36:46,2,2,2019-02-09 20:13:00,"The @UConnWBB turned in one of their best shooting performances of the season, perhaps putting a shooting slump beh‚Ä¶ https://t.co/gl9iCc6bwC"
1094325780056821760,14708814,568,157609,0,1822,117951,2008-05-09 02:36:46,1,1,2019-02-09 20:02:52,Have you made your #ValentinesDay reservations yet? These local restaurants have specials for you and your sweethea‚Ä¶ https://t.co/hbHYRYT5hO
1094300074333650945,14708814,568,157609,0,1822,117951,2008-05-09 02:36:46,1,7,2019-02-09 18:20:43,"Former New Britain mayor resigns chamber post after misogynistic Facebook post
 https://t.co/HyWCBEBHrN https://t.co/kulfoHf3SN"
1094294431233200128,14708814,568,157609,0,1822,117951,2008-05-09 02:36:46,1,12,2019-02-09 17:58:18,Elizabeth Warren makes it official: She's running for president https://t.co/6FgWYsCse9 https://t.co/VNk2f6n9aX
1094274450248351744,14708814,568,157609,0,1822,117951,2008-05-09 02:36:46,2,1,2019-02-09 16:38:54,".@jonlender: from tribes to MGM to MLB, big interests are paying lobbyists $2 million to influence bills on sports‚Ä¶ https://t.co/t5D8gweZXW"
1094255154927468545,14708814,568,157609,0,1822,117951,2008-05-09 02:36:46,1,1,2019-02-09 15:22:13,A hit-and-run victim was also car-jacked in Hartford https://t.co/S1OY7NGX5D https://t.co/BePCKzA0ai
1094249829289652227,14708814,568,157609,0,1822,117951,2008-05-09 02:36:46,4,4,2019-02-09 15:01:04,Southwest Airlines drops its daily nonstop flight to Sin City from Bradley https://t.co/0lEtZisK4q https://t.co/faZvgXUw92
1094220832908431360,14708814,568,157609,0,1822,117951,2008-05-09 02:36:46,2,6,2019-02-09 13:05:50,Have you been tidying up?  The #KonMari method has upped donations to thrift stores across the state‚Ä¶ https://t.co/Tfkt31EzAN
1094190473047142401,14708814,568,157609,0,1822,117951,2008-05-09 02:36:46,3,18,2019-02-09 11:05:12,"Dueling marijuana billboards in pop up in New Haven: ‚ÄòWeed in 60 miles,‚Äô ‚ÄòAddiction treatment is closer' https://t.co/BPb5kiaTia"
1094071482173587456,14708814,568,157609,0,1822,117951,2008-05-09 02:36:46,3,6,2019-02-09 03:12:22,"In $225 million partnership, Eversource takes deep dive into offshore wind projects in Atlantic https://t.co/GWG5nFtOKr"
1094065482792136705,14708814,568,157609,0,1822,117951,2008-05-09 02:36:46,0,1,2019-02-09 02:48:32,"Face it, John Dunn left UConn because it seemed like a better route toward his dream job, writes @ManthonyCourant https://t.co/b85soOQ3qI"
1094047850076520448,14708814,568,157609,0,1822,117951,2008-05-09 02:36:46,1,6,2019-02-09 01:38:28,"Sue Bird, Diana Taurasi, Rebecca Lobo to host event at Mohegan Sun https://t.co/k9fnVhtsrr  

Sponsored by @Riscassi_Davis"
1094041725029572609,14708814,568,157609,0,1822,117951,2008-05-09 02:36:46,0,0,2019-02-09 01:14:08,Is your town considering a ban on single-use plastic bags? Check this list to find out. https://t.co/XslUKAVq7Z
1094024799972667393,14708814,568,157609,0,1822,117951,2008-05-09 02:36:46,0,3,2019-02-09 00:06:52,A pipeline of undocumented workers for Donald Trump ran from Costa Rica to N.J.: 'My whole town practically lived t‚Ä¶ https://t.co/qk4ajBK6ut
1094019200488742912,14708814,568,157609,0,1822,117951,2008-05-09 02:36:46,2,6,2019-02-08 23:44:37,"Connecticut had previously put in a bid to host Amazon's second headquarters, proposing sites in the Stamford and H‚Ä¶ https://t.co/ibTrqPoWUI"
1094009743306383362,14708814,568,157609,0,1822,117951,2008-05-09 02:36:46,4,3,2019-02-08 23:07:03,"This week in #CTPolitics, explained in one minute:

üöô Democrats want a transit authority https://t.co/gquAwcpqiv

üéì‚Ä¶ https://t.co/Ng5qK0W8Ph"
1094004414820560898,14708814,568,157609,0,1822,117951,2008-05-09 02:36:46,0,1,2019-02-08 22:45:52,An arbitration board has signed off on a new three-year contract between the Hartford Federation of Teachers and th‚Ä¶ https://t.co/W8bQzxYSNm
1093996572856193024,14708814,568,157609,0,1822,117951,2008-05-09 02:36:46,0,1,2019-02-08 22:14:43,"Jalen Gaffney, signed to play in Storrs beginning next season, is poised to bring wide array of skills to UConn men‚Ä¶ https://t.co/magQ7HRDWq"
1093990983044349953,14708814,568,157609,0,1822,117951,2008-05-09 02:36:46,1,0,2019-02-08 21:52:30,"New Britain police investigation clears officers in fatal 2017 shooting, but recommends policy changes https://t.co/Ot5zlpgPvr"
1093985214785880065,14708814,568,157609,0,1822,117951,2008-05-09 02:36:46,0,3,2019-02-08 21:29:35,"After a bitter setback last year, Democratic legislators are again trying to strengthen Connecticut‚Äôs laws on sexua‚Ä¶ https://t.co/lIgeKHyC91"
1093974032716890113,14708814,568,157609,0,1822,117951,2008-05-09 02:36:46,1,14,2019-02-08 20:45:09,A plastic bag tax?  Bag fees?  Lawmakers are hoping to reduce the use of plastic bags by consumers and retailers in‚Ä¶ https://t.co/YAM3kZTfOk
1093973256888111104,14708814,568,157609,0,1822,117951,2008-05-09 02:36:46,2,4,2019-02-08 20:42:04,Connecticut has reached back out to Amazon amid reports its reconsidering its New York headquarters site https://t.co/CHsWAO8nxk
1093969674532995072,14708814,568,157609,0,1822,117951,2008-05-09 02:36:46,3,6,2019-02-08 20:27:50,"Dueling marijuana billboards in pop up in New Haven: ‚ÄòWeed in 60 miles,‚Äô ‚ÄòAddiction treatment is closer' https://t.co/8zcvgcwmyD"
1093963270183178247,14708814,568,157609,0,1822,117951,2008-05-09 02:36:46,0,1,2019-02-08 20:02:23,"In $225 million partnership, Eversource takes deep dive into offshore wind projects in Atlantic https://t.co/WIvCpGlbZx"
1093958077492146177,14708814,568,157609,0,1822,117951,2008-05-09 02:36:46,7,8,2019-02-08 19:41:45,"In this week‚Äôs Nature column, @petermarteka takes a peaceful visit to Mansfield's Torrey Preserve and the banks of‚Ä¶ https://t.co/Fj2HBmIYLs"
1093952002479087617,14708814,568,157609,0,1822,117951,2008-05-09 02:36:46,2,0,2019-02-08 19:17:36,"RT @UConn_Insider: A couple of former @UConnFootball players have found homes in the new Alliance for American Football league
https://t.co‚Ä¶"
1093951576077676544,14708814,568,157609,0,1822,117951,2008-05-09 02:36:46,0,0,2019-02-08 19:15:55,"Two arrested in connection with New Britain murder, but suspected killer remains on the loose https://t.co/oQNf30FPgm"
1093946319209750531,14708814,568,157609,0,1822,117951,2008-05-09 02:36:46,1,1,2019-02-08 18:55:01,"Facing opposition, Amazon reassessing N.Y. headquarters site, two officials say https://t.co/YFvOt0KBFe"
1093938781093314565,14708814,568,157609,0,1822,117951,2008-05-09 02:36:46,3,1,2019-02-08 18:25:04,"Three days after a 24-year-old woman‚Äôs body was found stuffed in a suitcase near a Greenwich road, police have not‚Ä¶ https://t.co/eeSWTU6O0b"
1093936345758793729,14708814,568,157609,0,1822,117951,2008-05-09 02:36:46,0,0,2019-02-08 18:15:23,Sandra Kalosky was found beaten to death in her East Haddam home last March. Now a life insurance company is refusi‚Ä¶ https://t.co/DrKLGQKOU6
1093930745800863745,14708814,568,157609,0,1822,117951,2008-05-09 02:36:46,0,0,2019-02-08 17:53:08,"Oscar-nominated actor Albert Finney, who starred in 'Tom Jones' and 'Skyfall,' dead at 82 https://t.co/ZH8OFsp88x"
1093925323597664257,14708814,568,157609,0,1822,117951,2008-05-09 02:36:46,0,0,2019-02-08 17:31:35,"Oscar-nominated actor Albert Finney, who starred in 'Tom Jones' and 'Skyfall,' dead at 82 https://t.co/QcOsIK4Art"
1093916693758390273,14708814,568,157609,0,1822,117951,2008-05-09 02:36:46,0,2,2019-02-08 16:57:18,"It was 1999 in Hartford, and political reporters were in town to see Donald Trump and Roger Stone https://t.co/d5WfBoK1Et"
1093910926623940608,14708814,568,157609,0,1822,117951,2008-05-09 02:36:46,0,2,2019-02-08 16:34:23,Supreme Court says Louisiana cannot enforce restrictive abortion law in 5-4 vote https://t.co/MFdGzntikQ
1093903884450480129,14708814,568,157609,0,1822,117951,2008-05-09 02:36:46,3,7,2019-02-08 16:06:24,"Here's what happened in #CTPolitics this week:

üöô Democrats want a transit authority https://t.co/9YHWrqxRjV
üéì Free‚Ä¶ https://t.co/JJUJrGQQ7e"
1093903830411067394,14708814,568,157609,0,1822,117951,2008-05-09 02:36:46,3,0,2019-02-08 16:06:11,RT @UConn_Insider: Jalen Adams has been diagnosed with a Grade 2+ MCL sprain and will be out 4-6 weeks per @UConnMBB
1093901028276293633,14708814,568,157609,0,1822,117951,2008-05-09 02:36:46,1,0,2019-02-08 15:55:03,RT @RussellBlairCT: Pot. tolls. Lunch with John Rowland. All that and more in the Capitol Watch Week in Review: https://t.co/xPPgGZ2xyN Sub‚Ä¶
1093896880973590528,14708814,568,157609,0,1822,117951,2008-05-09 02:36:46,0,0,2019-02-08 15:38:34,"Police: Videos helped cops nab serial burglar who broke into houses in Windsor Locks, Avon, Suffield and Newington https://t.co/S8jrvAtUSO"
1093878676716965888,14708814,568,157609,0,1822,117951,2008-05-09 02:36:46,2,1,2019-02-08 14:26:14,"Op-ed: Inside an OxyContin addiction that ""feels like home"" https://t.co/F8VVedmQG9 https://t.co/1DfDQf8X1G"
1093867187461328897,14708814,568,157609,0,1822,117951,2008-05-09 02:36:46,6,0,2019-02-08 13:40:35,"RT @UConn_Insider: BREAKING: UConn offensive coordinator John Dunn is leaving 
https://t.co/SlGirAXhSs"
1093849148405764096,14708814,568,157609,0,1822,117951,2008-05-09 02:36:46,2,3,2019-02-08 12:28:54,"Meet the state's new top trooper, lauded as caring and humble https://t.co/W0yOvSCBST https://t.co/43RhRs2AzW"
1093838712994254848,14708814,568,157609,0,1822,117951,2008-05-09 02:36:46,5,12,2019-02-08 11:47:26,A plastic bag tax?  Bag fees?  Lawmakers are hoping to reduce the use of plastic bags by consumers and retailers in‚Ä¶ https://t.co/fAvwVcpmnl
1093692659670093824,14708814,568,157609,0,1822,117951,2008-05-09 02:36:46,3,4,2019-02-08 02:07:04,"The number of religious exemptions for vaccinations has steadily increased in Connecticut. In 2008, 466 children ha‚Ä¶ https://t.co/r4kFTl7KIP"
1093686992091693056,14708814,568,157609,0,1822,117951,2008-05-09 02:36:46,1,4,2019-02-08 01:44:33,".@capitolwatchpod: If you had 5 minutes to chat with Gov. Lamont, what would you say?  We asked, you answered‚Ä¶ https://t.co/5NftLCJWBA"
1093681353395187712,14708814,568,157609,0,1822,117951,2008-05-09 02:36:46,0,3,2019-02-08 01:22:08,"Artichoke pie, anyone? üçïhttps://t.co/MX9s1HPLHC"
1093675079257464832,14708814,568,157609,0,1822,117951,2008-05-09 02:36:46,3,0,2019-02-08 00:57:13,"Who could operate sports betting in Connecticut? Tribes, MGM, CT Lottery and off-track locations all angle for piec‚Ä¶ https://t.co/bcMuOBEhrO"
1093668936548302850,14708814,568,157609,0,1822,117951,2008-05-09 02:36:46,2,2,2019-02-08 00:32:48,Anyone with information is asked to call police https://t.co/JCxOJbO2WF
1093660411080118273,14708814,568,157609,0,1822,117951,2008-05-09 02:36:46,2,3,2019-02-07 23:58:55,Amazon CEO Jeff Bezos accuses National Enquirer of 'extortion and blackmail' over revealing personal photos https://t.co/BCAe2CzQzW
1093646294445445120,14708814,568,157609,0,1822,117951,2008-05-09 02:36:46,1,1,2019-02-07 23:02:50,Hartford is expected to lose about $3.2 million in tax revenue as a result of a drop in taxable property https://t.co/LUYwSvyOJu
1093637996463706118,14708814,568,157609,0,1822,117951,2008-05-09 02:36:46,5,6,2019-02-07 22:29:51,".@TreeHouseBrewCo buys Woodstock farm and orchard for $1.6 million, will expand into Connecticut https://t.co/PHlXBvrFNC"
1093632436695646210,14708814,568,157609,0,1822,117951,2008-05-09 02:36:46,4,1,2019-02-07 22:07:46,"For more than a week, family and friends hoped they would hear from Valerie Reyes. But the search for the missing 2‚Ä¶ https://t.co/1tf65LrJAi"
1093607594541936644,14708814,568,157609,0,1822,117951,2008-05-09 02:36:46,0,3,2019-02-07 20:29:03,"In Opinion | Former Gov. Lowell Weicker, a member of the Senate Watergate Committee, on the public must hear what R‚Ä¶ https://t.co/yK8Axnt7Xb"
1093603630245203968,14708814,568,157609,0,1822,117951,2008-05-09 02:36:46,4,5,2019-02-07 20:13:18,39 states allow some form of early voting. Connecticut isn't one of them. https://t.co/CpTsm9vrqy
1093598215964971014,14708814,568,157609,0,1822,117951,2008-05-09 02:36:46,1,1,2019-02-07 19:51:47,Windsor Locks police have arrested a burglary suspect who they believe was involved in break-ins in Connecticut and‚Ä¶ https://t.co/2LXdWCrsf9
1093593046988537857,14708814,568,157609,0,1822,117951,2008-05-09 02:36:46,1,2,2019-02-07 19:31:15,"Frank Robinson, baseball legend, dead at 83 https://t.co/D8PCiG076u"
1093588413926858752,14708814,568,157609,0,1822,117951,2008-05-09 02:36:46,0,0,2019-02-07 19:12:50,"From Connecticut to New Mexico to Morocco, allegations have followed former Hartford Archdiocese priest finally set‚Ä¶ https://t.co/a6lbgzE0dV"
1093583210414518272,14708814,568,157609,0,1822,117951,2008-05-09 02:36:46,1,0,2019-02-07 18:52:09,Former Farmington town council member Jon Landry avoids prison in harassment case https://t.co/hVLbXIaX1G
1093576887350280192,14708814,568,157609,0,1822,117951,2008-05-09 02:36:46,3,10,2019-02-07 18:27:02,".@artichokepizza, a New York-based fast-casual pizza chain, will open its first Connecticut restaurant next week https://t.co/1q2LN0aWxt"
1093574883819352065,14708814,568,157609,0,1822,117951,2008-05-09 02:36:46,0,0,2019-02-07 18:19:04,Geno Auriemma on Maya Moore sitting out the 2019 season: ‚ÄòI don‚Äôt know that we‚Äôve heard the last from her‚Äô‚Ä¶ https://t.co/bAvjclnZNY
1093572090018566145,14708814,568,157609,0,1822,117951,2008-05-09 02:36:46,0,2,2019-02-07 18:07:58,".@GovNedLamont shares his high school yearbook photo: ‚ÄòIf you‚Äôre not jealous of the hair, you‚Äôre not being honest' https://t.co/gslVsTD07K"
1093566840545177601,14708814,568,157609,0,1822,117951,2008-05-09 02:36:46,0,0,2019-02-07 17:47:06,Can Katie Lou Samuelson become the superstar @UConnWBB needs her to be? Are there recruits on the horizon to help C‚Ä¶ https://t.co/So9X2xKlF9
1093561213810892800,14708814,568,157609,0,1822,117951,2008-05-09 02:36:46,0,1,2019-02-07 17:24:45,"From tuition costs to industry ties, here's are 7 key issues facing the next president of @UConn‚Ä¶ https://t.co/Tb0Ia2IGNo"
1093555673080754179,14708814,568,157609,0,1822,117951,2008-05-09 02:36:46,0,1,2019-02-07 17:02:44,"Jill Abramson, former editor of The New York Times, accused of plagiarism by reporters https://t.co/a7GqyS86vK"
1093550480708509696,14708814,568,157609,0,1822,117951,2008-05-09 02:36:46,2,1,2019-02-07 16:42:06,New Britain police believe missing woman is with murder suspect https://t.co/HfZBtJ8CdK
1093531062091874305,14708814,568,157609,0,1822,117951,2008-05-09 02:36:46,2,3,2019-02-07 15:24:56,"Who could operate sports betting in Connecticut? Tribes, MGM, CT Lottery and off-track locations all angle for piec‚Ä¶ https://t.co/XeB6qvP12s"
1093525356290760704,14708814,568,157609,0,1822,117951,2008-05-09 02:36:46,1,3,2019-02-07 15:02:16,".@uconnhealth has not found a viable option for a public-private partnership, something the health center has sough‚Ä¶ https://t.co/dLks9u5f0E"
1093516981041590272,14708814,568,157609,0,1822,117951,2008-05-09 02:36:46,0,1,2019-02-07 14:28:59,Woman found dead in Greenwich identified as 24-year-old missing from New Rochelle https://t.co/0VhSfQHdve
1093515241470771200,14708814,568,157609,0,1822,117951,2008-05-09 02:36:46,8,0,2019-02-07 14:22:04,"RT @gettinviggy: Breaking: Greenwich police confirm the homicide victim discovered Tuesday in a wooded area is Valerie Reyes, the 24-year-o‚Ä¶"
1093503636297170944,14708814,568,157609,0,1822,117951,2008-05-09 02:36:46,0,1,2019-02-07 13:35:57,".@capitolwatchpod: If you had 5 minutes to chat with Gov. Lamont, what would you say?  We asked, you answered‚Ä¶ https://t.co/bjN7sjSf0O"
1093493331974385664,14708814,568,157609,0,1822,117951,2008-05-09 02:36:46,1,0,2019-02-07 12:55:01,"From Connecticut to New Mexico to Morocco, allegations have followed former Hartford Archdiocese priest finally set‚Ä¶ https://t.co/jUqWOjk6fF"
1093480544384495617,14708814,568,157609,0,1822,117951,2008-05-09 02:36:46,1,0,2019-02-07 12:04:12,"From tuition costs to industry ties, here's are 7 key issues facing the next president of @UConn‚Ä¶ https://t.co/ZlTlCET0qw"
1093342889340481536,14708814,568,157609,0,1822,117951,2008-05-09 02:36:46,7,7,2019-02-07 02:57:12,This is how Senate Democrats plan to make Connecticut more economically competitive with neighboring states and to‚Ä¶ https://t.co/5CwpRQXhpV
1093337822856130560,14708814,568,157609,0,1822,117951,2008-05-09 02:36:46,4,10,2019-02-07 02:37:04,"The craft beer maker, which has developed a cult-following, plans to grow crops, build fermentation facilities and‚Ä¶ https://t.co/02fvfTIU6e"
1093332284466442240,14708814,568,157609,0,1822,117951,2008-05-09 02:36:46,0,1,2019-02-07 02:15:04,"The picture posted to social media included two teens in dark makeup, akin to blackface https://t.co/ROaRaLTvvd"
1093329367000850433,14708814,568,157609,0,1822,117951,2008-05-09 02:36:46,4,6,2019-02-07 02:03:28,"After a week where she‚Äôd been scrutinized for poor shooting and failing to lead @UConnWBB  past Louisville, Katie L‚Ä¶ https://t.co/MqUhPRL7hX"
1093323615955795968,14708814,568,157609,0,1822,117951,2008-05-09 02:36:46,5,5,2019-02-07 01:40:37,"Editorial: Time‚Äôs up, Tim Stewart. Former New Britain mayor must be fired after misogynistic post‚Ä¶ https://t.co/srFafdsvQn"
1093318027326750720,14708814,568,157609,0,1822,117951,2008-05-09 02:36:46,2,1,2019-02-07 01:18:25,"Temple dominated @UConnMBB in every phase of the game, and saddled them with as ugly and humiliating a loss as any‚Ä¶ https://t.co/9j3n2amKbe"
1093312535556706304,14708814,568,157609,0,1822,117951,2008-05-09 02:36:46,1,3,2019-02-07 00:56:35,Ammunition in Connecticut is currently taxed at the normal sales tax rate of 6.35 percent https://t.co/aoKttIGxF7
1093306927273201669,14708814,568,157609,0,1822,117951,2008-05-09 02:36:46,1,2,2019-02-07 00:34:18,"Another top Virginia Democrat  admitted Wednesday to putting on blackface in the 1980s, when he was a college stude‚Ä¶ https://t.co/aadBcQTKZd"
1093301357136826368,14708814,568,157609,0,1822,117951,2008-05-09 02:36:46,1,4,2019-02-07 00:12:10,"After Pepsi, Indra Nooyi‚Äôs next project is helping Gov. Ned Lamont sell Connecticut https://t.co/RqpNLK05BW https://t.co/AiJA3SM0bZ"
1093296311682678784,14708814,568,157609,0,1822,117951,2008-05-09 02:36:46,18,61,2019-02-06 23:52:07,"‚ÄúPeanuts and Cracker Jack‚Äù are now history at Dunkin' Donuts Park, as the @GoYardGoats announces plans to go peanut‚Ä¶ https://t.co/PFbZq0ppGT"
1093296246503206913,14708814,568,157609,0,1822,117951,2008-05-09 02:36:46,0,1,2019-02-06 23:51:52,"Democratic legislators called for creating a special transportation panel Wednesday, but Republicans immediately bl‚Ä¶ https://t.co/H6qsEK1tAM"
1093290760710094849,14708814,568,157609,0,1822,117951,2008-05-09 02:36:46,0,0,2019-02-06 23:30:04,A winter weather advisory is in effect for northern Connecticut from 7 p.m. Wednesday to 10 a.m. Thursday. Here's w‚Ä¶ https://t.co/Bv0LfCarTy
1093284843830632448,14708814,568,157609,0,1822,117951,2008-05-09 02:36:46,0,4,2019-02-06 23:06:33,The former New Britain Mayor is being condemned for a comment attributed to him about Democratic congresswomen who‚Ä¶ https://t.co/QvFk4tW9Ik
1093279643623395328,14708814,568,157609,0,1822,117951,2008-05-09 02:36:46,3,0,2019-02-06 22:45:53,"The body of the woman, who appeared to be between 18 and 30, was found by town public works employees. She was in a‚Ä¶ https://t.co/Ck5skl0XNz"
1093274067162071040,14708814,568,157609,0,1822,117951,2008-05-09 02:36:46,5,6,2019-02-06 22:23:44,.@edpagecourant: This isn‚Äôt the first time Tim Stewart has posted an offensive comment on Facebook. And it might no‚Ä¶ https://t.co/o4i2l05EEf
1093268509113675786,14708814,568,157609,0,1822,117951,2008-05-09 02:36:46,0,2,2019-02-06 22:01:39,"The @UConnWBB team returns home Wednesday night to face East Carolina
https://t.co/Eqq3lujWfk 
Sponsored by @Riscassi_Davis"
1093263433737404423,14708814,568,157609,0,1822,117951,2008-05-09 02:36:46,1,2,2019-02-06 21:41:29,"Using personal information he bought for a dollar apiece on the internet, the scammer cheated state unemployment pr‚Ä¶ https://t.co/OXmhUspn2i"
1093258355781632014,14708814,568,157609,0,1822,117951,2008-05-09 02:36:46,2,0,2019-02-06 21:21:18,Former New Britain Mayor Timothy Stewart finally broke his silence on a misogynist Facebook post he made during the‚Ä¶ https://t.co/oRKU3MICl0
1093252531310993408,14708814,568,157609,0,1822,117951,2008-05-09 02:36:46,1,2,2019-02-06 20:58:09,"""It is dodging the hard questions and allowing legislators to blame someone else for tolls. You can‚Äôt create an aut‚Ä¶ https://t.co/tqN148nXHs"
1093238417918517248,14708814,568,157609,0,1822,117951,2008-05-09 02:36:46,2,0,2019-02-06 20:02:04,"RT @UConn_Insider: We have a running list of UConn football signings here:
https://t.co/pO88kLHnsb"
1093231741563817984,14708814,568,157609,0,1822,117951,2008-05-09 02:36:46,0,3,2019-02-06 19:35:33,Democrats are hoping these bills will make Connecticut more economically competitive and retain young college gradu‚Ä¶ https://t.co/wK1IS4OEkv
1093226269884456963,14708814,568,157609,0,1822,117951,2008-05-09 02:36:46,3,8,2019-02-06 19:13:48,"The craft beer maker, which has developed a cult-following, plans to grow crops, build fermentation facilities and‚Ä¶ https://t.co/BMQbxsAwAI"
1093216834546003968,14708814,568,157609,0,1822,117951,2008-05-09 02:36:46,0,0,2019-02-06 18:36:18,A winter weather advisory is in effect for northern Connecticut from 7 p.m. Wednesday to 10 a.m. Thursday. Here's w‚Ä¶ https://t.co/RCWA6LMJ9U
1093211751137501184,14708814,568,157609,0,1822,117951,2008-05-09 02:36:46,4,3,2019-02-06 18:16:07,"Fresh Talk: Anxiety is a real disability that many students, from kindergartners to graduate students, have to face‚Ä¶ https://t.co/CL3SNyO6Rg"
1093206196612415490,14708814,568,157609,0,1822,117951,2008-05-09 02:36:46,0,0,2019-02-06 17:54:02,Don't wait until the last minute to make those Valentine's Day reservations https://t.co/Tw5nFrzVZx
1093200896497012738,14708814,568,157609,0,1822,117951,2008-05-09 02:36:46,7,7,2019-02-06 17:32:59,"Breaking: Tim Stewart, president of Greater New Britain Chamber of Commerce and former mayor, placed on administrat‚Ä¶ https://t.co/RdULnUabUP"
1093198524454453254,14708814,568,157609,0,1822,117951,2008-05-09 02:36:46,2,4,2019-02-06 17:23:33,"Mayor Erin Stewart responded Wednesday morning to her father's alleged Facebook post, saying she was ‚Äúembarrassed a‚Ä¶ https://t.co/V5yvNozGon"
1093197128460128256,14708814,568,157609,0,1822,117951,2008-05-09 02:36:46,0,0,2019-02-06 17:18:00,"Another top Virginia Democrat  admitted Wednesday to putting on blackface in the 1980s, when he was a college stude‚Ä¶ https://t.co/txmc8S7YEu"
1093191572164956160,14708814,568,157609,0,1822,117951,2008-05-09 02:36:46,1,2,2019-02-06 16:55:55,.@UConn will have three former stars involved in this year‚Äôs NBA Celebrity All-Star Game https://t.co/bWMXsCKhl5 https://t.co/v5j1oXoTZ1
1093186151907844104,14708814,568,157609,0,1822,117951,2008-05-09 02:36:46,0,1,2019-02-06 16:34:23,Police have released the name of the 27-year-old woman killed in New Britain Monday night. The suspect is still at‚Ä¶ https://t.co/3hKigOHmaj
1093165670932627456,14708814,568,157609,0,1822,117951,2008-05-09 02:36:46,0,0,2019-02-06 15:13:00,Did you miss last night's #StateOfTheUnion? Here are five key takeaways: https://t.co/szTHa2o3Cr #SOTU
1093165670873907200,14708814,568,157609,0,1822,117951,2008-05-09 02:36:46,5,2,2019-02-06 15:13:00,The former New Britain Mayor is being condemned for a comment attributed to him about Democratic congresswomen who‚Ä¶ https://t.co/e81leC3nEX
1093159718829416448,14708814,568,157609,0,1822,117951,2008-05-09 02:36:46,2,0,2019-02-06 14:49:21,"The body of the woman, who appeared to be between 18 and 30, was found by town public works employees. She was in a‚Ä¶ https://t.co/OoNO7Nr84G"
1093124194907443200,14708814,568,157609,0,1822,117951,2008-05-09 02:36:46,1,1,2019-02-06 12:28:11,Search continues for New Britain murder suspect who is considered armed and dangerous https://t.co/onWyBPNzHc https://t.co/zC8GYrGmkU
1093117315854598144,14708814,568,157609,0,1822,117951,2008-05-09 02:36:46,1,2,2019-02-06 12:00:51,State drops case against man charged in shooting of 10-year-old Hartford girl after witness vanishes‚Ä¶ https://t.co/K6VSyDvwDb
1093112277518245888,14708814,568,157609,0,1822,117951,2008-05-09 02:36:46,4,5,2019-02-06 11:40:50,"After Pepsi, Indra Nooyi‚Äôs next project is helping Gov. Ned Lamont sell Connecticut https://t.co/ak888ch5bQ https://t.co/vEKYnBCHyW"
1092982507895693313,14708814,568,157609,0,1822,117951,2008-05-09 02:36:46,1,3,2019-02-06 03:05:11,"Using a desktop printer, paper and scissors, the man filled a shoe-box with bogus bills and went shopping, accordin‚Ä¶ https://t.co/7mdHnDRibt"
1092968642398965765,14708814,568,157609,0,1822,117951,2008-05-09 02:36:46,0,0,2019-02-06 02:10:05,Who's on the State of the Union guest list for Connecticut's Congress members? https://t.co/5WhwJYzoBC https://t.co/8MUjnq3hZu
1092954308633681926,14708814,568,157609,0,1822,117951,2008-05-09 02:36:46,1,2,2019-02-06 01:13:07,#ICYMI: @UConn has selected Thomas C. Katsouleas as its next president https://t.co/ZvHwhxqcv9 https://t.co/xIzkPW41f2
1092949042231955456,14708814,568,157609,0,1822,117951,2008-05-09 02:36:46,1,1,2019-02-06 00:52:12,.@capitolwatchpod: Here's what to make of two bills introduced and quickly pulled last week that could've crippled‚Ä¶ https://t.co/k27MWZ6WXp
1092942880228950016,14708814,568,157609,0,1822,117951,2008-05-09 02:36:46,6,19,2019-02-06 00:27:43,"South Windsor joins Connecticut cities like Hartford and Bridgeport in banning the sale of cigarettes, electronic s‚Ä¶ https://t.co/QhOdeDwAPL"
1092937670794399744,14708814,568,157609,0,1822,117951,2008-05-09 02:36:46,0,0,2019-02-06 00:07:01,".@UConnMBB plays at Temple in a meaningful AAC game, and such opportunities are running out. 
https://t.co/23n72SQjtA"
1092933117181083648,14708814,568,157609,0,1822,117951,2008-05-09 02:36:46,5,7,2019-02-05 23:48:55,Jahana Hayes admonished the New Britain Republican Tuesday for including her in a video for his state Senate campai‚Ä¶ https://t.co/sXgsY1R5ir
1092926145778106368,14708814,568,157609,0,1822,117951,2008-05-09 02:36:46,1,2,2019-02-05 23:21:13,Gov. Ned Lamont‚Äôs budget chief said Tuesday there is no formal proposal to impose the state sales tax on groceries https://t.co/1uCgMeVHW8
1092920822816296960,14708814,568,157609,0,1822,117951,2008-05-09 02:36:46,6,25,2019-02-05 23:00:04,"‚ÄúYou could do two years at a community college for free,"" Lt. Gov. Susan Bysiewicz said. ""It would be a huge invest‚Ä¶ https://t.co/w1LUT1xP3t"
1092915594524086272,14708814,568,157609,0,1822,117951,2008-05-09 02:36:46,0,3,2019-02-05 22:39:17,"‚ÄúThis dreadful legislation punishes law-abiding citizens and makes it harder to learn how to safely use firearms,‚Äù‚Ä¶ https://t.co/KrhVzcAvhb"
1092910253186928640,14708814,568,157609,0,1822,117951,2008-05-09 02:36:46,0,0,2019-02-05 22:18:04,"The victim, who appears to be a young woman, was bound at her hands and feet, according to Greenwich police https://t.co/V4l6THb1lT"
1092906908648906753,14708814,568,157609,0,1822,117951,2008-05-09 02:36:46,1,3,2019-02-05 22:04:46,Legislation was proposed that could have crushed craft breweries in Connecticut. In today's episode of‚Ä¶ https://t.co/8hlsyolnkm
1092901710627045376,14708814,568,157609,0,1822,117951,2008-05-09 02:36:46,0,0,2019-02-05 21:44:07,Police say the man is known to frequent the New Britain and Hartford areas and is considered armed and dangerous. M‚Ä¶ https://t.co/4afBq2gWlA
1092900366969171973,14708814,568,157609,0,1822,117951,2008-05-09 02:36:46,4,1,2019-02-05 21:38:47,Police are looking for a man who they say fatally shot a 28-year-old woman in New Britain https://t.co/BG7SMsCTkj
1092896132773101574,14708814,568,157609,0,1822,117951,2008-05-09 02:36:46,4,0,2019-02-05 21:21:57,"RT @UConn_Insider: Former @UConnWBB star Maya Moore writes in @PlayersTribune that she won't play professional basketball in 2019, will foc‚Ä¶"
1092894821822406656,14708814,568,157609,0,1822,117951,2008-05-09 02:36:46,1,4,2019-02-05 21:16:45,A few eyebrows were raised Monday when thwarted Republican gubernatorial candidate Bob Stefanowski was spotted havi‚Ä¶ https://t.co/Yp9qKPRKNJ
1092889081728720898,14708814,568,157609,0,1822,117951,2008-05-09 02:36:46,0,0,2019-02-05 20:53:56,A Plainville man was arrested on a felony assault charge after he seriously injured another patron during a Decembe‚Ä¶ https://t.co/5Frya3sTXP
1092841872047910914,14708814,568,157609,0,1822,117951,2008-05-09 02:36:46,1,8,2019-02-05 17:46:20,"South Windsor joins Connecticut cities like Hartford and Bridgeport in banning the sale of cigarettes, electronic s‚Ä¶ https://t.co/VeDcZkDGFd"
1092836045102686209,14708814,568,157609,0,1822,117951,2008-05-09 02:36:46,1,3,2019-02-05 17:23:11,".@UConnWBB's Katie Lou Samuelson, Napheesa Collier and Crystal Dangerfield named to Wooden Award Top 20‚Ä¶ https://t.co/vTJO4Fe5uK"
1092834567894024193,14708814,568,157609,0,1822,117951,2008-05-09 02:36:46,10,0,2019-02-05 17:17:19,RT @UConn_Insider: Judge dismisses Kevin Ollie lawsuit against UConn on procedural grounds https://t.co/JFHLaRhhoZ https://t.co/Qsmlvb7rKT
1092824380214779908,14708814,568,157609,0,1822,117951,2008-05-09 02:36:46,1,0,2019-02-05 16:36:50,Who's on the State of the Union guest list for Connecticut's Congress members? https://t.co/8PTsWssLqf https://t.co/OaHoDeYXuA
1092807582220210184,14708814,568,157609,0,1822,117951,2008-05-09 02:36:46,0,2,2019-02-05 15:30:05,.@UConn selects Thomas C. Katsouleas as next president https://t.co/8p7iPXbaQ6 https://t.co/hsYwIiCrB4
1092799777778122753,14708814,568,157609,0,1822,117951,2008-05-09 02:36:46,2,3,2019-02-05 14:59:04,"With @UConn set to announce its next president Tuesday, here's seven things to know about Thomas Katsouleas, the fi‚Ä¶ https://t.co/HyKr6PYFiG"
1092795202782273537,14708814,568,157609,0,1822,117951,2008-05-09 02:36:46,4,5,2019-02-05 14:40:54,"Hartford‚Äôs Colt complex may get a second renovation in just 6 years, eyed for apartments with views of downtown‚Ä¶ https://t.co/PAQ5TI29F3"
1092795028068618242,14708814,568,157609,0,1822,117951,2008-05-09 02:36:46,5,0,2019-02-05 14:40:12,RT @CTVarsity: Congratulations to Malaki Tatum of @SimsburyTrojans diving and Alexis Finnerty of Valley Regional #ctgb for winning the CT V‚Ä¶
1092787240659501058,14708814,568,157609,0,1822,117951,2008-05-09 02:36:46,2,4,2019-02-05 14:09:15,World No. 5 Bryson DeChambeau commits to play in Travelers Championship https://t.co/N4PO8Dp7Nw https://t.co/4UXAorycNM
1092768677865422853,14708814,568,157609,0,1822,117951,2008-05-09 02:36:46,2,3,2019-02-05 12:55:30,.@capitolwatchpod: Here's what to make of two bills introduced and quickly pulled last week that could've crippled‚Ä¶ https://t.co/Yd78bAOTUE
1092754240714477569,14708814,568,157609,0,1822,117951,2008-05-09 02:36:46,3,4,2019-02-05 11:58:08,".@UConn applications have risen when Huskies basketball teams perform well, numbers show https://t.co/mGTS82HY2V https://t.co/RHxgX4hqak"
1092639026711011328,14708814,568,157609,0,1822,117951,2008-05-09 02:36:46,2,6,2019-02-05 04:20:18,"Does it get any better than a bubbling, steaming dish of creamy macaroni and cheese? Hartford area restaurants have‚Ä¶ https://t.co/FKZkmqPtIG"
1092605433355923456,14708814,568,157609,0,1822,117951,2008-05-09 02:36:46,11,37,2019-02-05 02:06:49,At a forum Monday Lt. Gov. Susan Bysiewicz suggested making community colleges free https://t.co/uFCmcsHkgS
1092591383330914304,14708814,568,157609,0,1822,117951,2008-05-09 02:36:46,1,1,2019-02-05 01:10:59,Some lofty goals from last year's State of the Union address still unmet https://t.co/q75bbS1eqm
1092585551868366848,14708814,568,157609,0,1822,117951,2008-05-09 02:36:46,2,5,2019-02-05 00:47:49,New Jersey became the fourth state to approve $15 hourly wage Monday https://t.co/jDcE1PXHYN
1092579310144233473,14708814,568,157609,0,1822,117951,2008-05-09 02:36:46,0,0,2019-02-05 00:23:01,".@UConnWBB drops to No. 5 in the AP Poll, its lowest ranking in 12 years https://t.co/WM8arhINqp"
1092573531123134464,14708814,568,157609,0,1822,117951,2008-05-09 02:36:46,0,1,2019-02-05 00:00:03,"Dan Hurley got his point across, and @UConnMBB got a win. Five other takeaways from Sunday's victory over ECU https://t.co/wikOlORBT8"
1092572033312047104,14708814,568,157609,0,1822,117951,2008-05-09 02:36:46,6,31,2019-02-04 23:54:06,At least 28 states have passed bills enshrining the ban of female genital mutilation into state law. A new bill wou‚Ä¶ https://t.co/UfA7PG4so4
1092571775324413952,14708814,568,157609,0,1822,117951,2008-05-09 02:36:46,3,4,2019-02-04 23:53:04,A firefighter‚Äôs report to police Thursday of a goat chasing children through a Hartford neighborhood led officers t‚Ä¶ https://t.co/nbsgmWzyx1
1092566246833438720,14708814,568,157609,0,1822,117951,2008-05-09 02:36:46,0,0,2019-02-04 23:31:06,Officials say trash-burning facilities will be needed for years to come. That may mean millions more tons of ash wo‚Ä¶ https://t.co/ZA6yah5P9M
1092565226434822145,14708814,568,157609,0,1822,117951,2008-05-09 02:36:46,9,19,2019-02-04 23:27:03,"Boys basketball: @EastCatholicHS ascends to top of state rankings, Manchester makes first appearance https://t.co/MIzvUYiwwq"
1092558451119665152,14708814,568,157609,0,1822,117951,2008-05-09 02:36:46,1,1,2019-02-04 23:00:08,"From @AmoreCourant: @R8RHS grad A.J. Pollock got his due from the Dodgers, but he, like many other players, worries‚Ä¶ https://t.co/2lAey4c0TO"
1092553661992108032,14708814,568,157609,0,1822,117951,2008-05-09 02:36:46,0,0,2019-02-04 22:41:06,"Days before she was killed, Fairfield domestic violence victim accused ex of stealing pickup trucks, police say https://t.co/RRo9jVonrD"
1092551391703384064,14708814,568,157609,0,1822,117951,2008-05-09 02:36:46,0,0,2019-02-04 22:32:05,"General Motors starting 4,300 white-collar layoffs this week https://t.co/TQCMcA23aX"
1092547858128080902,14708814,568,157609,0,1822,117951,2008-05-09 02:36:46,1,1,2019-02-04 22:18:02,"Get Baked, the popular Windsor bakery, will close just after its 7th anniversary https://t.co/8XhPG5n2JH https://t.co/SiZMBXBKX6"
1092546095257923584,14708814,568,157609,0,1822,117951,2008-05-09 02:36:46,0,1,2019-02-04 22:11:02,"UConn women‚Äôs basketball standouts Megan Walker, Crystal Dangerfield bond over love of sneakers‚Ä¶ https://t.co/59dcdpBrNs"
1092545865082957824,14708814,568,157609,0,1822,117951,2008-05-09 02:36:46,1,0,2019-02-04 22:10:07,.@HartfordPolice launch body camera program in an effort to get a closer look at contacts between officers and the‚Ä¶ https://t.co/29kv1vWx5b
1092542329376919552,14708814,568,157609,0,1822,117951,2008-05-09 02:36:46,2,2,2019-02-04 21:56:04,President Trump picks ex-oil lobbyist to permanently replace disgraced Interior Secretary Ryan Zinke https://t.co/p2D8vMKZE6
1092540322540908544,14708814,568,157609,0,1822,117951,2008-05-09 02:36:46,0,0,2019-02-04 21:48:05,Opinion | Trump‚Äôs travel ban: Two years of ongoing tragedy https://t.co/tEVl5cGZA9
1092535186414338055,14708814,568,157609,0,1822,117951,2008-05-09 02:36:46,0,0,2019-02-04 21:27:41,"With a committee deadlocked on disputed Stratford election, the issue heads to the full House of Representatives https://t.co/eA0gewMRz8"
1092528294782816256,14708814,568,157609,0,1822,117951,2008-05-09 02:36:46,0,3,2019-02-04 21:00:18,.@CTDems  rolled out a seven-point plan Monday as their top legislative priorities for 2019 https://t.co/wIDE7C19jo
1092522952527097860,14708814,568,157609,0,1822,117951,2008-05-09 02:36:46,0,0,2019-02-04 20:39:04,Boeing may land new 777X order as Emirates weighs fleet shakeup that could doom Airbus A380 https://t.co/6gsXUhNrZ6
1092517280402063362,14708814,568,157609,0,1822,117951,2008-05-09 02:36:46,1,3,2019-02-04 20:16:32,.@hfdathletic gathered at Bar Louie in West Hartford for a meet and greet during the Super Bowl. Check out some of‚Ä¶ https://t.co/i0mU3SVnLZ
1092505123169992704,14708814,568,157609,0,1822,117951,2008-05-09 02:36:46,2,5,2019-02-04 19:28:13,".@jonlender: Bills would stop legislators from charging taxpayers for mileage when they‚Äôre passengers, not drivers https://t.co/2avQvCVsBm"
1092499049155096578,14708814,568,157609,0,1822,117951,2008-05-09 02:36:46,1,4,2019-02-04 19:04:05,"Gov. Lamont asks Virginia Gov. Ralph Northam to ‚Äòsearch his conscience,‚Äô but stops short of explicitly calling for‚Ä¶ https://t.co/FqHvkLI3OV"
1092496451635159044,14708814,568,157609,0,1822,117951,2008-05-09 02:36:46,0,1,2019-02-04 18:53:46,UConn trustees are expected to appoint the school's next president Tuesday https://t.co/VLpdohd0sh
1092491104233185280,14708814,568,157609,0,1822,117951,2008-05-09 02:36:46,0,1,2019-02-04 18:32:31,"As the debate over ‚ÄòMedicare for All' takes center stage, what does that mean for Hartford's place as the Insurance‚Ä¶ https://t.co/GtUPheOj5W"
1092485941325910016,14708814,568,157609,0,1822,117951,2008-05-09 02:36:46,0,0,2019-02-04 18:12:00,'Young and the Restless' actor Kristoff St. John dead at 52 https://t.co/7pe2ItVeEL
1092485583526682624,14708814,568,157609,0,1822,117951,2008-05-09 02:36:46,2,0,2019-02-04 18:10:35,"RT @UConn_Insider: UConn women fall to No. 5 following loss to Louisville
https://t.co/YCZOstva2q"
1092480634990268416,14708814,568,157609,0,1822,117951,2008-05-09 02:36:46,0,1,2019-02-04 17:50:55,"Fairfield domestic violence victim accused ex of stealing car days before she was killed, police say https://t.co/KbkedrPM4k"
1092475391678263296,14708814,568,157609,0,1822,117951,2008-05-09 02:36:46,5,0,2019-02-04 17:30:05,"Let's talk! @capitolwatchpod will be at @storysoilcoffee in Hartford tomorrow (Tuesday, Feb. 5) from 9:30-11 a.m. a‚Ä¶ https://t.co/iAyhbMACzK"
1092471958422372354,14708814,568,157609,0,1822,117951,2008-05-09 02:36:46,1,0,2019-02-04 17:16:26,"RT @UConn_Insider: Megan Walker and Crystal Dangerfield have bonded, especially over sneakers
https://t.co/XduoLnQpW6"
1092471184384540672,14708814,568,157609,0,1822,117951,2008-05-09 02:36:46,0,1,2019-02-04 17:13:22,"‚ÄúThey are hesitant because they are afraid."" Immigrants are wary of using assistance programs as feds weigh policy‚Ä¶ https://t.co/FVJodqO0Yx"
1092465571197865986,14708814,568,157609,0,1822,117951,2008-05-09 02:36:46,0,1,2019-02-04 16:51:03,10 numbers that show just how ugly ‚Äî and boring? ‚Äî that Super Bowl was https://t.co/FzBRZ5mqsB https://t.co/BVmR2HmJgP
1092462086121238528,14708814,568,157609,0,1822,117951,2008-05-09 02:36:46,0,2,2019-02-04 16:37:12,"Does it get any better than a bubbling, steaming dish of creamy macaroni and cheese? Hartford area restaurants have‚Ä¶ https://t.co/RdW0RRLpiJ"
1092456798404165632,14708814,568,157609,0,1822,117951,2008-05-09 02:36:46,3,11,2019-02-04 16:16:12,"UConn football lands two commits, including quarterback transfer who could compete for starting role https://t.co/UHH6aXL1Gg"
1092451579645644803,14708814,568,157609,0,1822,117951,2008-05-09 02:36:46,2,3,2019-02-04 15:55:28,The legislature‚Äôs public health committee will consider a bill Monday that would add opioid withdrawal to the list‚Ä¶ https://t.co/326SzYTgyh
1092441403366490114,14708814,568,157609,0,1822,117951,2008-05-09 02:36:46,3,3,2019-02-04 15:15:01,Op-ed: John Larson‚Äôs plan to expand Social Security has an extra benefit: https://t.co/ZEFtmhqSSt
1092436174071885830,14708814,568,157609,0,1822,117951,2008-05-09 02:36:46,0,0,2019-02-04 14:54:15,"Fairfield man, 75, charged with murder, home invasion after a domestic violence homicide https://t.co/dOzcjJHshF"
1092422076001148928,14708814,568,157609,0,1822,117951,2008-05-09 02:36:46,2,6,2019-02-04 13:58:13,"From @AmoreCourant: @R8RHS grad A.J. Pollock got his due from the Dodgers, but he, like many other players, worries‚Ä¶ https://t.co/GJV3eZd1xA"
1092416760672935936,14708814,568,157609,0,1822,117951,2008-05-09 02:36:46,1,2,2019-02-04 13:37:06,"As Democrats shift left and debate ‚ÄòMedicare for All,' what does that mean for the Insurance Capital?‚Ä¶ https://t.co/O9LNO12Ndf"
1092405891423440896,14708814,568,157609,0,1822,117951,2008-05-09 02:36:46,0,0,2019-02-04 12:53:55,Officials say trash-burning facilities will be needed for years to come. That may mean millions more tons of ash wo‚Ä¶ https://t.co/P5XcIzhgGa
1092400647935311872,14708814,568,157609,0,1822,117951,2008-05-09 02:36:46,0,0,2019-02-04 12:33:04,Police: Domestic violence victim dead in Fairfield: https://t.co/xHaJJIwFuA
1092259354668122112,14708814,568,157609,0,1822,117951,2008-05-09 02:36:46,1,7,2019-02-04 03:11:38,"The @Patriots win their sixth Super Bowl with a 13-3 win over the @RamsNFL 
https://t.co/qKNDNRhbA7"
1092160684178182144,14708814,568,157609,0,1822,117951,2008-05-09 02:36:46,0,1,2019-02-03 20:39:33,"Love Story: From Oklahoma to Bulgaria, this couple‚Äôs roots stretch around the globe: https://t.co/Jn1K1hLUio https://t.co/2w8zDiTT20"
1092134588523130882,14708814,568,157609,0,1822,117951,2008-05-09 02:36:46,1,0,2019-02-03 18:55:51,RT @UConn_Insider: Follow along for live updates from the XL Center as @UConnMBB takes on ECU https://t.co/rSOr2yEBcf
1092115868430016513,14708814,568,157609,0,1822,117951,2008-05-09 02:36:46,2,0,2019-02-03 17:41:28,RT @CTVarsity: Today‚Äôs the day ‚Äî the day to vote for the CT Varsity Athlete of the Week awards. What did you think we were talking about? h‚Ä¶
1092110438505041921,14708814,568,157609,0,1822,117951,2008-05-09 02:36:46,0,1,2019-02-03 17:19:53,"From @lrileysports: A year after U.S. curling‚Äôs first Olympic gold medal, team member Tyler George visits the Norfo‚Ä¶ https://t.co/ONXlZZVBJn"
1092097020024836096,14708814,568,157609,0,1822,117951,2008-05-09 02:36:46,0,2,2019-02-03 16:26:34,"#ICYMI: In East Hampton and Portland, a bridge and trail extensions fill the gaps along Air Line, Hop River rails-t‚Ä¶ https://t.co/MHEvcKGu2J"
1092096091036758016,14708814,568,157609,0,1822,117951,2008-05-09 02:36:46,4,0,2019-02-03 16:22:52,RT @UConn_Insider: UConn launches social media platform just for athletes https://t.co/wmeEFJhEYo
1092089009742983169,14708814,568,157609,0,1822,117951,2008-05-09 02:36:46,0,0,2019-02-03 15:54:44,"The UConn men‚Äôs basketball team is set for a challenge against ECU, Jayden Gardner
https://t.co/a0L1Y9bJES
Sponsored by @Riscassi_Davis"
1092075792815833088,14708814,568,157609,0,1822,117951,2008-05-09 02:36:46,0,0,2019-02-03 15:02:13,Yale New Haven Hospital confirms two cases of measles: https://t.co/EiESV5ORn5
1092070022988681216,14708814,568,157609,0,1822,117951,2008-05-09 02:36:46,0,5,2019-02-03 14:39:17,New In the neighborhood: West Hartford‚Äôs Connecticut Organic Pasta: https://t.co/aV3Gbi0d8V
1092051889863168001,14708814,568,157609,0,1822,117951,2008-05-09 02:36:46,0,3,2019-02-03 13:27:14,Trump‚Äôs Travel Ban: Two Years of Ongoing Tragedy: https://t.co/5hB48YZKr7
1092035601854095360,14708814,568,157609,0,1822,117951,2008-05-09 02:36:46,10,24,2019-02-03 12:22:31,Editorial: Connecticut must investigate the crimes committed within the Catholic Church: https://t.co/HxOBoe7OFV
1091810650114924544,14708814,568,157609,0,1822,117951,2008-05-09 02:36:46,0,8,2019-02-02 21:28:38,Netflix and Chill: Skip the crowds ‚Äî and the cooking ‚Äî for a stress-free Valentine's Day in https://t.co/zwjxphMJIC https://t.co/rS966Javrh
1091792731926597632,14708814,568,157609,0,1822,117951,2008-05-09 02:36:46,0,0,2019-02-02 20:17:26,"The @UConnWBB team defeated Cincinnati, but the team's struggles continued
https://t.co/3hzVt9yNsv"
1091777381369634817,14708814,568,157609,0,1822,117951,2008-05-09 02:36:46,1,6,2019-02-02 19:16:26,"Polar vortex be damned, state groundhog Chuckles predicts an early spring https://t.co/CgryQjxrix https://t.co/XuB4DecgKD"
1091766261019758593,14708814,568,157609,0,1822,117951,2008-05-09 02:36:46,2,2,2019-02-02 18:32:15,"If you're feeling stir-crazy this weekend, check out 50 things to do to get you through the winter‚Ä¶ https://t.co/P9ypr7J7VD"
1091765281205161985,14708814,568,157609,0,1822,117951,2008-05-09 02:36:46,4,3,2019-02-02 18:28:21,"Collier joins a list of former @UConnWBB players that includes Maya Moore, Breanna Stewart, Tina Charles and Rebecc‚Ä¶ https://t.co/DFsUGkwfxs"
1091747402736902145,14708814,568,157609,0,1822,117951,2008-05-09 02:36:46,0,0,2019-02-02 17:17:19,"Virginia Democrat says governor now questions whether he is in racist photo, will not resign https://t.co/C9fG5PREwj https://t.co/KbpaQ2pr5A"
1091744851635388422,14708814,568,157609,0,1822,117951,2008-05-09 02:36:46,7,8,2019-02-02 17:07:10,.@jonlender: New bills would eliminate two taxpayer-funded perks enjoyed by state legislators who count mileage pay‚Ä¶ https://t.co/AmCBIjlrL4
1091732530196299777,14708814,568,157609,0,1822,117951,2008-05-09 02:36:46,0,0,2019-02-02 16:18:13,"The key to Saturday‚Äôs game will be @UConnWBB ability, or lack thereof, to move past its most recent loss and focus‚Ä¶ https://t.co/3A8uYBq6fW"
1091725903258927106,14708814,568,157609,0,1822,117951,2008-05-09 02:36:46,0,1,2019-02-02 15:51:53,Woman stabbed in the back in Hartford‚Äôs North End https://t.co/8HoPt4KeRj
1091714269027229698,14708814,568,157609,0,1822,117951,2008-05-09 02:36:46,1,4,2019-02-02 15:05:39,Now @UConnWBB has to figure out how to not allow a second loss make them lose focus. This is the first time since 2‚Ä¶ https://t.co/ts69lPuNXa
1091713844131577857,14708814,568,157609,0,1822,117951,2008-05-09 02:36:46,1,7,2019-02-02 15:03:58,What polar vortex?  Punxsutawney Phil is predicting an early spring https://t.co/fpSZFFmtur https://t.co/5d6qqWk9Y7
1091699017573109760,14708814,568,157609,0,1822,117951,2008-05-09 02:36:46,3,1,2019-02-02 14:05:03,".@manthonycourant: Time and money expired on the Connecticut Open, which miraculously lasted 21 years‚Ä¶ https://t.co/F0Bxbcwx33"
1091687633221287936,14708814,568,157609,0,1822,117951,2008-05-09 02:36:46,3,23,2019-02-02 13:19:48,"After years of opposition, Connecticut legislators say it may be time to eliminate Connecticut‚Äôs ‚Äòdeath tax' to kee‚Ä¶ https://t.co/49Kd4amdae"
1091682524013703171,14708814,568,157609,0,1822,117951,2008-05-09 02:36:46,1,6,2019-02-02 12:59:30,"Southwest flight from Bradley declares emergency, flies back to Hartford
 https://t.co/kcAMCkRs9p https://t.co/rBgxp9GHKo"
1091649634777346048,14708814,568,157609,0,1822,117951,2008-05-09 02:36:46,5,10,2019-02-02 10:48:49,Lawmakers have introduced a bill to ban soda and other sugary drinks from being listed on restaurants' children‚Äôs m‚Ä¶ https://t.co/vJWjLPjcap
1091563003944857601,14708814,568,157609,0,1822,117951,2008-05-09 02:36:46,0,2,2019-02-02 05:04:35,Are school districts going ‚Äòsoft‚Äô? Cold spell stirs debate https://t.co/T3dsbVkRba
1091540487583027201,14708814,568,157609,0,1822,117951,2008-05-09 02:36:46,3,12,2019-02-02 03:35:06,Hartford's community service officers dedicated their shift Thursday night to finding those who live outdoors and b‚Ä¶ https://t.co/UGeEZO5NbV
1091535312113803264,14708814,568,157609,0,1822,117951,2008-05-09 02:36:46,0,1,2019-02-02 03:14:32,A 50-year-old New Haven man has pleaded guilty to robbing a bank and faces up to 20 years in prison. https://t.co/g6Vr3QbJHd
1091528506675286016,14708814,568,157609,0,1822,117951,2008-05-09 02:36:46,0,3,2019-02-02 02:47:30,Southington native chosen for women in NFL career forum https://t.co/pLUmkYIYn9
1091522969791275009,14708814,568,157609,0,1822,117951,2008-05-09 02:36:46,1,2,2019-02-02 02:25:30,.@DailyRuctions: Ned Lamont made promises. Now he has to keep them.https://t.co/UkqGLrZXEJ
1091510643050586112,14708814,568,157609,0,1822,117951,2008-05-09 02:36:46,0,2,2019-02-02 01:36:31,UConn ‚Äònot the kind of team‚Äô that can rely on one star and other takeaways from loss to Louisville https://t.co/xN29fHuPKF
1091505080115838978,14708814,568,157609,0,1822,117951,2008-05-09 02:36:46,0,1,2019-02-02 01:14:24,Opinion | How do you defend the church in light of this?  https://t.co/1Z04obGcR3
1091492555970232320,14708814,568,157609,0,1822,117951,2008-05-09 02:36:46,4,8,2019-02-02 00:24:38,Women will surround President Trump at the State of the Union address https://t.co/2ub9XlNTXX
1091481779591094272,14708814,568,157609,0,1822,117951,2008-05-09 02:36:46,0,1,2019-02-01 23:41:49,"Against his lawyer‚Äôs advice, ex-CCSU official Christopher Dukes addresses judge about his kidnapping, assault case https://t.co/xoxocHFeUZ"
1091475733267075072,14708814,568,157609,0,1822,117951,2008-05-09 02:36:46,0,1,2019-02-01 23:17:48,"What happened in #CTPolitics this week:

üõíGrocery shopping could get more expensive https://t.co/QC00xVS0nn
üçªBills‚Ä¶ https://t.co/PhYoOk1Om8"
1091460730992447489,14708814,568,157609,0,1822,117951,2008-05-09 02:36:46,0,0,2019-02-01 22:18:11,Republican Peter Tesei won‚Äôt seek re-election as Greenwich first selectman https://t.co/yDxSyoTPXE
1091453750114480128,14708814,568,157609,0,1822,117951,2008-05-09 02:36:46,0,3,2019-02-01 21:50:26,"Lindsey Vonn to retire from ski racing after the world championships, saying her knees are 'broken beyond repair'‚Ä¶ https://t.co/eO7KEALuNQ"
1091448598682894342,14708814,568,157609,0,1822,117951,2008-05-09 02:36:46,0,1,2019-02-01 21:29:58,"UConn men have the attitude, but they're still looking for results following a loss to UCF https://t.co/XfrUi49ynz"
1091442455499681792,14708814,568,157609,0,1822,117951,2008-05-09 02:36:46,1,2,2019-02-01 21:05:34,"In Opinion

A member of the state Board of Pardons and Paroles writes about the pervasive nature of inequality in C‚Ä¶ https://t.co/i6ljjn2F3v"
1091436899997282305,14708814,568,157609,0,1822,117951,2008-05-09 02:36:46,1,3,2019-02-01 20:43:29,A 52-unit affordable housing complex in Hartford is losing its federal contract after its owner failed to address ‚Äú‚Ä¶ https://t.co/2VxqG2xO3f
1091435695296651264,14708814,568,157609,0,1822,117951,2008-05-09 02:36:46,3,2,2019-02-01 20:38:42,"The rise and fall of Rev. Daniel McSheffery, the ‚Äòsickest, sociopathic monster ever to wear a Roman Catholic collar‚Ä¶ https://t.co/bZJHAkbwnF"
1091430594888851456,14708814,568,157609,0,1822,117951,2008-05-09 02:36:46,1,12,2019-02-01 20:18:26,New owners hope to turn two former Catholic schools in Hartford into apartments https://t.co/0seWJjydBL https://t.co/eKj7kliO2K
1091425141106577410,14708814,568,157609,0,1822,117951,2008-05-09 02:36:46,0,0,2019-02-01 19:56:45,.@manthonycourant: @UConnWBB is lacking the stand-out player they are used to having  https://t.co/6RZI6qbN1n https://t.co/nuiVeik6Lp
1091419496814968832,14708814,568,157609,0,1822,117951,2008-05-09 02:36:46,0,0,2019-02-01 19:34:20,"U.S. pulls out of Cold War-era nuclear treaty, blaming Russia https://t.co/xz41qeZGeh"
1091413861725597696,14708814,568,157609,0,1822,117951,2008-05-09 02:36:46,1,2,2019-02-01 19:11:56,"West Hartford is looking for a new logo, and town leaders want your help in choosing which one is best‚Ä¶ https://t.co/YDpq2iUNpy"
1091403315919892480,14708814,568,157609,0,1822,117951,2008-05-09 02:36:46,1,3,2019-02-01 18:30:02,.@DailyRuctions: Ned Lamont made promises. Now he has to keep them.https://t.co/3cIHl9Ys9I
1091392847507611650,14708814,568,157609,0,1822,117951,2008-05-09 02:36:46,0,1,2019-02-01 17:48:26,Weaver boys basketball coach Reggie Hatchett reinstated after investigation proved no wrongdoing https://t.co/9salORLGdl
1091391364212887553,14708814,568,157609,0,1822,117951,2008-05-09 02:36:46,1,8,2019-02-01 17:42:32,Abandoned railroads in eastern Connecticut are two of the most popular multiuse trails in the state. And two major‚Ä¶ https://t.co/TzCe4eEqFY
1091385897566781441,14708814,568,157609,0,1822,117951,2008-05-09 02:36:46,1,4,2019-02-01 17:20:49,Hartford's community service officers dedicated their shift Thursday night to finding those who live outdoors and b‚Ä¶ https://t.co/Prmrz6Qv8G
1091384745215356928,14708814,568,157609,0,1822,117951,2008-05-09 02:36:46,3,0,2019-02-01 17:16:14,"RT @UConn_Insider: Here's what Geno Auriemma had to say following UConn's loss to Louisville
https://t.co/c7eb5XjeCv"
1091379997552635906,14708814,568,157609,0,1822,117951,2008-05-09 02:36:46,1,3,2019-02-01 16:57:22,Are school districts going ‚Äòsoft‚Äô? Cold spell stirs debate https://t.co/IRwiWyrXgP
1091374714893881344,14708814,568,157609,0,1822,117951,2008-05-09 02:36:46,5,11,2019-02-01 16:36:23,Lawmakers have introduced a bill to ban soda and other sugary drinks from being listed on restaurants' children‚Äôs m‚Ä¶ https://t.co/2iKPAZTB9Y
1091369261099073541,14708814,568,157609,0,1822,117951,2008-05-09 02:36:46,2,1,2019-02-01 16:14:43,Opioid maker Purdue Pharma considered profiting off addiction treatment https://t.co/ptrq1Z5WjI
1091368172912033792,14708814,568,157609,0,1822,117951,2008-05-09 02:36:46,2,0,2019-02-01 16:10:23,"Despite his death, the legal battles involving McSheffery aren‚Äôt over.

There is still one pending lawsuit filed in‚Ä¶ https://t.co/pLabT8Cl3v"
1091365352519409664,14708814,568,157609,0,1822,117951,2008-05-09 02:36:46,1,2,2019-02-01 15:59:11,"‚ÄúI just remember how creepy the deposition was.‚Äù 

In a 2005 video conference deposition, McSheffery plead the Fift‚Ä¶ https://t.co/5DWhhoYrur"
1091363377996283905,14708814,568,157609,0,1822,117951,2008-05-09 02:36:46,1,2,2019-02-01 15:51:20,"U.S. adds 304,000 jobs in January, making it a record 100 straight months of gains https://t.co/RgkUKVfPFE"
1091361850804064257,14708814,568,157609,0,1822,117951,2008-05-09 02:36:46,1,1,2019-02-01 15:45:16,"If you want more from @CapitolWatchPod, check out this week's episodes:

Lobbying 101: Is it ethical? How does it w‚Ä¶ https://t.co/xBDCjzwWaK"
1091358321813139456,14708814,568,157609,0,1822,117951,2008-05-09 02:36:46,1,0,2019-02-01 15:31:15,"Connecticut Open tournament leaving the state, committee to explore other tennis opportunities‚Ä¶ https://t.co/l9RQsb3BM8"
1091356079290830849,14708814,568,157609,0,1822,117951,2008-05-09 02:36:46,2,2,2019-02-01 15:22:20,"The rise and fall of Rev. Daniel McSheffery, the ‚Äòsickest, sociopathic monster ever to wear a Roman Catholic collar‚Ä¶ https://t.co/VqZEUUaJTF"
1091351392323801089,14708814,568,157609,0,1822,117951,2008-05-09 02:36:46,3,3,2019-02-01 15:03:42,Hartford police staged an emergency overnight goat rescue Thursday https://t.co/QtdYRMq0J7
1091336755138179072,14708814,568,157609,0,1822,117951,2008-05-09 02:36:46,5,6,2019-02-01 14:05:33,The Hartford Courant receives top New England FOI award for winning release of Sandy Hook shooter Adam Lanza‚Äôs reco‚Ä¶ https://t.co/eopVvUIHHt
1091331542700486657,14708814,568,157609,0,1822,117951,2008-05-09 02:36:46,3,3,2019-02-01 13:44:50,.@manthonycourant: @UConnWBB is lacking the stand-out player they are used to having  https://t.co/0ovcCvLmrB https://t.co/D5wYzbszwe
1091320389953863680,14708814,568,157609,0,1822,117951,2008-05-09 02:36:46,2,1,2019-02-01 13:00:31,"What happened in #CTPolitics this week:

üõíGrocery shopping could get more expensive https://t.co/uH03oxE193
üçªBills‚Ä¶ https://t.co/RQWwKrxmD0"
1091318811419164672,14708814,568,157609,0,1822,117951,2008-05-09 02:36:46,0,2,2019-02-01 12:54:15,New Jersey Sen. Cory Booker launches 2020 presidential bid https://t.co/QLrrCvyTER https://t.co/Wz5atnlsJA
1091307549553512448,14708814,568,157609,0,1822,117951,2008-05-09 02:36:46,0,5,2019-02-01 12:09:29,New owners hope to turn two former Catholic schools in Hartford into apartments https://t.co/lnNhbZ9gKf https://t.co/fzSUzFlaoU
1091302365200859137,14708814,568,157609,0,1822,117951,2008-05-09 02:36:46,2,3,2019-02-01 11:48:53,Are school districts going ‚Äòsoft‚Äô? Cold spell stirs debate https://t.co/ylvoJXk7z4 https://t.co/aGgMIrCa9g
1091191510102691845,14708814,568,157609,0,1822,117951,2008-05-09 02:36:46,1,0,2019-02-01 04:28:24,".@UConnMBB struggled to find daylight against UCF, as most teams do. But with Jalen Adams taking over in the second‚Ä¶ https://t.co/Y3YrIh7fvX"
1091156797883404288,14708814,568,157609,0,1822,117951,2008-05-09 02:36:46,1,2,2019-02-01 02:10:27,"The game was a back-and-forth battle, but @UConnWBB couldn‚Äôt get over the hump in the second half. The Huskies got‚Ä¶ https://t.co/jXPAxYYSaH"
1091144615925874694,14708814,568,157609,0,1822,117951,2008-05-09 02:36:46,0,5,2019-02-01 01:22:03,From @ManthonyCourant: @HartfordWBB coach Kim McNeill pushing the Hawks back to the top of America East‚Ä¶ https://t.co/TuAH8iL3Pr
1091141857726394370,14708814,568,157609,0,1822,117951,2008-05-09 02:36:46,3,1,2019-02-01 01:11:05,"Defense lawyers work to get prosecutor disqualified from Farmington man‚Äôs drug case, claiming she‚Äôs biased because‚Ä¶ https://t.co/219f2fXxHP"
1091139130573115393,14708814,568,157609,0,1822,117951,2008-05-09 02:36:46,6,9,2019-02-01 01:00:15,Tom Brady in Glastonbury? A rosier outlook for UConn football? A bustling downtown? What would Hartford look like i‚Ä¶ https://t.co/i7iTJbgU1W
1091134554662993925,14708814,568,157609,0,1822,117951,2008-05-09 02:36:46,1,3,2019-02-01 00:42:04,"500,000 state households that can‚Äôt afford the cost of of basic needs like heating their homes. @OperationFuel is h‚Ä¶ https://t.co/SdghmaUYZ2"
1091129527219224576,14708814,568,157609,0,1822,117951,2008-05-09 02:36:46,0,3,2019-02-01 00:22:06,"West Hartford Mayor @Cantorshari said the town's community ‚Äúdemonstrates the heart that makes this a special place""‚Ä¶ https://t.co/iC2qdbI2FR"
1091125250471985154,14708814,568,157609,0,1822,117951,2008-05-09 02:36:46,0,2,2019-02-01 00:05:06,"Pressure is starting to mount on Connecticut‚Äôs GOP chairman to return a $13,000 ‚Äúperformance bonus"" he received fol‚Ä¶ https://t.co/LeURYNPqLE"
1091120720090931200,14708814,568,157609,0,1822,117951,2008-05-09 02:36:46,8,5,2019-01-31 23:47:06,Financial figures revealed at the Hartford Stadium Authority‚Äôs first meeting in a year show the city is still losin‚Ä¶ https://t.co/EAFe3s3vik
1091114766586822656,14708814,568,157609,0,1822,117951,2008-05-09 02:36:46,4,2,2019-01-31 23:23:26,Gov. Lamont taps a top Goldman Sachs executive as the new head of economic development https://t.co/7WxMcfn2MY https://t.co/mOdgsPNgvK
1091109341183332352,14708814,568,157609,0,1822,117951,2008-05-09 02:36:46,6,3,2019-01-31 23:01:53,"Legislation that could have crippled Connecticut‚Äôs craft beer industry is dead, but a larger battle is brewing https://t.co/7KQYWPbqWu"
1091102988796682240,14708814,568,157609,0,1822,117951,2008-05-09 02:36:46,0,3,2019-01-31 22:36:38,Patriots fans are flocking to Rhode Island to bet on #SBLIII https://t.co/B4baxpEG7n
1091096767427428354,14708814,568,157609,0,1822,117951,2008-05-09 02:36:46,2,11,2019-01-31 22:11:55,Connecticut is joining six other states and the city of New York in a lawsuit against the Trump administration over‚Ä¶ https://t.co/aVRXVAkCy0
1091089481430638593,14708814,568,157609,0,1822,117951,2008-05-09 02:36:46,0,2,2019-01-31 21:42:58,"‚ÄòIt felt like a felony.‚Äô The victim of serial groper in Washington, D.C. took justice into her own hands https://t.co/AcflO0GxON"
1091083998535790598,14708814,568,157609,0,1822,117951,2008-05-09 02:36:46,2,5,2019-01-31 21:21:11,.@campbellsl: Don McNiel is no artist. But his heart‚Äôs in the right place. https://t.co/FDAgxxPOt0
1091078728896208903,14708814,568,157609,0,1822,117951,2008-05-09 02:36:46,0,0,2019-01-31 21:00:14,"It's No. 2 vs. No. 3 tonight in Louisville https://t.co/TDX7Pyibx4

Sponsored by @Riscassi_Davis"
1091075176501051397,14708814,568,157609,0,1822,117951,2008-05-09 02:36:46,2,1,2019-01-31 20:46:07,Wethersfield police recover two suitcases ‚Äúabsolutely full‚Äù of cash after arresting suspect in Louisville armored c‚Ä¶ https://t.co/W5EQcmXWZJ
1091070066022596608,14708814,568,157609,0,1822,117951,2008-05-09 02:36:46,0,0,2019-01-31 20:25:49,UConn won‚Äôt have Alterique Gilbert on the court when the Huskies play at Central Florida on Thursday night https://t.co/hqui9xS1Qd
1091064523665092608,14708814,568,157609,0,1822,117951,2008-05-09 02:36:46,0,0,2019-01-31 20:03:48,Not sure what to do for Valentine's Day this year? We've got you covered. https://t.co/ce2bNNpxLN
1091061612453249025,14708814,568,157609,0,1822,117951,2008-05-09 02:36:46,2,0,2019-01-31 19:52:14,RT @AmoreCourant: UConn men have ruled Alterique Gilbert out for tonight.
1091058967592255490,14708814,568,157609,0,1822,117951,2008-05-09 02:36:46,1,0,2019-01-31 19:41:43,A battle is brewing at the state Capitol over a requirement that public school districts pay the transportation cos‚Ä¶ https://t.co/LGXTN1C5yC
1091052185893380097,14708814,568,157609,0,1822,117951,2008-05-09 02:36:46,2,4,2019-01-31 19:14:46,News that Gov. Ned Lamont was looking at ending the sales tax exemption on groceries was met with almost universal‚Ä¶ https://t.co/rAF13wacbJ
1091044318033391616,14708814,568,157609,0,1822,117951,2008-05-09 02:36:46,0,2,2019-01-31 18:43:30,"Former Whalers coach, current NBC analyst Pierre McGuire mansplains hockey to U.S. star Kendall Coyne Schofield Wed‚Ä¶ https://t.co/iHK8gukBYu"
1091038140578623488,14708814,568,157609,0,1822,117951,2008-05-09 02:36:46,0,5,2019-01-31 18:18:57,Seals took over a California beach during the shutdown. Now they won't give it back https://t.co/vQfbRqcFe6
1091032867520630784,14708814,568,157609,0,1822,117951,2008-05-09 02:36:46,0,1,2019-01-31 17:58:00,Chicago police release images of persons of interest in attack on 'Empire' star Jussie Smollett https://t.co/lMowXnQ6DN
1091027346101022720,14708814,568,157609,0,1822,117951,2008-05-09 02:36:46,1,1,2019-01-31 17:36:04,"Records: Hartford mayoral candidate Brandon McGee owes more than $1,300 in back taxes https://t.co/dYzcNGNkUV"
1091022265574195200,14708814,568,157609,0,1822,117951,2008-05-09 02:36:46,2,6,2019-01-31 17:15:52,Opinion | Sports teams don‚Äôt need taxpayers to pay for their stadiums https://t.co/1jK78Fpysc
1091010855326662657,14708814,568,157609,0,1822,117951,2008-05-09 02:36:46,5,6,2019-01-31 16:30:32,"Twenty years ago, the Patriots nearly moved to Hartford. In the end? The Patriots got a new venue in Foxborough, an‚Ä¶ https://t.co/j1X1f4nhNy"
1091006614243557377,14708814,568,157609,0,1822,117951,2008-05-09 02:36:46,4,12,2019-01-31 16:13:41,Study: The loss of local newspapers and journalists contributes to the nation‚Äôs political polarization https://t.co/cYd8NLrmib
1090997974300327937,14708814,568,157609,0,1822,117951,2008-05-09 02:36:46,2,3,2019-01-31 15:39:21,Wethersfield police seized two suitcases ‚Äúabsolutely full‚Äù of cash that were connected to the Kentucky man suspecte‚Ä¶ https://t.co/QImTtJsBML
1090992461105844225,14708814,568,157609,0,1822,117951,2008-05-09 02:36:46,5,7,2019-01-31 15:17:27,"ICE set up a fake university. Hundreds enrolled, not realizing it was a sting operation. https://t.co/iY90HfXaZM"
1090979703878500352,14708814,568,157609,0,1822,117951,2008-05-09 02:36:46,8,22,2019-01-31 14:26:45,From @ManthonyCourant: @HartfordWBB coach Kim McNeill pushing the Hawks back to the top of America East‚Ä¶ https://t.co/zya41umi0W
1090974312008503297,14708814,568,157609,0,1822,117951,2008-05-09 02:36:46,6,0,2019-01-31 14:05:19,.@CapitolWatchPod: Here's what to know about drugged driving as the debate over legalizing recreational marijuana h‚Ä¶ https://t.co/64YKnWtwf7
1090968939897733125,14708814,568,157609,0,1822,117951,2008-05-09 02:36:46,1,3,2019-01-31 13:43:59,.@UConnWBB prepares for tough test against No. 3 Louisville https://t.co/vtf74F6tf1 https://t.co/UvLxU6XJ6b
1090958842341613568,14708814,568,157609,0,1822,117951,2008-05-09 02:36:46,5,5,2019-01-31 13:03:51,"As the @Patriots gear up for their third-straight Super Bowl, let's take a look back at the time they announced a m‚Ä¶ https://t.co/heQFjQHOqY"
1090953249539215360,14708814,568,157609,0,1822,117951,2008-05-09 02:36:46,0,1,2019-01-31 12:41:38,"Some towns and cities will operate emergency warming shelters, and dozens of school systems are delaying classes to‚Ä¶ https://t.co/1ghIUP3RVf"
1090942687254102016,14708814,568,157609,0,1822,117951,2008-05-09 02:36:46,4,15,2019-01-31 11:59:40,Progressives urge Gov. Lamont to ditch the grocery tax https://t.co/aCIc8v7Og3 https://t.co/hWvhW719tV
1090860850884284416,14708814,568,157609,0,1822,117951,2008-05-09 02:36:46,0,4,2019-01-31 06:34:28,"As Bradley International Airport looks to expand its footprint, it might also look to change its name https://t.co/9pgVuAnhV5"
1090832214810681344,14708814,568,157609,0,1822,117951,2008-05-09 02:36:46,1,5,2019-01-31 04:40:41,"As Trump insists on funding for border wall, Democrats make opening offer with no money for it https://t.co/2j0ksW49pw"
1090827023558344704,14708814,568,157609,0,1822,117951,2008-05-09 02:36:46,0,0,2019-01-31 04:20:03,.@TheGinaBarreca: An ode to trivia https://t.co/oFMMFT0dPP
1090821427882799105,14708814,568,157609,0,1822,117951,2008-05-09 02:36:46,2,5,2019-01-31 03:57:49,".@limebike is looking to expand its operation in Connecticut. Newington, New Britain and West Hartford are potentia‚Ä¶ https://t.co/glGAfCuVte"
1090812348175142912,14708814,568,157609,0,1822,117951,2008-05-09 02:36:46,3,8,2019-01-31 03:21:44,"In Hartford, the city council is considering a key development project at the corner of Park and Main https://t.co/Mwhcq8Hp0E"
1090799856598372353,14708814,568,157609,0,1822,117951,2008-05-09 02:36:46,4,0,2019-01-31 02:32:06,Democratic leadership says taxing groceries is just one of many ‚Äòideas‚Äô https://t.co/Fi2M4s7ZuO
1090793943267184640,14708814,568,157609,0,1822,117951,2008-05-09 02:36:46,0,0,2019-01-31 02:08:36,"A former Windsor resident who was convicted at trial of sexual assault, but had the conviction thrown out on appeal‚Ä¶ https://t.co/jmO4VdvR3g"
1090788823309697024,14708814,568,157609,0,1822,117951,2008-05-09 02:36:46,2,1,2019-01-31 01:48:16,Federal records obtained by The Courant reveal workers restrained a patient at the state's psychiatric hospital eve‚Ä¶ https://t.co/uzaTk968Yg
1090777841627791360,14708814,568,157609,0,1822,117951,2008-05-09 02:36:46,0,1,2019-01-31 01:04:37,Steve Carrell. Jeff Bridges. Sarah Jessica Parker. This year‚Äôs Super Bowl ads offer simple escapism with star power‚Ä¶ https://t.co/36d2hduqxW
1090772235353235461,14708814,568,157609,0,1822,117951,2008-05-09 02:36:46,0,0,2019-01-31 00:42:21,Infowars host Alex Jones asks for change of venue for Sandy Hook defamation cases https://t.co/UKe360c3ua
1090766332239458304,14708814,568,157609,0,1822,117951,2008-05-09 02:36:46,2,1,2019-01-31 00:18:53,Two adults and a teen were arrested Wednesday after a fight with guards at Hartford school https://t.co/fyHd2ZPCqk
1090760291019866115,14708814,568,157609,0,1822,117951,2008-05-09 02:36:46,0,0,2019-01-30 23:54:53,Boeing notches more than $100 billion in revenue as aircraft demand soars https://t.co/rlbdlRoY8I
1090752119886487554,14708814,568,157609,0,1822,117951,2008-05-09 02:36:46,3,1,2019-01-30 23:22:25,The UConn trustees are expected to vote early next week to select Thomas Katsouleas as the school's next president https://t.co/OUTSmfYAhU
1090746396750348289,14708814,568,157609,0,1822,117951,2008-05-09 02:36:46,0,0,2019-01-30 22:59:40,Aetna will pay nearly $1 million after one of its vendors sent letters to California patients that revealed the rec‚Ä¶ https://t.co/hbgSfs9Haq
1090740425906888704,14708814,568,157609,0,1822,117951,2008-05-09 02:36:46,0,3,2019-01-30 22:35:57,"Trump tells his own spy chiefs to 'go back to school' after they contradict him on North Korea, ISIS, Russia https://t.co/mw17VXVYCV"
1090717339904065563,14708814,568,157609,0,1822,117951,2008-05-09 02:36:46,1,1,2019-01-30 21:04:13,Snow squall warning issued for parts of Connecticut as blizzard-like conditions threaten the afternoon commute https://t.co/ep5pnQyhqi
1090716793478483968,14708814,568,157609,0,1822,117951,2008-05-09 02:36:46,3,0,2019-01-30 21:02:02,RT @UConn_Insider: .@UConnMBB recruit Qudus Wahab picks Georgetown over Huskies https://t.co/NXi2SRx0mO https://t.co/h05F5wftcj
1090709269748559872,14708814,568,157609,0,1822,117951,2008-05-09 02:36:46,7,5,2019-01-30 20:32:08,A Pittsburgh television station fired a chyron operator for running a graphic that described Tom Brady as a ‚Äúknown‚Ä¶ https://t.co/VrbVed8nM6
1090703920119365632,14708814,568,157609,0,1822,117951,2008-05-09 02:36:46,3,4,2019-01-30 20:10:53,A nearly two-month federal manhunt ended in Wethersfield when police arrested a Louisville man accused of stealing‚Ä¶ https://t.co/B6zhZQ1BJk
1090697616936054787,14708814,568,157609,0,1822,117951,2008-05-09 02:36:46,4,1,2019-01-30 19:45:50,"The polar vortex, explained https://t.co/9yS7ZbxPAz"
1090692166421229568,14708814,568,157609,0,1822,117951,2008-05-09 02:36:46,0,2,2019-01-30 19:24:11,A crucial development at the corner of Park and Main streets in Hartford is now being considered by the city council https://t.co/McTCrmhIiB
1090686898987778048,14708814,568,157609,0,1822,117951,2008-05-09 02:36:46,0,1,2019-01-30 19:03:15,State police have identified the victims in Monday‚Äôs deadly stabbing as the grandparents of the suspected killer https://t.co/atoyAj3Veg
1090681441535606786,14708814,568,157609,0,1822,117951,2008-05-09 02:36:46,3,0,2019-01-30 18:41:34,Federal records obtained by The Courant reveal workers restrained a patient at the state's psychiatric hospital eve‚Ä¶ https://t.co/5FJXC5nBNx
1090676217186054145,14708814,568,157609,0,1822,117951,2008-05-09 02:36:46,1,2,2019-01-30 18:20:48,"As a polar vortex slams the U.S., it's so hot in Australia (116¬∞ in Adelaide) that snakes are taking refuge in toil‚Ä¶ https://t.co/Do65xPkUU0"
1090669921254760454,14708814,568,157609,0,1822,117951,2008-05-09 02:36:46,0,6,2019-01-30 17:55:47,"Affordable prescription pricing, public insurance option among legislature‚Äôs health care targets https://t.co/mYm4CoxsVB"
1090664104296177664,14708814,568,157609,0,1822,117951,2008-05-09 02:36:46,1,2,2019-01-30 17:32:40,Intense snow squalls threaten the evening commute as arctic cold sets in Thursday https://t.co/ABQuLLlXPY
1090658325585379328,14708814,568,157609,0,1822,117951,2008-05-09 02:36:46,1,1,2019-01-30 17:09:42,A prisoner who was caught soliciting inmates to have his brother-in-law killed was arrested Tuesday https://t.co/nXtxrV6SUM
1090646655169372160,14708814,568,157609,0,1822,117951,2008-05-09 02:36:46,1,0,2019-01-30 16:23:20,Weaver boys basketball coach Reggie Hatchett is on leave and being investigated after an incident during a recent g‚Ä¶ https://t.co/2cS4ctAJyQ
1090641161994362880,14708814,568,157609,0,1822,117951,2008-05-09 02:36:46,3,8,2019-01-30 16:01:30,".@limebike is looking to expand its operation in Connecticut. Newington, New Britain and West Hartford are potentia‚Ä¶ https://t.co/4PrzhxGfqg"
1090635973585702912,14708814,568,157609,0,1822,117951,2008-05-09 02:36:46,0,10,2019-01-30 15:40:53,Kentucky governor Matt Bevin says America is 'getting soft' for closing schools during bitter cold https://t.co/BZF0asbFvS
1090622986414112768,14708814,568,157609,0,1822,117951,2008-05-09 02:36:46,0,1,2019-01-30 14:49:17,"It's so cold in parts of the MIdwest, the U.S. Postal Service is suspending mail delivery https://t.co/kAP9F05wIu"
1090610297835003909,14708814,568,157609,0,1822,117951,2008-05-09 02:36:46,1,0,2019-01-30 13:58:52,State police have identified the Montville couple stabbed to death early Monday. Officials said their grandson rema‚Ä¶ https://t.co/r8UrpFOdpz
1090597340287827969,14708814,568,157609,0,1822,117951,2008-05-09 02:36:46,8,14,2019-01-30 13:07:22,Sources say University of Virginia provost is finalist for UConn president: https://t.co/lDTxOuo3La
1090590562972065792,14708814,568,157609,0,1822,117951,2008-05-09 02:36:46,2,3,2019-01-30 12:40:27,"As @UConnWBB prepares for the third top-10 matchup of the season, Geno isn‚Äôt worried about what the outcome means i‚Ä¶ https://t.co/LWb3NMCyp5"
1090583141591535618,14708814,568,157609,0,1822,117951,2008-05-09 02:36:46,0,0,2019-01-30 12:10:57,"Snow, wind, and crippling cold hit Connecticut https://t.co/WjOaDP04yy https://t.co/JCaouZL3Xt"
1090483660556550144,14708814,568,157609,0,1822,117951,2008-05-09 02:36:46,1,0,2019-01-30 05:35:39,What Roger Goodell says on pass interference and replay in his Super Bowl address will matter this year https://t.co/G0dOsFtwUZ
1090472201348886528,14708814,568,157609,0,1822,117951,2008-05-09 02:36:46,3,0,2019-01-30 04:50:07,".@capitolwatchpod: Is lobbying ethical? And why do the NBA, Uber and MGM spend so much money in Connecticut?‚Ä¶ https://t.co/TOhKC3FssE"
1090455314082734080,14708814,568,157609,0,1822,117951,2008-05-09 02:36:46,0,1,2019-01-30 03:43:01,Two Hartford giants are considering teaming up to buy the iconic 'Gold Building' https://t.co/tKCczPokjC https://t.co/gBLnx0v7qh
1090441796918919168,14708814,568,157609,0,1822,117951,2008-05-09 02:36:46,0,2,2019-01-30 02:49:18,Massachusetts man pleads guilty to forging antique that ended up on display at Hartford‚Äôs Wadsworth Atheneum https://t.co/P0pgZ9Mg80
1090435987719761920,14708814,568,157609,0,1822,117951,2008-05-09 02:36:46,8,13,2019-01-30 02:26:13,".@KamalaHarris, a California Democrat and presidential aspirant, says gun control is possible if politicians were f‚Ä¶ https://t.co/GR20hl0VQF"
1090429201159806977,14708814,568,157609,0,1822,117951,2008-05-09 02:36:46,1,0,2019-01-30 01:59:15,"With UConn on verge of choosing a new president, Gov. Lamont weighs in https://t.co/Kg29jvSHB5"
1090423194144727040,14708814,568,157609,0,1822,117951,2008-05-09 02:36:46,0,0,2019-01-30 01:35:23,UConn men's basketball standout Alterique Gilbert is still being evaluated for a shoulder issue‚Ä¶ https://t.co/EpLgItr6f9
1090405404314664962,14708814,568,157609,0,1822,117951,2008-05-09 02:36:46,1,0,2019-01-30 00:24:41,Stamford woman dies after falling down NYC subway stairs holding baby https://t.co/R8gIoZYim5
1090398866564890627,14708814,568,157609,0,1822,117951,2008-05-09 02:36:46,0,0,2019-01-29 23:58:43,.@UConnMBB's Alterique Gilbert still being evaluated after his shoulder injury https://t.co/YGgnjhclWX
1090392313573134336,14708814,568,157609,0,1822,117951,2008-05-09 02:36:46,1,3,2019-01-29 23:32:40,Street musician arrested by Hartford police in December will get his trombone back and could avoid prosecution https://t.co/2wkbGuTGaf
1090386043134722050,14708814,568,157609,0,1822,117951,2008-05-09 02:36:46,1,1,2019-01-29 23:07:45,"""The only thing I knew was that it hurt."" Manchester man sentenced to prison for decade-long sexual abuse of girl‚Ä¶ https://t.co/iQpEryhYlr"
1090380356983947265,14708814,568,157609,0,1822,117951,2008-05-09 02:36:46,2,5,2019-01-29 22:45:10,Leaders of Connecticut‚Äôs two tribal-owned casinos urged lawmakers Tuesday to enact legislation that would allow con‚Ä¶ https://t.co/LiFgSposg3
1090374536128876544,14708814,568,157609,0,1822,117951,2008-05-09 02:36:46,3,0,2019-01-29 22:22:02,"Only a month into election year, five candidates have emerged seeking Hartford‚Äôs top job. We take a look at all of‚Ä¶ https://t.co/lrE8vv4bea"
1090373038024130560,14708814,568,157609,0,1822,117951,2008-05-09 02:36:46,0,1,2019-01-29 22:16:05,"James Ingram, one of the biggest stars in R&amp;B music in the 1980s and '90s, has died at age 66 https://t.co/2OvRhDA5BA"
1090372287839244290,14708814,568,157609,0,1822,117951,2008-05-09 02:36:46,1,8,2019-01-29 22:13:06,Stacey Abrams to give Democrats' response to Trump's State of the Union address https://t.co/gidN5GlZwp https://t.co/RPv9PePeNy
1090371541248950273,14708814,568,157609,0,1822,117951,2008-05-09 02:36:46,1,1,2019-01-29 22:10:08,"An argument in Hartford apartment turned into deadly shooting earlier this month, witnesses say https://t.co/uK772gsKpy"
1090365798764474371,14708814,568,157609,0,1822,117951,2008-05-09 02:36:46,0,0,2019-01-29 21:47:19,Lobbying 101: Is it ethical? How does it work? And why is the NBA doing it in Connecticut? @CapitolWatchPod breaks‚Ä¶ https://t.co/EjLpmxJnhE
1090360692924928000,14708814,568,157609,0,1822,117951,2008-05-09 02:36:46,1,0,2019-01-29 21:27:01,The FBI said Tuesday it concluded the investigation into the deadliest mass shooting in modern U.S. history.  It co‚Ä¶ https://t.co/hi7RK5G9OZ
1090358448846454784,14708814,568,157609,0,1822,117951,2008-05-09 02:36:46,1,8,2019-01-29 21:18:06,President renews attack on Richard Blumenthal after the senator questions truthfulness of Trump Jr. https://t.co/2mHElrR1tF
1090356646646370304,14708814,568,157609,0,1822,117951,2008-05-09 02:36:46,2,3,2019-01-29 21:10:57,The regional trash-to-energy plant in Hartford is now partially back in operation nearly three months after a catas‚Ä¶ https://t.co/Fhq6r2OmHq
1090351139571273728,14708814,568,157609,0,1822,117951,2008-05-09 02:36:46,0,3,2019-01-29 20:49:04,"Democrats' 2020 race wide-open early on as danger mounts for Trump, new Washington Post-ABC News poll shows https://t.co/fonsGSFEZF"
1090345854224007168,14708814,568,157609,0,1822,117951,2008-05-09 02:36:46,0,3,2019-01-29 20:28:03,Two Hartford giants are considering teaming up to buy the iconic 'Gold Building' https://t.co/RKvRv0XbVX https://t.co/upStnissfF
1090340747965018115,14708814,568,157609,0,1822,117951,2008-05-09 02:36:46,0,0,2019-01-29 20:07:46,"The contractors who clean, guard, cook and shoulder other jobs at federal workplaces were returning to work Monday,‚Ä¶ https://t.co/WcjCQhNv1Y"
1090335170346053635,14708814,568,157609,0,1822,117951,2008-05-09 02:36:46,1,3,2019-01-29 19:45:36,"Marcy MacDonald, the podiatrist from Andover who holds the American record for English Channel swim crossings, will‚Ä¶ https://t.co/cOQQTH2PVX"
1090326713492492289,14708814,568,157609,0,1822,117951,2008-05-09 02:36:46,1,1,2019-01-29 19:12:00,A dive team pulled a body from Tankerhoosen Lake in Vernon Tuesday afternoon https://t.co/3s6KqiQBJv
1090325617663455234,14708814,568,157609,0,1822,117951,2008-05-09 02:36:46,0,0,2019-01-29 19:07:39,"Snow likely Tuesday afternoon, followed by two nights of bitter cold https://t.co/4yrmdzibod"
1090320430345400326,14708814,568,157609,0,1822,117951,2008-05-09 02:36:46,1,5,2019-01-29 18:47:02,The Hamden bar cited for selling alcohol to over 100 minors on Friday has history of violations https://t.co/IPgBk1sklU
1090314383073398784,14708814,568,157609,0,1822,117951,2008-05-09 02:36:46,1,1,2019-01-29 18:23:00,An 18-year-old Montville man admitted to stabbing his grandparents to death in their home before starting a fire ea‚Ä¶ https://t.co/COn7IGYGRr
1090311659581853696,14708814,568,157609,0,1822,117951,2008-05-09 02:36:46,1,2,2019-01-29 18:12:11,Small towns are pushing back against legislation that would consolidate school districts https://t.co/iEX3qt97dV
1090305548120145920,14708814,568,157609,0,1822,117951,2008-05-09 02:36:46,0,0,2019-01-29 17:47:54,"Chicago police are investigating a report of a ""racially-charged assault and battery‚Äù that sent an ‚ÄúEmpire"" actor t‚Ä¶ https://t.co/mYMKOEkSyx"
1090298299943452679,14708814,568,157609,0,1822,117951,2008-05-09 02:36:46,0,1,2019-01-29 17:19:06,Apple turns off group FaceTime amid reports of bug https://t.co/R0rvpCOrCd
1090288514871246853,14708814,568,157609,0,1822,117951,2008-05-09 02:36:46,5,0,2019-01-29 16:40:13,RT @CapitolWatchPod: On the latest episode: @jkovner_courant and @chrispkeating stop by to teach Lobbying 101. Is it ethical? How does it w‚Ä¶
1090286275624685568,14708814,568,157609,0,1822,117951,2008-05-09 02:36:46,0,0,2019-01-29 16:31:19,"Did you miss the Hartford HealthCare Live with Dr. Craig Allen, the Medical Director at Rushford Center? Watch the‚Ä¶ https://t.co/RBb36Oqj3W"
1090283195453575168,14708814,568,157609,0,1822,117951,2008-05-09 02:36:46,1,1,2019-01-29 16:19:04,Yale University has hired a former federal prosecutor to investigate allegations of sexual misconduct against a for‚Ä¶ https://t.co/OSrs10zO5G
1090278516246093825,14708814,568,157609,0,1822,117951,2008-05-09 02:36:46,5,4,2019-01-29 16:00:29,"Federal employees back on the job in D.C.: Workplace reunions, forgotten IT passwords, '4,459 emails' in inboxes https://t.co/ZaWeBbVYGK"
1090273237857034250,14708814,568,157609,0,1822,117951,2008-05-09 02:36:46,0,2,2019-01-29 15:39:30,Danbury first responders use thermal imaging cameras to find two after late night rollover crash on I-84 https://t.co/a7MAWPbrjr
1090267351054864385,14708814,568,157609,0,1822,117951,2008-05-09 02:36:46,2,15,2019-01-29 15:16:07,".@KamalaHarris, a California Democrat and presidential aspirant, says gun control is possible if politicians were f‚Ä¶ https://t.co/wP3mYAXv1A"
1090263973457387520,14708814,568,157609,0,1822,117951,2008-05-09 02:36:46,2,0,2019-01-29 15:02:42,State police have charged an 18-year-old with the stabbing deaths of a Montville couple at their home early Monday‚Ä¶ https://t.co/TIlUNw444U
1090263467490066436,14708814,568,157609,0,1822,117951,2008-05-09 02:36:46,0,1,2019-01-29 15:00:41,Stamford woman dies after falling down NYC subway stairs holding baby https://t.co/G5QcXmt0aT
1090258213818245120,14708814,568,157609,0,1822,117951,2008-05-09 02:36:46,0,0,2019-01-29 14:39:48,A @UConn professor apologizes for questioning whether he should have to accommodate a student suffering from exam-r‚Ä¶ https://t.co/lYaEotpd4n
1090239829122707456,14708814,568,157609,0,1822,117951,2008-05-09 02:36:46,12,0,2019-01-29 13:26:45,"RT @CTVarsity: .@EHHornets1 #ctgb player Shailyn Pinkney and HMTCA #ctbb player Victor Smith are the CT Varsity Athletes of the Week.

Cong‚Ä¶"
1090238753858297856,14708814,568,157609,0,1822,117951,2008-05-09 02:36:46,4,10,2019-01-29 13:22:29,Insurance company will start writing checks to homeowners with crumbling foundations this week‚Ä¶ https://t.co/VvEWyH3a1V
1090223952234975232,14708814,568,157609,0,1822,117951,2008-05-09 02:36:46,2,2,2019-01-29 12:23:40,".@capitolwatchpod: Is lobbying ethical? And why do the NBA, Uber and MGM spend so much money in Connecticut?‚Ä¶ https://t.co/6JBySz08N5"
1090216481672122369,14708814,568,157609,0,1822,117951,2008-05-09 02:36:46,1,2,2019-01-29 11:53:59,"Snow likely Tuesday afternoon, followed by two nights of bitter cold https://t.co/NMILGHHBvA https://t.co/xIsUxZKIEU"
1090093287275446273,14708814,568,157609,0,1822,117951,2008-05-09 02:36:46,3,9,2019-01-29 03:44:27,"Girls basketball: East Hartford freshman Shailyn Pinkney joins triple-double ranks, lands in Fab 15 https://t.co/K4JQilW67m"
1090087926007058432,14708814,568,157609,0,1822,117951,2008-05-09 02:36:46,1,5,2019-01-29 03:23:09,"Poll finds that 48% of Americans have no confidence in President Trump, only 32% view him favorably as person https://t.co/GrZsuAeoZH"
1090081866017918976,14708814,568,157609,0,1822,117951,2008-05-09 02:36:46,0,3,2019-01-29 02:59:04,"Team Patriots, Team Rams, or Team Food? Connecticut restaurants offer a variety of catering and takeout options for‚Ä¶ https://t.co/IeNUHfRVZQ"
1090052078741921792,14708814,568,157609,0,1822,117951,2008-05-09 02:36:46,1,3,2019-01-29 01:00:42,"Trump advisers lied over and over again, Mueller says. The question is, why? https://t.co/DuK3MvDZ5A"
1090045282685984768,14708814,568,157609,0,1822,117951,2008-05-09 02:36:46,1,0,2019-01-29 00:33:42,Snow and patches of vicious cold are in Connecticut‚Äôs forecast this week https://t.co/lP11oFH35i
1090039835564347393,14708814,568,157609,0,1822,117951,2008-05-09 02:36:46,4,2,2019-01-29 00:12:03,UConn declines to return Sackler family donations amid furor over opioid manufacturer Purdue Pharma https://t.co/Kwp7297ZeG
1090033838561079297,14708814,568,157609,0,1822,117951,2008-05-09 02:36:46,1,0,2019-01-28 23:48:13,"Produce distributor recalls peaches, nectarines, plums over listeria risk https://t.co/cgFsC2toBv"
1090028009875222528,14708814,568,157609,0,1822,117951,2008-05-09 02:36:46,0,2,2019-01-28 23:25:03,House Speaker Pelosi invites Trump to deliver State of the Union address on Feb. 5 https://t.co/GzpYrqlsUn
1090027335385001985,14708814,568,157609,0,1822,117951,2008-05-09 02:36:46,1,1,2019-01-28 23:22:23,Police have a suspect in custody after a Montville couple was found dead in their home early Monday morning https://t.co/6NZL27nUp0
1090021717387501569,14708814,568,157609,0,1822,117951,2008-05-09 02:36:46,2,2,2019-01-28 23:00:03,A bedridden woman was sexually assaulted at a Connecticut nursing home. Police say a fellow patient did it https://t.co/qcwP1naXAy
1090019340139798530,14708814,568,157609,0,1822,117951,2008-05-09 02:36:46,2,4,2019-01-28 22:50:36,"Connecticut confirms measles case in adult, but high vaccination rate serves as shield for children https://t.co/vEDUtIXxCZ"
1090016701725528065,14708814,568,157609,0,1822,117951,2008-05-09 02:36:46,2,3,2019-01-28 22:40:07,"Buoyed by issues plaguing Hartford, State Rep. Brandon McGee announces mayoral run https://t.co/XDT2fXY4bk https://t.co/XYLMAelO3v"
1090011502206173185,14708814,568,157609,0,1822,117951,2008-05-09 02:36:46,2,6,2019-01-28 22:19:28,"Opinion | Should marijuana be legalized? If it must be, do it right https://t.co/COXq5iVXcu"
1090006201297969155,14708814,568,157609,0,1822,117951,2008-05-09 02:36:46,1,2,2019-01-28 21:58:24,Hartford police charge suspect with murder in city‚Äôs first homicide of the year https://t.co/txv9Yj8sTy
1090000841648586757,14708814,568,157609,0,1822,117951,2008-05-09 02:36:46,6,9,2019-01-28 21:37:06,From @AmoreCourant: @NBHurricanes' Tebucky Jones and @SoConnFootball's Joe Andruzzi helped launch @Patriots' durabl‚Ä¶ https://t.co/MdijHbb0Wm
1089996300161085440,14708814,568,157609,0,1822,117951,2008-05-09 02:36:46,2,7,2019-01-28 21:19:03,"After opioid outcry, Connecticut Democrats will give a portion of Sackler family donations to charity https://t.co/4RuZDwiZTQ"
1089990463883489281,14708814,568,157609,0,1822,117951,2008-05-09 02:36:46,7,36,2019-01-28 20:55:52,"""Connecticut has an epidemic of left-lane drivers, and it‚Äôs time for the state to do something about it."" https://t.co/4OmpOPXBBe"
1089984723345178624,14708814,568,157609,0,1822,117951,2008-05-09 02:36:46,3,1,2019-01-28 20:33:03,What you need to know about a tax proposal that may make your trip to the grocery store more expensive https://t.co/SEbyFJxd5X
1089981538748559363,14708814,568,157609,0,1822,117951,2008-05-09 02:36:46,2,0,2019-01-28 20:20:24,RT @UConn_Insider: .@UConnWBB senior Napheesa Collier named AAC player of the week https://t.co/JtrjtVQXAh https://t.co/29p5tt9mLz
1089979199119638528,14708814,568,157609,0,1822,117951,2008-05-09 02:36:46,4,2,2019-01-28 20:11:06,"It may take IRS a year to 'catch up' after five million pieces of mail goes unopened during government shutdown, a‚Ä¶ https://t.co/QdliH9mosi"
1089976435119476736,14708814,568,157609,0,1822,117951,2008-05-09 02:36:46,1,1,2019-01-28 20:00:07,.@hartfordhosp hosted its annual Black &amp; Red fundraising gala over the weekend. Check out some of the photos. https://t.co/MkLS4pQ2Ai
1089975917756272646,14708814,568,157609,0,1822,117951,2008-05-09 02:36:46,0,0,2019-01-28 19:58:04,"Boys basketball: East Catholic, Windsor atop area rankings, as Old Lyme joins the top 10 https://t.co/OcKYdAGwWk"
1089970368457117696,14708814,568,157609,0,1822,117951,2008-05-09 02:36:46,0,8,2019-01-28 19:36:01,"Hartford girls headed to Facebook HQ to pitch chat bot-mentor for young, black professionals:‚Ä¶ https://t.co/cDeRDhaXfT"
1089964096181751809,14708814,568,157609,0,1822,117951,2008-05-09 02:36:46,1,1,2019-01-28 19:11:05,Napheesa Collier nears career milestone and other takeaways from @UConnWBB's win over UCF https://t.co/YwfauMmwJm‚Ä¶ https://t.co/AbYBuvhate
1089961791852023810,14708814,568,157609,0,1822,117951,2008-05-09 02:36:46,2,1,2019-01-28 19:01:56,It‚Äôs a new year with a new legislature and governor. Now there‚Äôs a new name for the proposed third casino in Connec‚Ä¶ https://t.co/0R8zwwkcxs
1089955524794372098,14708814,568,157609,0,1822,117951,2008-05-09 02:36:46,0,0,2019-01-28 18:37:02,From Grassroots to Deep Roots: Ice cream meets street food in Granby https://t.co/uYcnMSiOLq
1089954096310824965,14708814,568,157609,0,1822,117951,2008-05-09 02:36:46,4,0,2019-01-28 18:31:21,RT @UConn_Insider: .@UConnWBB moves up to No. 2 in latest AP poll after North Carolina upsets Notre Dame https://t.co/CDcVSOckpO https://t.‚Ä¶
1089951745160237056,14708814,568,157609,0,1822,117951,2008-05-09 02:36:46,0,1,2019-01-28 18:22:01,'Black Panther' wins top honor at SAG Awards. Here's the complete list of winners. https://t.co/YNLRhVkLen
1089946580558508032,14708814,568,157609,0,1822,117951,2008-05-09 02:36:46,0,0,2019-01-28 18:01:29,A bedridden woman was sexually assaulted at a Connecticut nursing home. Police say a fellow patient did it. https://t.co/WvqWl4uX0b
1089939143013158912,14708814,568,157609,0,1822,117951,2008-05-09 02:36:46,0,0,2019-01-28 17:31:56,Police: Suspect remains in custody after killing Montville couple. No charges yet https://t.co/HG1GTpM7bG
1089938682247897088,14708814,568,157609,0,1822,117951,2008-05-09 02:36:46,1,0,2019-01-28 17:30:06,Esports has quickly become a billion dollar industry and high school is the next frontier. Connecticut is among the‚Ä¶ https://t.co/mbmTKM3Ut2
1089938164695924736,14708814,568,157609,0,1822,117951,2008-05-09 02:36:46,0,3,2019-01-28 17:28:03,"As Washington grapples with a growing measles outbreak, vaccination rate remains high in Connecticut https://t.co/nUlEgGcO15"
1089932875968008193,14708814,568,157609,0,1822,117951,2008-05-09 02:36:46,1,7,2019-01-28 17:07:02,Editorial | It's time. Connecticut needs a better left-lane law https://t.co/MHqe2crNJc https://t.co/yRYrjBHyEz
1089927382822281223,14708814,568,157609,0,1822,117951,2008-05-09 02:36:46,0,2,2019-01-28 16:45:12,'Black Panther' wins top honor at SAG Awards. Here's the complete list of winners. https://t.co/XlOgd8GAW8
1089921580266852352,14708814,568,157609,0,1822,117951,2008-05-09 02:36:46,1,4,2019-01-28 16:22:09,It may come as a bit of shock to learn that Connecticut has a long and storied history of heavy metal and hardcore‚Ä¶ https://t.co/vXprd9CoDY
1089916817735323650,14708814,568,157609,0,1822,117951,2008-05-09 02:36:46,0,5,2019-01-28 16:03:13,"Poll finds that 48% of Americans have no confidence in President Trump, only 32% view him favorably as person https://t.co/KCO9bBBlfE"
1089911419347320832,14708814,568,157609,0,1822,117951,2008-05-09 02:36:46,15,3,2019-01-28 15:41:46,There‚Äôs no sales tax on groceries in Connecticut. But Gov. Ned Lamont‚Äôs budget could change that. https://t.co/aZuuraEsye
1089892482194817024,14708814,568,157609,0,1822,117951,2008-05-09 02:36:46,4,2,2019-01-28 14:26:31,"An 18-year-old is in custody after he killed a couple in Montville, a law enforcement source said Monday. The man a‚Ä¶ https://t.co/ck7zvnhMvQ"
1089892407162912770,14708814,568,157609,0,1822,117951,2008-05-09 02:36:46,3,6,2019-01-28 14:26:13,"Justin Thomas commits to play in 2019 @TravelersChamp, joining fellow major champion Brooks Koepka in the field‚Ä¶ https://t.co/btqnYDkEZC"
1089876816205090816,14708814,568,157609,0,1822,117951,2008-05-09 02:36:46,4,1,2019-01-28 13:24:16,From @AmoreCourant: @NBHurricanes' Tebucky Jones and @SoConnFootball's Joe Andruzzi helped launch @Patriots' durabl‚Ä¶ https://t.co/iziCgvfT7p
1089871443943403520,14708814,568,157609,0,1822,117951,2008-05-09 02:36:46,3,11,2019-01-28 13:02:55,‚ÄúThere are a lot of myths about tolls. The main reason I am for electronic tolls is because it creates a revenue st‚Ä¶ https://t.co/E7bG5jnxbI
1089865834707722241,14708814,568,157609,0,1822,117951,2008-05-09 02:36:46,2,2,2019-01-28 12:40:38,It‚Äôs a new year with a new legislature and governor -- and now there‚Äôs a new name for the proposed third casino in‚Ä¶ https://t.co/VyH5qu7IcJ
1089685483976904704,14708814,568,157609,0,1822,117951,2008-05-09 02:36:46,2,0,2019-01-28 00:43:59,"RT @UConn_Insider: Megan Walker, Napheesa Collier key offensive outburst as @UConnWBB roll past UCF, 93-57 https://t.co/OtDd5pkhiX"
