1094703804577169408,15572679,2516,65308,579,929,97243,2008-07-23 21:30:49,4,6,2019-02-10 21:05:00,"Mark Woods shares his latest experience in his 'Mark Walks Jax' series: ""What I found at this intersection [Atlanti… https://t.co/nErJzXE1Mv"
1094688706206859265,15572679,2516,65308,579,929,97243,2008-07-23 21:30:49,0,0,2019-02-10 20:05:00,"A business deal brought them together the first time – although they never met face-to-face. A year later, another… https://t.co/xEkCRK4oLw"
1094672284093161474,15572679,2516,65308,579,929,97243,2008-07-23 21:30:49,1,0,2019-02-10 18:59:45,RT @CFreemanJAX: Race founder Donna Deegan breaks the finishing ribbon at @262withDonna. https://t.co/eY6wnGRHHL
1094672261024542720,15572679,2516,65308,579,929,97243,2008-07-23 21:30:49,2,0,2019-02-10 18:59:39,RT @CFreemanJAX: Troy Dunkley collects his award for the men's marathon victory at @262withDonna. https://t.co/ydkG0zyS2B
1094672250438123521,15572679,2516,65308,579,929,97243,2008-07-23 21:30:49,1,0,2019-02-10 18:59:37,RT @CFreemanJAX: Meaghan Neuberger is gathering quite a collection now of @262withDonna awards. https://t.co/d9rL4RDKxq
1094672218758569985,15572679,2516,65308,579,929,97243,2008-07-23 21:30:49,1,0,2019-02-10 18:59:29,RT @CFreemanJAX: A pair of repeat winners here in the women's marathon and Ultra 110 at @262withDonna. https://t.co/Kz85dNPlLN
1094672203826778112,15572679,2516,65308,579,929,97243,2008-07-23 21:30:49,2,0,2019-02-10 18:59:26,RT @CFreemanJAX: CHAMPION: Meaghan Neuberger repeats for her third consecutive women's marathon victory at @262withDonna. https://t.co/S7jN…
1094672188513419264,15572679,2516,65308,579,929,97243,2008-07-23 21:30:49,1,0,2019-02-10 18:59:22,RT @CFreemanJAX: Marc Burget wins the Ultra 110 race at the @262withDonna. https://t.co/8fT75Ca8QH
1094672167126601729,15572679,2516,65308,579,929,97243,2008-07-23 21:30:49,3,0,2019-02-10 18:59:17,RT @CFreemanJAX: CHAMPION: Troy Dunkley wins the men's marathon at @262withDonna in 2:52:13. https://t.co/u2DKZybriM
1094666055635603456,15572679,2516,65308,579,929,97243,2008-07-23 21:30:49,0,1,2019-02-10 18:35:00,The 61st Grammy Awards take place Sunday. Here’s what you need to know about the 2019 ceremony. https://t.co/vae5TCPyaL
1094658507528331264,15572679,2516,65308,579,929,97243,2008-07-23 21:30:49,2,1,2019-02-10 18:05:00,At first glance it’s not obvious why #MOCAJacksonville has created a new exhibit which pairs paintings by Andrew Se… https://t.co/8rBpkiF5uq
1094613208017629184,15572679,2516,65308,579,929,97243,2008-07-23 21:30:49,2,9,2019-02-10 15:05:00,"FEB. 10 | On this date in 1916, Mayor J.E.T. Bowden and businessman Telfair Stockton welcomed titans of filmdom to… https://t.co/jAYeht0sHJ"
1094598108644864000,15572679,2516,65308,579,929,97243,2008-07-23 21:30:49,0,2,2019-02-10 14:05:00,“At times it feels like a million years since she went missing. And at other times it’s like it just happened yeste… https://t.co/ZlTkuL5K2c
1094590559413506048,15572679,2516,65308,579,929,97243,2008-07-23 21:30:49,0,0,2019-02-10 13:35:00,Jacksonville police say a 2-year-old boy died after being shot Saturday morning inside an apartment at a Westside c… https://t.co/e38PstMx9x
1094580674420457472,15572679,2516,65308,579,929,97243,2008-07-23 21:30:49,2,0,2019-02-10 12:55:43,RT @CFreemanJAX: And they're off! Runners take off in @262withDonna. https://t.co/yMsoAKta7n
1094575458723790848,15572679,2516,65308,579,929,97243,2008-07-23 21:30:49,2,2,2019-02-10 12:35:00,The YMCA of Florida’s First Coast YMCA will host what’s being billed as the city’s largest group exercise event in… https://t.co/LRoMxP63ri
1094567682903629824,15572679,2516,65308,579,929,97243,2008-07-23 21:30:49,0,2,2019-02-10 12:04:06,Follow @jaxdotcom sports reporter @CFreemanJAX for complete coverage of today's @262withDonna. https://t.co/lVwcFfzXpR
1094432013732466688,15572679,2516,65308,579,929,97243,2008-07-23 21:30:49,1,1,2019-02-10 03:05:00,"Columnist Sam Kourvaris ask: So will Jacksonville host another Super Bowl? And says the short answer is yes, but no… https://t.co/H3ATErklA6"
1094416914552668161,15572679,2516,65308,579,929,97243,2008-07-23 21:30:49,4,13,2019-02-10 02:05:00,COMMENTARY | Columnist Nate Monroe takes a look at these topics: Jacksonville's crumbling infrastructure; Federal g… https://t.co/9q6kf4QvTS
1094394264715489280,15572679,2516,65308,579,929,97243,2008-07-23 21:30:49,0,1,2019-02-10 00:35:00,"Tyler Watkins Davis, 50, of Middleburg, once a member of the white nationalist group the League of the South, enter… https://t.co/ZpUG4khEl6"
1094386715333152769,15572679,2516,65308,579,929,97243,2008-07-23 21:30:49,7,14,2019-02-10 00:05:00,"1000 people with special needs, dressed up, rode in limousines, walked the red carpet and danced the night away on… https://t.co/vCcKwSTaVp"
1094379165552439296,15572679,2516,65308,579,929,97243,2008-07-23 21:30:49,0,1,2019-02-09 23:35:00,“After careful consideration the Duke of Edinburgh has taken the decision to voluntarily surrender his driving lice… https://t.co/IHhYyyPNon
1094371616526684160,15572679,2516,65308,579,929,97243,2008-07-23 21:30:49,1,1,2019-02-09 23:05:00,"As President Donald J. Trump prepares to meet North Korea’s Kim Jong Un for a second time, he’s out to replicate th… https://t.co/XlNNDsPuCV"
1094359567759261696,15572679,2516,65308,579,929,97243,2008-07-23 21:30:49,0,0,2019-02-09 22:17:07,UPDATE: More on an earlier story we reported about a two-year-old who has life-threatening injuries following a sho… https://t.co/lqtzKFNCH1
1094349835845726209,15572679,2516,65308,579,929,97243,2008-07-23 21:30:49,0,1,2019-02-09 21:38:27,"Two women have accused Lt. Gov. Justin Fairfax of sexual assault, and he has emphatically denied both allegations .… https://t.co/dOef6MRPa9"
1094344272462139397,15572679,2516,65308,579,929,97243,2008-07-23 21:30:49,0,0,2019-02-09 21:16:21,Democratic Sen. Elizabeth Warren made her bid for the presidency official on Saturday grounding her 2020 campaign i… https://t.co/Dkib4qjIDd
1094333866746232833,15572679,2516,65308,579,929,97243,2008-07-23 21:30:49,1,0,2019-02-09 20:35:00,"“For race fans, this will be a 24-hour, popup radio station that people can listen to live and get historical cover… https://t.co/wjB3HdSu9E"
1094318767688044544,15572679,2516,65308,579,929,97243,2008-07-23 21:30:49,0,1,2019-02-09 19:35:00,"Have you ever thought about hydroponic gardening? We have some tips and tricks for that. Also, what to plant moving… https://t.co/LwpnP66u0E"
1094306718773850112,15572679,2516,65308,579,929,97243,2008-07-23 21:30:49,2,0,2019-02-09 18:47:07,JUST IN | A two-year-old child is in life-threatening condition after being shot inside a Westside apartment comple… https://t.co/nsHZdIHWGm
1094303667778400257,15572679,2516,65308,579,929,97243,2008-07-23 21:30:49,1,4,2019-02-09 18:35:00,"“The Democratic caucus is unified under the belief we have to take bold action on the climate crisis,” Florida Rep.… https://t.co/Cz5WNrYDAd"
1094296118932975621,15572679,2516,65308,579,929,97243,2008-07-23 21:30:49,1,3,2019-02-09 18:05:00,"This is Colby Jack. He'd love to be your best friend forever. 
And he has so many friends who are in the same situa… https://t.co/yyJfQE39tW"
1094281019010760707,15572679,2516,65308,579,929,97243,2008-07-23 21:30:49,4,3,2019-02-09 17:05:00,Task force Chairman Mark Griffin said that just as the Jacksonville Sheriff’s Office deploys officers where crime i… https://t.co/BGtEh6sd7F
1094273468667957250,15572679,2516,65308,579,929,97243,2008-07-23 21:30:49,0,0,2019-02-09 16:35:00,The Florida Highway Patrol says an auxiliary trooper’s gun “was inadvertently discharged” following a high speed ch… https://t.co/TXc1mIivE8
1094265922976710656,15572679,2516,65308,579,929,97243,2008-07-23 21:30:49,0,4,2019-02-09 16:05:01,"FEB. 9 | On this date in 1925, Pablo Beach became Jacksonville Beach.

The very next day, the first Jacksonville Be… https://t.co/o6fPSpiaox"
1094250819921330176,15572679,2516,65308,579,929,97243,2008-07-23 21:30:49,0,5,2019-02-09 15:05:00,U.S. Transportation Secretary Elaine Cho on Friday announced a $25 million grant to the city. “These investments ..… https://t.co/PkaTMhKNdL
1094235719952990209,15572679,2516,65308,579,929,97243,2008-07-23 21:30:49,5,6,2019-02-09 14:05:00,"“Having this passed ... would be one of the most, if not the most, substantial changes to the Florida criminal just… https://t.co/seIJh2umMs"
1094205520985186304,15572679,2516,65308,579,929,97243,2008-07-23 21:30:49,0,1,2019-02-09 12:05:00,"HOMES | Looking for a new home? These two homes, one in Ortega, the other in Green Cove Springs, offer plenty of sp… https://t.co/TbJHBkxDa4"
1094069625556480000,15572679,2516,65308,579,929,97243,2008-07-23 21:30:49,0,0,2019-02-09 03:05:00,PHOTOS | The #JacksonvilleIcemen hosted the #NorfolkAdmirals recently at Jacksonville Veterans Memorial Arena. The… https://t.co/fV7RKS3uwC
1094062075805134848,15572679,2516,65308,579,929,97243,2008-07-23 21:30:49,0,0,2019-02-09 02:35:00,She told police “she thought it would be funny to set (his) pants on fire to see if it would wake him up.”  Now her… https://t.co/vrCogpK8og
1094054526162747392,15572679,2516,65308,579,929,97243,2008-07-23 21:30:49,0,2,2019-02-09 02:05:00,"While Tony Boselli is almost certain to eventually get into the HOF, a more interesting case come 2021 will be that… https://t.co/svu6yiAaUz"
1094046976847400962,15572679,2516,65308,579,929,97243,2008-07-23 21:30:49,0,1,2019-02-09 01:35:00,"It was a tragic end to hopes that the two Sumatran tigers, Asim and Melati, would eventually breed as part of a Eur… https://t.co/xp6ui4yVJO"
1094039426873860096,15572679,2516,65308,579,929,97243,2008-07-23 21:30:49,0,1,2019-02-09 01:05:00,"In anticipation of the Donna Marathon, residents are clearing streets, scheduling watch parties and changing up the… https://t.co/wTiLtS1ZBQ"
1094031877827121152,15572679,2516,65308,579,929,97243,2008-07-23 21:30:49,0,3,2019-02-09 00:35:00,"Whether you plan to see ""Hamilton"" in Orlando or Tampa this month — or Jacksonville (yes!) next season — here are f… https://t.co/EHzwtx2qQf"
1094024327626932224,15572679,2516,65308,579,929,97243,2008-07-23 21:30:49,1,3,2019-02-09 00:05:00,"In 1960, more than 440,000 students from across the country took the Project Talent test, which was intended to hel… https://t.co/nbtHYLifCZ"
1094016777598586880,15572679,2516,65308,579,929,97243,2008-07-23 21:30:49,0,1,2019-02-08 23:35:00,"SHORELINES | If you're firming up your weekend plans, there may be a few events here to add to the mix.  https://t.co/8NUG2CLWsd"
1094009227482415104,15572679,2516,65308,579,929,97243,2008-07-23 21:30:49,0,1,2019-02-08 23:05:00,"PHOTOS | Wednesday evening's Art Walk was packed with artists, art, and art lovers. Check out the sights and scenes… https://t.co/u07KseHZAC"
1094001677823287296,15572679,2516,65308,579,929,97243,2008-07-23 21:30:49,0,0,2019-02-08 22:35:00,Virginia Gov. Ralph Northam told his top staff Friday that he is not going to resign over a racist photo that has r… https://t.co/1xFqEf5PgV
1093994128365576193,15572679,2516,65308,579,929,97243,2008-07-23 21:30:49,1,1,2019-02-08 22:05:00,"If a casual, fresh Mediterranean dining experience sounds good to you, here's an option. https://t.co/bYmZ3t9rnV"
1093987520533196801,15572679,2516,65308,579,929,97243,2008-07-23 21:30:49,0,1,2019-02-08 21:38:44,"A Jacksonville man who has been in jail more than 30 times is back behind bars, and now facing 11 charges, six of w… https://t.co/QG2B4fX55F"
1093979028753735681,15572679,2516,65308,579,929,97243,2008-07-23 21:30:49,1,0,2019-02-08 21:05:00,"Heads Up: Expect traffic jams.
Sunday’s 26.2 with Donna Marathon takes runners through Atlantic, Neptune, Jacksonvi… https://t.co/GQoQPD33xO"
1093971478922571777,15572679,2516,65308,579,929,97243,2008-07-23 21:30:49,0,1,2019-02-08 20:35:00,"White House counselor Kellyanne Conway claimed the woman came up to her from behind, grabbed her arms and shook her… https://t.co/EX7Ru1xn0P"
1093963929804595200,15572679,2516,65308,579,929,97243,2008-07-23 21:30:49,0,2,2019-02-08 20:05:00,"The Sheriff's Office has released the names of two recent homicide victims, one Tuesday on the Westside and the oth… https://t.co/2TGhaxka1x"
1093933730077511688,15572679,2516,65308,579,929,97243,2008-07-23 21:30:49,1,5,2019-02-08 18:05:00,Eleven Northeast Florida community leaders were honored Wednesday as 2019 Women with Heart by Volunteers in Medicin… https://t.co/qPuaV4JFGF
1093926180607193088,15572679,2516,65308,579,929,97243,2008-07-23 21:30:49,0,0,2019-02-08 17:35:00,The publisher of the National Enquirer said Friday it will look into claims of extortion and blackmail made by Amaz… https://t.co/O7H09cRgYJ
1093918631199682560,15572679,2516,65308,579,929,97243,2008-07-23 21:30:49,2,2,2019-02-08 17:05:00,"Mayor Lenny Curry and City Council President Aaron Bowman have announced the formation of another task force, one t… https://t.co/Yo2ApHMmEq"
1093911080907300865,15572679,2516,65308,579,929,97243,2008-07-23 21:30:49,0,0,2019-02-08 16:35:00,"Amazon CEO Jeff Bezos said the Enquirer and its parent company, American Media Inc., made the threat after he began… https://t.co/vnxq88aSUy"
1093906684450426880,15572679,2516,65308,579,929,97243,2008-07-23 21:30:49,64,0,2019-02-08 16:17:32,"RT @AP_Archive: #OTD in 1952, a new Queen was proclaimed for the UK.  Here is the British Movietone report on this momentous event. https:/…"
1093904456775815170,15572679,2516,65308,579,929,97243,2008-07-23 21:30:49,2,0,2019-02-08 16:08:40,"RT @GeneFrenette: Even at his age, Spurrier sees his final coaching gig with Orlando @aafAPOLLOS as a chance to make up for bad ending at S…"
1093903532216995841,15572679,2516,65308,579,929,97243,2008-07-23 21:30:49,2,1,2019-02-08 16:05:00,"According to league data, there was a 24 percent decline in concussions in both the preseason and regular season -… https://t.co/aRf2zxcdko"
1093895981446381569,15572679,2516,65308,579,929,97243,2008-07-23 21:30:49,1,3,2019-02-08 15:35:00,"Starting in March, Johnson &amp; Johnson will give the list price of its prescription drugs in television ads, making i… https://t.co/Z3a9aeIs73"
1093888433372778500,15572679,2516,65308,579,929,97243,2008-07-23 21:30:49,1,1,2019-02-08 15:05:00,"FEB. 8 | On this date in 1927, plans were announced for a $3 million, 21-story apartment hotel — with a rooftop gar… https://t.co/oph3TAOmmb"
1093884326591238145,15572679,2516,65308,579,929,97243,2008-07-23 21:30:49,2,1,2019-02-08 14:48:41,"John Dingell had a front-row seat for the passage of landmark legislation he supported, including Medicare, the End… https://t.co/hHn4WqMGoS"
1093873332112580608,15572679,2516,65308,579,929,97243,2008-07-23 21:30:49,0,1,2019-02-08 14:05:00,"Columnist Gene Frenette writes that Steve Spurrier has no desire to return to the NFL. However, the coach now headi… https://t.co/M0kl5TOO7t"
1093865782914748416,15572679,2516,65308,579,929,97243,2008-07-23 21:30:49,0,2,2019-02-08 13:35:00,"PHOTOS |  SOUPer Bowl IV was held at Nease High School recently, as a fundraiser for First Coast Blessings in a Bac… https://t.co/UHd35rRr6J"
1093858232853037056,15572679,2516,65308,579,929,97243,2008-07-23 21:30:49,0,3,2019-02-08 13:05:00,"There’s no golf course at the start. There’s no hospital at the finish. 
There’s no bridge in between. But the miss… https://t.co/mn4Iaz9zuR"
1093850682879291394,15572679,2516,65308,579,929,97243,2008-07-23 21:30:49,0,0,2019-02-08 12:35:00,"If the new invention pans out it might offer a work-around to make not just insulin, but a variety of usually injec… https://t.co/nrwym3BR5O"
1093847927691329537,15572679,2516,65308,579,929,97243,2008-07-23 21:30:49,3,0,2019-02-08 12:24:03,RT @CFreemanJAX: The mission hasn't changed for Sunday's @262withDonna. The course? That's another story. Runners need to get ready for a r…
1093847874201366529,15572679,2516,65308,579,929,97243,2008-07-23 21:30:49,1,0,2019-02-08 12:23:50,"RT @CFreemanJAX: The NFL Scouting Combine starts at the end of the month, and four players from Northeast Florida high schools are among th…"
1093843133060861952,15572679,2516,65308,579,929,97243,2008-07-23 21:30:49,1,1,2019-02-08 12:05:00,A three-judge panel of the 1st District Court of Appeal has overturned a decision by the Florida Department of Envi… https://t.co/OaokvxHUNC
1093707237648973825,15572679,2516,65308,579,929,97243,2008-07-23 21:30:49,1,1,2019-02-08 03:05:00,"With nice weather forecasted only through Friday, it isn’t looking good for the weekend warrior fleet. https://t.co/exDNfCXdKV"
1093699688442855424,15572679,2516,65308,579,929,97243,2008-07-23 21:30:49,1,0,2019-02-08 02:35:00,"Mr. Steven, a massive marine vessel on its way to Cape Canaveral, Fla., has one mission: to play catcher with falli… https://t.co/QBkp11920Y"
1093693396546453505,15572679,2516,65308,579,929,97243,2008-07-23 21:30:49,2,6,2019-02-08 02:10:00,"After a bout with cancer, Allanious “AJ” Fuqua, 32, and a mother of five, wanted to impress upon her children, whil… https://t.co/oIDzCdYKER"
1093684588357013504,15572679,2516,65308,579,929,97243,2008-07-23 21:30:49,0,0,2019-02-08 01:35:00,"Rhae Ellen Odum, 29, of Woodbine, was sentenced Wednesday to 20 years in prison for the death of her 7-month-old so… https://t.co/qIMsp0crjO"
1093677039704596481,15572679,2516,65308,579,929,97243,2008-07-23 21:30:49,3,1,2019-02-08 01:05:00,“At times it feels like a million years since she went missing. And at other times it’s like it just happened yeste… https://t.co/CvQFaQNTYY
1093669490393526273,15572679,2516,65308,579,929,97243,2008-07-23 21:30:49,1,7,2019-02-08 00:35:00,The Jacksonville Veterans Memorial Arena's name could soon change to VyStar Veterans Memorial Arena if a proposal b… https://t.co/1JDPfNcOy0
1093664195672006659,15572679,2516,65308,579,929,97243,2008-07-23 21:30:49,0,1,2019-02-08 00:13:58,It was the latest case of a fashion house having to apologize for cultural or racial insensitivity — and further ev… https://t.co/41RVuqiZ2B
1093654389720535040,15572679,2516,65308,579,929,97243,2008-07-23 21:30:49,0,0,2019-02-07 23:35:00,Nicholas Roundtree was arrested two months ago after a complaint to the Jacksonville Sheriff’s Office over online t… https://t.co/9gL16zXAbM
1093646839629389826,15572679,2516,65308,579,929,97243,2008-07-23 21:30:49,3,1,2019-02-07 23:05:00,"Now that a bow has been put on the 2018 season — thankfully, the #Jaguars say — a quick look at some offseason stor… https://t.co/FpgOUBlFC5"
1093639291002126337,15572679,2516,65308,579,929,97243,2008-07-23 21:30:49,0,1,2019-02-07 22:35:00,"Governor Ron DeSantis announced a plan Thursday to invest $422 million in teacher bonuses, in hopes of piquing the… https://t.co/PLGRIiglsj"
1093631741112340481,15572679,2516,65308,579,929,97243,2008-07-23 21:30:49,1,1,2019-02-07 22:05:00,Two familiar banking names in Jacksonville will become the nation's next megabank.  https://t.co/GZBt8r0O4h
1093624190534602752,15572679,2516,65308,579,929,97243,2008-07-23 21:30:49,5,7,2019-02-07 21:35:00,"Hall of Famer Frank Robinson, the first black manager in Major League Baseball and the only player to win the MVP a… https://t.co/Yuw7xixw6a"
1093616641605337088,15572679,2516,65308,579,929,97243,2008-07-23 21:30:49,1,1,2019-02-07 21:05:00,These four area players will show off their skills later this month at the NFL's Scouting Combine in Indianapolis. https://t.co/qzaeFUqBt2
1093609091619045377,15572679,2516,65308,579,929,97243,2008-07-23 21:30:49,0,2,2019-02-07 20:35:00,A state prison spokeswoman says Bill Cosby has a single cell in the general population unit and is not on a ward fo… https://t.co/3HhF6BUWB1
1093604250918309890,15572679,2516,65308,579,929,97243,2008-07-23 21:30:49,19,0,2019-02-07 20:15:46,"RT @conarck: JSO, meanwhile, blankets this area with tickets. The city refuses to install proper pedestrian infrastructure and justifies it…"
1093601542081523718,15572679,2516,65308,579,929,97243,2008-07-23 21:30:49,1,1,2019-02-07 20:05:00,Carol Burnett’s Friday night show in Jacksonville is billed as “An Evening of Laughter and Reflection.” Fans in att… https://t.co/O81Ehn22vV
1093593992267223040,15572679,2516,65308,579,929,97243,2008-07-23 21:30:49,0,1,2019-02-07 19:35:00,The new Democratic-controlled House is looking at proposals to compel presidents and presidential candidates to mak… https://t.co/KFJBCKekgw
1093587719152959488,15572679,2516,65308,579,929,97243,2008-07-23 21:30:49,1,0,2019-02-07 19:10:04,"Three of those fired had extra-marital affairs with another employee who was also fired, according to Sheriff’s Off… https://t.co/uGAOvMtYya"
1093586441979002882,15572679,2516,65308,579,929,97243,2008-07-23 21:30:49,0,0,2019-02-07 19:05:00,A 27-year-old woman from Middleburg died after a single-vehicle crash on the Buckman Bridge Thursday morning. https://t.co/SKpqtHN7j8
1093578892164632577,15572679,2516,65308,579,929,97243,2008-07-23 21:30:49,0,0,2019-02-07 18:35:00,The mystery of a barnacle-covered wooden cross that washed ashore along a South Florida beach may have been solved. https://t.co/NgPtRLzilS
1093563792594780160,15572679,2516,65308,579,929,97243,2008-07-23 21:30:49,1,1,2019-02-07 17:35:00,The pledge came two days after Trump offered a fierce denunciation of late-term abortion in his annual State of the… https://t.co/gl68SD5GGF
1093556244336599041,15572679,2516,65308,579,929,97243,2008-07-23 21:30:49,4,8,2019-02-07 17:05:00,Mayor Lenny Curry found himself awash in donor cash at a campaign fundraiser Wednesday night. The event's host: Jag… https://t.co/Y6Eoz6q5Uz
1093548692949401601,15572679,2516,65308,579,929,97243,2008-07-23 21:30:49,3,2,2019-02-07 16:35:00,"Here's a look at area football players who were scheduled to sign with Football Championship Subdivision, NCAA Divi… https://t.co/rOiFfBTAMv"
1093541144305242112,15572679,2516,65308,579,929,97243,2008-07-23 21:30:49,1,15,2019-02-07 16:05:00,How does VyStar Veterans Memorial Arena sound? https://t.co/NypYUmRtC8
1093540730944061440,15572679,2516,65308,579,929,97243,2008-07-23 21:30:49,4,0,2019-02-07 16:03:21,"RT @phillip_heilman: Now that a bow has been put on the 2018 season — thankfully, the #Jaguars say — a quick look at some offseason storyli…"
1093533593299759105,15572679,2516,65308,579,929,97243,2008-07-23 21:30:49,0,0,2019-02-07 15:35:00,Here's a look at area football players who are scheduled to sign with Football Bowl Subdivision colleges in the Cla… https://t.co/UJzd9FUHq4
1093526044911566854,15572679,2516,65308,579,929,97243,2008-07-23 21:30:49,0,1,2019-02-07 15:05:00,"FEB. 7 | On this date in 1950, one of Florida’s most bitter political campaigns began, when dapper George S. Smathe… https://t.co/0Ehy1VjPZL"
1093518494182842369,15572679,2516,65308,579,929,97243,2008-07-23 21:30:49,2,6,2019-02-07 14:35:00,A total of 14 Providence students signed letters of intent for NCAA Division I schools in eight different sports du… https://t.co/01Pjiyg4pG
1093510944259489792,15572679,2516,65308,579,929,97243,2008-07-23 21:30:49,0,1,2019-02-07 14:05:00,"After beginning her aquatic career in the frigid Alaska, #BollesSchool  junior Leah DeGeorge is now chasing her lon… https://t.co/TFfQLgGx9t"
1093495844903489536,15572679,2516,65308,579,929,97243,2008-07-23 21:30:49,3,6,2019-02-07 13:05:00,The Times-Union rounds up signing announcements from Jacksonville-area high schools during Wednesday’s National Sig… https://t.co/1akGmIKvbR
1093480745258102784,15572679,2516,65308,579,929,97243,2008-07-23 21:30:49,0,0,2019-02-07 12:05:00,"After an audit uncovered missing emergency petty cash, Justin Stankiewicz was fired from his job. Now, Stankiewicz… https://t.co/1zpqlQti0k"
1093344849787584512,15572679,2516,65308,579,929,97243,2008-07-23 21:30:49,0,2,2019-02-07 03:05:00,A tree cutter stuck dozens of feet in the air was successfully rescued Wednesday afternoon from a pine tree in a We… https://t.co/keXX8YtoiX
1093329750809108481,15572679,2516,65308,579,929,97243,2008-07-23 21:30:49,0,3,2019-02-07 02:05:00,A total of 14 Providence students signed letters of intent for NCAA Division I schools in eight different sports du… https://t.co/udNsBHxRkS
1093322200554311681,15572679,2516,65308,579,929,97243,2008-07-23 21:30:49,0,0,2019-02-07 01:35:00,UPDATE | Parts of a six-seat Piper PA-46 that crashed off Jacksonville Dec. 20 with a father and son on board were… https://t.co/hZQ8zj1PJM
1093314650953916416,15572679,2516,65308,579,929,97243,2008-07-23 21:30:49,0,0,2019-02-07 01:05:00,PHOTOS | This $5.495 million beach home offers amazing living spaces — indoors and out. https://t.co/i4iXcgWOv7
1093307100980236289,15572679,2516,65308,579,929,97243,2008-07-23 21:30:49,1,2,2019-02-07 00:35:00,"In 2015, there was talk about a “catfe” opening in St. Petersburg, but it never happened. Now, Sunshine Kitty could… https://t.co/HKhYD3J1cp"
1093299551291797507,15572679,2516,65308,579,929,97243,2008-07-23 21:30:49,0,1,2019-02-07 00:05:00,A co-worker went to the home near Fairfax Street in the Moncrief Park area to pick the victim up for work and found… https://t.co/6Tei8oUp1c
1093292001435545600,15572679,2516,65308,579,929,97243,2008-07-23 21:30:49,0,1,2019-02-06 23:35:00,"“It should be formally announced sometime, probably next week, that we will have 100 percent of the caliphate,” Pre… https://t.co/ll2XhmVZLk"
1093284453529673728,15572679,2516,65308,579,929,97243,2008-07-23 21:30:49,0,2,2019-02-06 23:05:00,"COMMENTARY | Nate Monroe writes that JEA will soon be radically different: More political, less responsive to the p… https://t.co/iwGtLYlMXY"
1093276901983035394,15572679,2516,65308,579,929,97243,2008-07-23 21:30:49,0,2,2019-02-06 22:35:00,"The investigation will include “the scope and scale” of Russian intervention in the 2016 presidential election, the… https://t.co/M6lSw7f0ei"
1093269362042175492,15572679,2516,65308,579,929,97243,2008-07-23 21:30:49,0,0,2019-02-06 22:05:02,"“I am going to be transitioning out of my role as the executive director of Teach For America so I can focus fully,… https://t.co/DNlEMIVLg0"
1093261803717623825,15572679,2516,65308,579,929,97243,2008-07-23 21:30:49,0,0,2019-02-06 21:35:00,President Donald J. Trump has said his outreach to Kim Jong Un and their first meeting last June in Singapore opene… https://t.co/Ah76oZkDxE
1093254253580353539,15572679,2516,65308,579,929,97243,2008-07-23 21:30:49,0,0,2019-02-06 21:05:00,The search has resumed in the Mayport area for a six-seat Piper PA-46 that crashed off Jacksonville Dec. 19 with a… https://t.co/d8io8Wayae
1093246703652737026,15572679,2516,65308,579,929,97243,2008-07-23 21:30:49,2,2,2019-02-06 20:35:00,"From shrimp boats and bales of marijuana to crates of Bustelo, Florida beaches have seen their share of weird. And… https://t.co/s0D9jxVUca"
1093239154153005057,15572679,2516,65308,579,929,97243,2008-07-23 21:30:49,0,3,2019-02-06 20:05:00,Cindi Decker went to a painting studio with friends where she painted a colorful egret that she didn't think was th… https://t.co/6A5dBxya6b
1093231603474681865,15572679,2516,65308,579,929,97243,2008-07-23 21:30:49,0,0,2019-02-06 19:35:00,"Virginia Attorney General Mark Herring, D, said Wednesday he dressed in blackface during college, elevating the Cap… https://t.co/8XX0lag5He"
1093224053949767681,15572679,2516,65308,579,929,97243,2008-07-23 21:30:49,1,1,2019-02-06 19:05:00,"In 2016, teacher Jennifer Smith had a brilliant idea. Three years later, the Giving Closet Project has redistribute… https://t.co/15paZyUfWi"
1093216503946723328,15572679,2516,65308,579,929,97243,2008-07-23 21:30:49,1,1,2019-02-06 18:35:00,"William Brown, 24, died Jan. 29, two days after the shrapnel from the e-cigarette severed his left carotid artery.  https://t.co/LvkvGvxW6u"
1093208954530865153,15572679,2516,65308,579,929,97243,2008-07-23 21:30:49,1,3,2019-02-06 18:05:00,It's National Signing Day. Here is a look at area football players scheduled to sign with Football Bowl Subdivision… https://t.co/jUBPHkjfBw
1093206338497335297,15572679,2516,65308,579,929,97243,2008-07-23 21:30:49,2,0,2019-02-06 17:54:36,"RT @teresastepz: To avoid potential conflict, Duval School Board member stepping down from education nonprofit https://t.co/NnPp9JOXVp"
1093206316611502081,15572679,2516,65308,579,929,97243,2008-07-23 21:30:49,3,0,2019-02-06 17:54:31,RT @CFreemanJAX: #TazMania: All-around HSFB star Taz Nicholson of @JaxLeeAthletics signs with FAU. https://t.co/4p88fB77j3
1093206293790314497,15572679,2516,65308,579,929,97243,2008-07-23 21:30:49,13,0,2019-02-06 17:54:25,RT @CFreemanJAX: Trevor James of @JaxLeeAthletics signs with @AlcornStateFB. Latest in long line of top LBs for the Generals. #NSD19 https:…
1093201405115072512,15572679,2516,65308,579,929,97243,2008-07-23 21:30:49,1,0,2019-02-06 17:35:00,"If you love pizza, know that Feb. 9 is National Pizza Day. And to celebrate, here are restaurant deals created espe… https://t.co/f5ocxsiSV6"
1093194884612345858,15572679,2516,65308,579,929,97243,2008-07-23 21:30:49,3,0,2019-02-06 17:09:05,RT @CFreemanJAX: Logan Davis of @JaxLeeAthletics signs with Warner. https://t.co/O6FG6hAsm6
1093194847450746880,15572679,2516,65308,579,929,97243,2008-07-23 21:30:49,4,0,2019-02-06 17:08:56,"RT @CFreemanJAX: Deshaun Davis of @JaxLeeAthletics makes it official, going to @FIUFootball. #NationalSigningDay https://t.co/cetsjDVJXY"
1093194827062235136,15572679,2516,65308,579,929,97243,2008-07-23 21:30:49,3,0,2019-02-06 17:08:52,RT @CFreemanJAX: Boys golf standout Jayden Williams of @JaxLeeAthletics signs with Maryland-Eastern Shore. https://t.co/aTLgAXvRy7
1093193855413960709,15572679,2516,65308,579,929,97243,2008-07-23 21:30:49,2,3,2019-02-06 17:05:00,"JEA board deliberates (lol), scammer imitates the mayor, river still feeling Irma’s wrath. Here is today's newslett… https://t.co/vCvAY6JW3M"
1093192552688291840,15572679,2516,65308,579,929,97243,2008-07-23 21:30:49,2,0,2019-02-06 16:59:49,RT @CFreemanJAX: National anthem plays before signing at Lee https://t.co/y4aboJgKAN
1093192542433226754,15572679,2516,65308,579,929,97243,2008-07-23 21:30:49,4,0,2019-02-06 16:59:47,RT @CFreemanJAX: They're ready. @JaxLeeAthletics #NSD19 https://t.co/K4zVj6BzHS
1093192409058627585,15572679,2516,65308,579,929,97243,2008-07-23 21:30:49,0,0,2019-02-06 16:59:15,Follow @jaxdotcom columnist @TUmarkwoods as he continues his walk across Jacksonville today. https://t.co/aK5gZFq93A
1093191996406145025,15572679,2516,65308,579,929,97243,2008-07-23 21:30:49,41,0,2019-02-06 16:57:37,"RT @AP_Images: 60 years ago today, the first successful test firing of a Titan intercontinental ballistic missile was launched from Cape Ca…"
1093190183384690688,15572679,2516,65308,579,929,97243,2008-07-23 21:30:49,2,2,2019-02-06 16:50:24,Follow @jaxdotcom sports reporter @CFreemanJAX for complete coverage of #nationalsigningday on the First Coast. https://t.co/YfXKBcyagP
1093186306237181952,15572679,2516,65308,579,929,97243,2008-07-23 21:30:49,0,0,2019-02-06 16:35:00,The House intelligence committee vote comes the morning after Trump criticized “ridiculous partisan investigations”… https://t.co/a9jtByRIE1
1093178756028616704,15572679,2516,65308,579,929,97243,2008-07-23 21:30:49,1,0,2019-02-06 16:05:00,A fatal shooting is being investigated after the body of a man was found late Tuesday outside a Jacksonville cemete… https://t.co/sBv9gHHnJN
1093171208642879488,15572679,2516,65308,579,929,97243,2008-07-23 21:30:49,1,3,2019-02-06 15:35:00,"The last ""Young and the Restless"" episode featuring Kristoff St. John will air Wednesday on CBS. In Jacksonville, t… https://t.co/ADtLzwNJgH"
1093163655770845184,15572679,2516,65308,579,929,97243,2008-07-23 21:30:49,1,2,2019-02-06 15:05:00,[Too cute for words.] https://t.co/fpCFMrfzQH
1093156113510469632,15572679,2516,65308,579,929,97243,2008-07-23 21:30:49,0,0,2019-02-06 14:35:01,Here's why many women in the House chamber wore white during Tuesday night's State of the Union address. https://t.co/Ty239WjXM9
1093153409434304513,15572679,2516,65308,579,929,97243,2008-07-23 21:30:49,0,0,2019-02-06 14:24:17,Follow @jaxdotcom sports reporter @CFreemanJAX for complete coverage of #nationalsigningday on the First Coast. https://t.co/8pHpd764cX
1093148557140463616,15572679,2516,65308,579,929,97243,2008-07-23 21:30:49,0,0,2019-02-06 14:05:00,"FEB. 6 | On this date in 1935, the Jacksonville City Commission pushed for a land-sea airport just south of downtow… https://t.co/IU8Zpo1P0W"
1093141007275827200,15572679,2516,65308,579,929,97243,2008-07-23 21:30:49,0,1,2019-02-06 13:35:00,Missed last night's State of the Union address? Here's what you need to know. https://t.co/tH5gQZ6zYq
1093133470329683968,15572679,2516,65308,579,929,97243,2008-07-23 21:30:49,0,4,2019-02-06 13:05:03,"It's National Signing Day.

And it's going to be a big day for many First Coast athletes. https://t.co/JYhQQMJn8X"
1093125908825890816,15572679,2516,65308,579,929,97243,2008-07-23 21:30:49,1,1,2019-02-06 12:35:00,"“The shutdown was a stunt engineered by the president of the United States, one that defied every tenet of fairness… https://t.co/TRn5j6rNz7"
1093118357375762432,15572679,2516,65308,579,929,97243,2008-07-23 21:30:49,0,0,2019-02-06 12:05:00,"Although financial details of the proposals remain secret, Tuesday’s presentations allowed the developers to share… https://t.co/Ooi3tzXjKn"
1093117782189842432,15572679,2516,65308,579,929,97243,2008-07-23 21:30:49,2,0,2019-02-06 12:02:43,"RT @CFreemanJAX: #FirstCoastVarsityWeekly: @NeaseAthletics coaching legend hits magic number 600, plus @AndrewJacksonHS and @sahs_basketbal…"
1093117680503148546,15572679,2516,65308,579,929,97243,2008-07-23 21:30:49,1,0,2019-02-06 12:02:18,"RT @CFreemanJAX: Yes, it's here: #NationalSigningDay comes to Northeast Florida. Stay tuned to @jaxdotcom for updates from throughout the d…"
1092991539020812288,15572679,2516,65308,579,929,97243,2008-07-23 21:30:49,1,1,2019-02-06 03:41:04,"In his first State of the Union address to a divided Congress, President Donald Trump warned Democrats on Tuesday t… https://t.co/pITEc9hB0s"
1092974912162140160,15572679,2516,65308,579,929,97243,2008-07-23 21:30:49,0,0,2019-02-06 02:35:00,The racist yearbook photo that could sink Virginia Gov. Ralph Northam’s career may have been mistakenly placed on h… https://t.co/DA2tvWWMDP
1092959821123317760,15572679,2516,65308,579,929,97243,2008-07-23 21:30:49,1,0,2019-02-06 01:35:02,"Guy Diamond, one of the lead characters from “Trolls”, joins fellow trolls Branch and Poppy as they meet and greet… https://t.co/njH91RhIEm"
1092952262949912577,15572679,2516,65308,579,929,97243,2008-07-23 21:30:49,0,0,2019-02-06 01:05:00,"Federal prosecutors in New York issued the wide-ranging subpoena Monday, furthering a federal inquiry into a fund t… https://t.co/tbHdzQk7wH"
1092944713169154049,15572679,2516,65308,579,929,97243,2008-07-23 21:30:49,1,2,2019-02-06 00:35:00,"PHOTOS | From China to Myanmar to Malaysia, Thailand, the Philippines and more, here's how countries welcomed the L… https://t.co/zUrZLe7mnd"
1092937163430379522,15572679,2516,65308,579,929,97243,2008-07-23 21:30:49,1,1,2019-02-06 00:05:00,"Destiny Iman Dennis, 21, of Arkansas, was reportedly shot and killed during a robbery while in Jacksonville on Jan.… https://t.co/vXYlTsr6BK"
1092929613741862914,15572679,2516,65308,579,929,97243,2008-07-23 21:30:49,0,0,2019-02-05 23:35:00,"Ahead of Tuesday evening's State of the Union address, here are some things to expect, and to be watching for durin… https://t.co/IDHrwLps4m"
1092922063927554053,15572679,2516,65308,579,929,97243,2008-07-23 21:30:49,0,2,2019-02-05 23:05:00,The #YMCA of Florida’s First Coast YMCA will host what’s being billed as the city’s largest group exercise event in… https://t.co/fab6yho3rk
1092914514469752833,15572679,2516,65308,579,929,97243,2008-07-23 21:30:49,3,2,2019-02-05 22:35:00,Among the nearly 100 stores set to close is one in Jacksonville. https://t.co/tDMeXg0cn0
1092908703907569674,15572679,2516,65308,579,929,97243,2008-07-23 21:30:49,2,0,2019-02-05 22:11:54,"If the application is approved by the American Bar Association, Florida Coastal School of Law will be an independen… https://t.co/RvDbhMpf0M"
1092899415101263872,15572679,2516,65308,579,929,97243,2008-07-23 21:30:49,0,3,2019-02-05 21:35:00,Researchers from the Florida Fish and Wildlife Conservation Commission and the Marineland Right Whale Project suspe… https://t.co/KWRrnHDIwm
1092893877365886976,15572679,2516,65308,579,929,97243,2008-07-23 21:30:49,2,0,2019-02-05 21:13:00,"UPDATE | The officer involved in Sunday's shooting of 18-year-old Dylan Joseph-Mark Cross of Orange Park, is the sa… https://t.co/c2Tjr2UDBB"
1092884315338354689,15572679,2516,65308,579,929,97243,2008-07-23 21:30:49,0,1,2019-02-05 20:35:00,Pope Francis said that Pope Benedict XVI had taken action against a France-based order after some of its religious… https://t.co/Ses77ssa4w
1092876765545091073,15572679,2516,65308,579,929,97243,2008-07-23 21:30:49,0,1,2019-02-05 20:05:00,"Mandarin quarterback Carson Beck, the state’s reigning Mr. Football, announced that he is de-committing from Alabam… https://t.co/lpNgevk7ZF"
1092869215906877440,15572679,2516,65308,579,929,97243,2008-07-23 21:30:49,0,0,2019-02-05 19:35:00,The bitter partisanship of the past two years was on full display Tuesday just hours before President Donald Trump… https://t.co/5IerWrqwPw
1092861666260385793,15572679,2516,65308,579,929,97243,2008-07-23 21:30:49,1,0,2019-02-05 19:05:00,"Even after two years of post-Irma conditions, artificial reefs still show the impact of the freshwater flood that t… https://t.co/hseMwMHZSe"
1092854116387381249,15572679,2516,65308,579,929,97243,2008-07-23 21:30:49,1,0,2019-02-05 18:35:00,IS militants have lost territory since Trump’s surprise announcement in December that he was pulling U.S. forces ou… https://t.co/cAkhdKowji
1092846566854008838,15572679,2516,65308,579,929,97243,2008-07-23 21:30:49,1,3,2019-02-05 18:05:00,1. Who else believes Jaguars front office chief Tom Coughlin felt a sense of vindication watching the Super Bowl pl… https://t.co/FR6IXIG6LT
1092839016985251842,15572679,2516,65308,579,929,97243,2008-07-23 21:30:49,2,2,2019-02-05 17:35:00,"True north isn’t quite where it used to be. And that could have consequences for the military, NASA, airports — and… https://t.co/tcupdckldX"
1092831846331764736,15572679,2516,65308,579,929,97243,2008-07-23 21:30:49,4,3,2019-02-05 17:06:30,Until the past few days it hasn’t been clear whether Anna Brosche would offer any kind of legitimate competition. N… https://t.co/foZosYmex5
1092823917620879360,15572679,2516,65308,579,929,97243,2008-07-23 21:30:49,0,0,2019-02-05 16:35:00,DRIVE | When the top 7 N.E. Florida RV dealerships converge on the Jacksonville Equestrian Center this Thursday for… https://t.co/iiyVCa9AXv
1092819967949578243,15572679,2516,65308,579,929,97243,2008-07-23 21:30:49,136,0,2019-02-05 16:19:18,"RT @JSOPIO: Meet the first black officers in #Jacksonville, Florida.

Officers Henry Harley, Edward Hickson, Alvin Janes, Beamon Kendall, M…"
1092816367835906049,15572679,2516,65308,579,929,97243,2008-07-23 21:30:49,1,1,2019-02-05 16:05:00,"FEB. 5 | On this date in 1908, real rain kept money from falling from the skies over Jacksonville. And Counsel II,… https://t.co/FcAHB8s87S"
1092808818189369347,15572679,2516,65308,579,929,97243,2008-07-23 21:30:49,0,0,2019-02-05 15:35:00,Considering whether to get a weighted blanket? Here's what you need to know. https://t.co/MZjdirxUhu
1092801269499158529,15572679,2516,65308,579,929,97243,2008-07-23 21:30:49,1,5,2019-02-05 15:05:00,"Anna Brosche, a Republican, announced that she’s hired Scott Arceneaux, a political consultant and former head of t… https://t.co/lC12hwXfo2"
1092795463714119680,15572679,2516,65308,579,929,97243,2008-07-23 21:30:49,1,0,2019-02-05 14:41:56,RT @gsmitter: Hot start carries JU's Carrete to the top of the Sea Best leaderboard https://t.co/3zG0HMp4ls @jaxdotcom
1092795324282884109,15572679,2516,65308,579,929,97243,2008-07-23 21:30:49,2,0,2019-02-05 14:41:23,"RT @CFreemanJAX: Scan through the season-ending boys soccer stats for Northeast Florida, including top performers from @BollesSoccer, @Mand…"
1092795309590220802,15572679,2516,65308,579,929,97243,2008-07-23 21:30:49,12,0,2019-02-05 14:41:19,"RT @CFreemanJAX: ICYMI: Check out the final list of end-of-season girls soccer statistical leaders, including @BollesGSoccer, @EHS_GirlsSoc…"
1092795294180356103,15572679,2516,65308,579,929,97243,2008-07-23 21:30:49,6,0,2019-02-05 14:41:15,"RT @CFreemanJAX: Playoffs start tonight in girls soccer. Here's a look at what to expect during kickoffs at @fletchersoccer, @PVSHARKSsport…"
1092795177905897473,15572679,2516,65308,579,929,97243,2008-07-23 21:30:49,1,0,2019-02-05 14:40:48,RT @GeneFrenette: What @Patriots showed in SB victory over Rams will reinforce with #Jaguars brass the kind of football they want to play.…
1092794086854139906,15572679,2516,65308,579,929,97243,2008-07-23 21:30:49,1,2,2019-02-05 14:36:28,"Federal prosecutors in New York issued a subpoena Monday seeking documents from Donald Trump’s inaugural committee,… https://t.co/4zpthioDKA"
1092771070304808960,15572679,2516,65308,579,929,97243,2008-07-23 21:30:49,1,2,2019-02-05 13:05:00,Here's what's new at The Players this year. https://t.co/GGVo3EUtqR
1092763519680987137,15572679,2516,65308,579,929,97243,2008-07-23 21:30:49,1,1,2019-02-05 12:35:00,"Worried about a potential Republican primary challenge, President Donald Trump’s campaign has launched a state-by-s… https://t.co/Ur6dSFBnZz"
1092755969589817350,15572679,2516,65308,579,929,97243,2008-07-23 21:30:49,4,3,2019-02-05 12:05:00,Here's why you might hear simulated gunfire sounds and see an increased number of emergency vehicles around and ins… https://t.co/dxXeIkFY0D
1092604975740538880,15572679,2516,65308,579,929,97243,2008-07-23 21:30:49,0,1,2019-02-05 02:05:00,How well do you know Florida's history? Take this quiz and find out. https://t.co/15EF6kmM2w
1092597426081460225,15572679,2516,65308,579,929,97243,2008-07-23 21:30:49,0,5,2019-02-05 01:35:00,"“Double standard, much?”

Fifteen years after a split-second reveal of Janet Jackson's breast derailed her career,… https://t.co/YZoFYbK830"
1092582325731377152,15572679,2516,65308,579,929,97243,2008-07-23 21:30:49,0,0,2019-02-05 00:35:00,Hint: One of them is a current #Jaguars player. https://t.co/MLvtUJvTUj
1092574776214863873,15572679,2516,65308,579,929,97243,2008-07-23 21:30:49,0,3,2019-02-05 00:05:00,An 18-year-old man was shot and killed during a deputy-involved shooting Sunday after a traffic stop in Orange Park… https://t.co/dgfs3AMZvu
1092574356255973382,15572679,2516,65308,579,929,97243,2008-07-23 21:30:49,3,0,2019-02-05 00:03:20,RT @phillip_heilman: Did Tom Coughlin feel a sense of vindication after watching the Super Bowl? That and a few other musings to wrap our c…
1092567226476085248,15572679,2516,65308,579,929,97243,2008-07-23 21:30:49,0,1,2019-02-04 23:35:00,The State of the Union is one of the most sensitive security challenges in America. Here's why. https://t.co/kFMBq9t83Z
1092559676376563713,15572679,2516,65308,579,929,97243,2008-07-23 21:30:49,1,3,2019-02-04 23:05:00,Gov. Ron DeSantis said Tuesday his proposed $91.3 billion budget allocates enough money to eliminate the waiting li… https://t.co/qgMERFQ9nr
1092552126742626304,15572679,2516,65308,579,929,97243,2008-07-23 21:30:49,0,1,2019-02-04 22:35:00,"Construction of more border walls and fencing in South Texas’ Rio Grande Valley, likely on federally owned land set… https://t.co/2XAPO7YjEh"
1092544577309945858,15572679,2516,65308,579,929,97243,2008-07-23 21:30:49,0,0,2019-02-04 22:05:00,That Tony Boselli was discussed for more than 26 minutes shows the difficulty in deciding on him. Next year is an i… https://t.co/2yLclciAtA
1092537026866487296,15572679,2516,65308,579,929,97243,2008-07-23 21:30:49,2,1,2019-02-04 21:35:00,Witnesses told investigators that a man was “acting in a threatening manner and yelling that he would start killing… https://t.co/7mvbXB2fJz
1092529477077356544,15572679,2516,65308,579,929,97243,2008-07-23 21:30:49,0,1,2019-02-04 21:05:00,"Curtis Abdulah Bey, behind bars since June 7, faces 25 years in a Florida state prison. https://t.co/tXbo1ExDNR"
1092521927279869952,15572679,2516,65308,579,929,97243,2008-07-23 21:30:49,0,2,2019-02-04 20:35:00,"Facing clear political peril, President Donald Trump will deliver his second State of the Union address at a moment… https://t.co/PVxiH6RrrD"
1092514377746563072,15572679,2516,65308,579,929,97243,2008-07-23 21:30:49,0,1,2019-02-04 20:05:00,ICYMI: Here's a look at three potential sites for JEA's new downtown headquarters. https://t.co/hBMpfuAOrD
1092506827789611009,15572679,2516,65308,579,929,97243,2008-07-23 21:30:49,0,0,2019-02-04 19:35:00,Fire officials said the owner of the animal rescue was asleep in an upstairs bedroom when he was awakened by peacoc… https://t.co/JDrS3LhbgG
1092499280374517763,15572679,2516,65308,579,929,97243,2008-07-23 21:30:49,0,1,2019-02-04 19:05:00,"Among those memorialized is Benjamin Hart, who had been falsely accused of peeping into the window of a white girl… https://t.co/5HKMIaL0GF"
1092491729708744705,15572679,2516,65308,579,929,97243,2008-07-23 21:30:49,0,0,2019-02-04 18:35:00,"In rejecting calls to step down, Virginia Gov. Ralph Northam came across to many African-Americans as displaying a… https://t.co/PbaD7XN6Fa"
1092484180984938497,15572679,2516,65308,579,929,97243,2008-07-23 21:30:49,0,3,2019-02-04 18:05:00,Billy Sunday played major league ball before he became the most celebrated evangelist of his time. https://t.co/TQ54B500yL
1092476628964397056,15572679,2516,65308,579,929,97243,2008-07-23 21:30:49,1,2,2019-02-04 17:35:00,Five people died and two were injured after a small plane apparently came apart Sunday over a suburban Southern Cal… https://t.co/RMp8wUzsVN
1092469079057805312,15572679,2516,65308,579,929,97243,2008-07-23 21:30:49,3,4,2019-02-04 17:05:00,"Jacksonville turns out to be cheap, at the expense of its aging schools. City Hall doesn’t run the school system bu… https://t.co/CXHALrp6UO"
1092461529872695296,15572679,2516,65308,579,929,97243,2008-07-23 21:30:49,1,2,2019-02-04 16:35:00,"PHOTOS | Rosa Parks, whose refusal to give up her bus seat to a white man sparked the modern civil rights movement,… https://t.co/p6ktCfj4ki"
1092457038804848641,15572679,2516,65308,579,929,97243,2008-07-23 21:30:49,1,0,2019-02-04 16:17:09,"RT @phillip_heilman: Per @betonline_ag, the #Jaguars are 40 to 1 to win next year’s Super Bowl."
1092453982310682624,15572679,2516,65308,579,929,97243,2008-07-23 21:30:49,0,0,2019-02-04 16:05:00,"Evan Gould, a chorus and drama teacher at Lake Asbury Junior High School, and Deborah “Debbie” Lineberry, a student… https://t.co/fMNe5QMoE6"
1092443749458825218,15572679,2516,65308,579,929,97243,2008-07-23 21:30:49,1,0,2019-02-04 15:24:21,"BREAKING | ""Young and the Restless"" actor Kristoff St. John has died at age 52. https://t.co/OqULSYd2Xs"
1092438881826414597,15572679,2516,65308,579,929,97243,2008-07-23 21:30:49,0,1,2019-02-04 15:05:00,"“Most of it is about the memory of the Saratoga and secondly, doing it with my daughter. It’s all about the event a… https://t.co/qo6yCm7ice"
1092431332154765312,15572679,2516,65308,579,929,97243,2008-07-23 21:30:49,0,1,2019-02-04 14:35:00,"“We obviously could have played better offensively,” Tom Brady said. “But the reality is [when] you get in these ga… https://t.co/Tsr9fMwnhd"
1092423782680137728,15572679,2516,65308,579,929,97243,2008-07-23 21:30:49,0,1,2019-02-04 14:05:00,One man is dead following a deputy-involved shooting Sunday night near the 1300 block of Blanding Boulevard in Oran… https://t.co/v0DlLMBQsg
1092416233000062976,15572679,2516,65308,579,929,97243,2008-07-23 21:30:49,0,2,2019-02-04 13:35:00,Police and fire authorities are investigating the death of an elderly man found by firefighters in a Jacksonville B… https://t.co/sVfiyWi6Hn
1092408683290677248,15572679,2516,65308,579,929,97243,2008-07-23 21:30:49,1,3,2019-02-04 13:05:00,"Restaurants in this week's report include:
✔ A popular Westside buffet
✔ A country club at the Beaches
✔ A Southsid… https://t.co/Onpc7tLweW"
1092401132700356608,15572679,2516,65308,579,929,97243,2008-07-23 21:30:49,0,2,2019-02-04 12:35:00,"The Pentagon said it will send 3,750 more troops to the U.S.-Mexico border to put up another 150 miles of concertin… https://t.co/tZSZXxyZog"
1092393582412161030,15572679,2516,65308,579,929,97243,2008-07-23 21:30:49,0,1,2019-02-04 12:05:00,The Duval County School Board intends to hire an outside company to help turn around three struggling schools ultim… https://t.co/G2XpTOxWSN
1092216462079606784,15572679,2516,65308,579,929,97243,2008-07-23 21:30:49,7,19,2019-02-04 00:21:11,In case you forgot: Tom Brady is beatable. #SuperBowl #Rams https://t.co/ZxfPjBGTpz
1092151990111608833,15572679,2516,65308,579,929,97243,2008-07-23 21:30:49,0,0,2019-02-03 20:05:00,"In this week's Sunday Notebook: 
✔ The fourth quarter of 2018 presented strong indicators for the First Coast
✔ Low… https://t.co/M8bLhsyhWD"
1092121791059898368,15572679,2516,65308,579,929,97243,2008-07-23 21:30:49,0,0,2019-02-03 18:05:00,It was December of 2014 when the stars began to align for Elizabeth Surratt and Andrew Woods. After a long distance… https://t.co/L7Xveqs3A3
1092106697932525569,15572679,2516,65308,579,929,97243,2008-07-23 21:30:49,0,1,2019-02-03 17:05:01,"In this week's Call Box:
✔ Readers wonder where stars of the 2005 Super Bowl stayed
✔ Classic recipes from Patti’s… https://t.co/FlysnawEE1"
1092076492404740098,15572679,2516,65308,579,929,97243,2008-07-23 21:30:49,0,3,2019-02-03 15:05:00,"While others slept in Saturday, hundreds of volunteers were planting gardens, painting buildings and tackling other… https://t.co/NRqKDW9hxb"
1092061404176306178,15572679,2516,65308,579,929,97243,2008-07-23 21:30:49,1,2,2019-02-03 14:05:02,"Ahead of Rosa Parks' birthday, reporter Matt Soergel spent time Mark Kerrin, Mrs. Parks' bodyguard. “I have never b… https://t.co/uGtrMHCWHI"
1092031195259564035,15572679,2516,65308,579,929,97243,2008-07-23 21:30:49,5,32,2019-02-03 12:05:00,"As columnist Mark Woods continues on his Mark Walks Jax gig, he noted that he's had one consistent element in his t… https://t.co/LQTB227yzQ"
1091887748699615232,15572679,2516,65308,579,929,97243,2008-07-23 21:30:49,0,0,2019-02-03 02:35:00,"The game kicks off at 6:30 p.m. ET on Sunday, but to get hyped up for the game, test your knowledge of Super Bowl h… https://t.co/UATy49NkZx"
1091880199074050049,15572679,2516,65308,579,929,97243,2008-07-23 21:30:49,1,2,2019-02-03 02:05:00,Columnist Sam Kourvaris writes that there's no gold jacket for Tony Boselli again this year. https://t.co/A2dNwHtiBZ
1091872648995487744,15572679,2516,65308,579,929,97243,2008-07-23 21:30:49,0,0,2019-02-03 01:35:00,"Joshua Brandon Carmack, 37, of Olivehurst, Calif., died at the scene after being hit about 3:10 a.m. while on the t… https://t.co/OIrWnYUhMh"
1091857549555568640,15572679,2516,65308,579,929,97243,2008-07-23 21:30:49,0,1,2019-02-03 00:35:00,"In a Super Bowl LIII ad released on TODAY Monday morning, Jeff Bridges and Sarah Jessica Parker revisited their ico… https://t.co/TKE6Y0qtpL"
1091850001901334529,15572679,2516,65308,579,929,97243,2008-07-23 21:30:49,0,0,2019-02-03 00:05:00,The Jacksonville Sheriff’s Office has released the names of two homicide victims killed Thursday in separate incide… https://t.co/9d4CuPXLFj
1091843550361325568,15572679,2516,65308,579,929,97243,2008-07-23 21:30:49,0,1,2019-02-02 23:39:22,"JUST IN | Former NFL cornerback Champ Bailey, a Folkston Ga. native, joined the most exclusive club in Canton, Ohio… https://t.co/m3JwdxoNyZ"
1091837485301329922,15572679,2516,65308,579,929,97243,2008-07-23 21:30:49,1,0,2019-02-02 23:15:16,"BREAKING | Dreams came true Saturday for Charlton County's Champ Bailey, while former #Jaguars offensive tackle Ton… https://t.co/v5GJnEE4gY"
1091834900536311813,15572679,2516,65308,579,929,97243,2008-07-23 21:30:49,0,0,2019-02-02 23:05:00,"PHOTOS | This event, held recently at Manifest Distilling, was a fundraiser for three Novii Wireless Fetal Monitori… https://t.co/DlTAujzQyW"
1091812251194003456,15572679,2516,65308,579,929,97243,2008-07-23 21:30:49,0,0,2019-02-02 21:35:00,"DRIVE | “Everybody’s happy and I didn’t have any dealer say they didn’t sell a boat, which is always great news,” s… https://t.co/5K6dSGgAbE"
1091804701505609728,15572679,2516,65308,579,929,97243,2008-07-23 21:30:49,0,4,2019-02-02 21:05:00,"“To be able to win an award like this and what it represents, I know my dad is smiling down right now,"" Campbell sa… https://t.co/4tL8f84UzK"
1091797151410204672,15572679,2516,65308,579,929,97243,2008-07-23 21:30:49,0,1,2019-02-02 20:35:00,"In comments that appeared Friday in The Guardian, Matt Salinger, the son of J.D. Saliger, confirmed reports that th… https://t.co/qiUM57SQXc"
1091789616221425664,15572679,2516,65308,579,929,97243,2008-07-23 21:30:49,1,1,2019-02-02 20:05:03,"“I feel super happy. I feel like I’m known and people (now) know what some people go through ...,” Dejah Rondeau sa… https://t.co/YBFHHGedIz"
1091782051940970498,15572679,2516,65308,579,929,97243,2008-07-23 21:30:49,0,0,2019-02-02 19:35:00,A Virginia Democrat who has spoken with Gov. Ralph Northam has told The Associated Press that the governor now does… https://t.co/uwvGFL4qGR
1091766952534654977,15572679,2516,65308,579,929,97243,2008-07-23 21:30:49,1,2,2019-02-02 18:35:00,Security checkpoints at Florida’s busiest airport were brought to a temporary halt on Saturday when some passengers… https://t.co/2n7Wax7uwZ
1091759403106209792,15572679,2516,65308,579,929,97243,2008-07-23 21:30:49,0,2,2019-02-02 18:05:00,"On Saturday, Champ Bailey could become the first NFL player from nearby Folkston Ga. to be inducted to the Pro Foot… https://t.co/JX7zbRPv8M"
1091751853296099329,15572679,2516,65308,579,929,97243,2008-07-23 21:30:49,1,1,2019-02-02 17:35:00,"Freddie L. Schultz, 60, of Middleburg is charged with 10 counts of possession of child pornography. He was arrested… https://t.co/AigHSwgy4Q"
1091749515802095616,15572679,2516,65308,579,929,97243,2008-07-23 21:30:49,16,0,2019-02-02 17:25:42,"RT @phillip_heilman: “He always said, ‘The kind of man you are, that’s the most important. Having integrity, having respect, those are the…"
1091744303276347392,15572679,2516,65308,579,929,97243,2008-07-23 21:30:49,1,1,2019-02-02 17:05:00,"Frozen hair is only the beginning: Arriving in Jacksonville from frigid Alaska, Bolles junior Leah DeGeorge has rac… https://t.co/Gy22FCTUNx"
1091736753449459712,15572679,2516,65308,579,929,97243,2008-07-23 21:30:49,0,0,2019-02-02 16:35:00,"DRIVE | The past, present and future roared to life last weekend as the 57th annual Rolex 24 at Daytona took over t… https://t.co/MZBupA4Pqj"
1091721653921476608,15572679,2516,65308,579,929,97243,2008-07-23 21:30:49,1,2,2019-02-02 15:35:00,"Recent statistics list Jacksonville as the sixth-deadliest Florida city for pedestrian deaths. Now, the Jacksonvill… https://t.co/T9U5UQ5euL"
1091714105336086528,15572679,2516,65308,579,929,97243,2008-07-23 21:30:49,0,1,2019-02-02 15:05:00,"With some of the oldest facilities in Florida, about 65% of the 157 Duval Schools are at least 50 years old. Althou… https://t.co/57IMuRn6cP"
1091699006345019392,15572679,2516,65308,579,929,97243,2008-07-23 21:30:49,3,6,2019-02-02 14:05:00,The $91.3 billion spending plan included cash for curbing algae and developing alternative water supplies through p… https://t.co/wSiEVzhtFB
1091691454932680705,15572679,2516,65308,579,929,97243,2008-07-23 21:30:49,3,3,2019-02-02 13:35:00,"If you live in the areas of Naval Station Mayport and Naval Air Station Jacksonville, you may hear simulated gunfir… https://t.co/xjDwQKZR7z"
1091676355488555009,15572679,2516,65308,579,929,97243,2008-07-23 21:30:49,0,2,2019-02-02 12:35:00,SHORELINES | There's a lot going out in and around the beaches this weekend and throughout the week. Get in on the… https://t.co/LREiP2jIFW
1091668806014038017,15572679,2516,65308,579,929,97243,2008-07-23 21:30:49,1,4,2019-02-02 12:05:00,"February is usually perceived as the last real month of the Florida “winter” and, if you're antsy to get back outsi… https://t.co/fh2FluHHDB"
1091532910702854149,15572679,2516,65308,579,929,97243,2008-07-23 21:30:49,0,7,2019-02-02 03:05:00,"When Pete Dye, architect of the TPC Sawgrass Course Stadium, was wondering what to do with the area around the 17th… https://t.co/iHB6SsmfHg"
1091525360880156672,15572679,2516,65308,579,929,97243,2008-07-23 21:30:49,0,0,2019-02-02 02:35:00,"HOMES | One modern condo, one historic cottage, both are filled with unique details and open for viewing this weeke… https://t.co/CZX6qqHe91"
1091517810918998016,15572679,2516,65308,579,929,97243,2008-07-23 21:30:49,0,0,2019-02-02 02:05:00,"The Los Angeles #Rams and New England #Patriots have fulfilled their media obligations, giving players time to find… https://t.co/mzjpF4cp3g"
1091510262077759488,15572679,2516,65308,579,929,97243,2008-07-23 21:30:49,0,0,2019-02-02 01:35:00,"The game is dramatic, but the musical performances have had their fair share of mishaps and quirks that left everyo… https://t.co/3yAtTGslSu"
1091502712825565184,15572679,2516,65308,579,929,97243,2008-07-23 21:30:49,1,2,2019-02-02 01:05:00,"COMMENTARY | A task force on crime in Jacksonville sounds good, but it won't be effective if city official aren't w… https://t.co/PzsyJqmeCK"
1091500611735048193,15572679,2516,65308,579,929,97243,2008-07-23 21:30:49,3,0,2019-02-02 00:56:39,"RT @gsmitter: Alice Dye, the inspiration for the Stadium Course's Island Green, passes away at 91 https://t.co/3HDzA9Ba7s @jaxdotcom"
1091495748401811458,15572679,2516,65308,579,929,97243,2008-07-23 21:30:49,1,0,2019-02-02 00:37:20,"RT @gsmitter: Alice Dye, credited with inspiring her husband Pete Dye to design the Island Green @TPCSawgrass has passed away. More later @…"
1091495161828438019,15572679,2516,65308,579,929,97243,2008-07-23 21:30:49,0,1,2019-02-02 00:35:00,Some of the most highly anticipated moments of any given Super Bowl Sunday are the commercials aired during the gam… https://t.co/jySALeh08g
1091487612710408198,15572679,2516,65308,579,929,97243,2008-07-23 21:30:49,1,2,2019-02-02 00:05:00,"New downtown. 20West Café, operated by students and staff from FSCJ’s Culinary Arts and Hospitality program, offers… https://t.co/r4G5PpbsC7"
1091480062350815232,15572679,2516,65308,579,929,97243,2008-07-23 21:30:49,1,0,2019-02-01 23:35:00,"Anastasia Vashukevich, who claimed to have 16 hours of audio and video proving ties between Russian and the Trump c… https://t.co/GJGdAUuB6E"
1091472512511295489,15572679,2516,65308,579,929,97243,2008-07-23 21:30:49,1,3,2019-02-01 23:05:00,UPDATE | Police will not release on Friday the identity of a shooting victim found dead Thursday at the World Golf… https://t.co/NySz7u7PD9
1091464962772516866,15572679,2516,65308,579,929,97243,2008-07-23 21:30:49,0,0,2019-02-01 22:35:00,Another problem: A colony of elephant seals took over a Northern California beach in Point Reyes National Seashore… https://t.co/QKKrkSAxNV
1091457413893554176,15572679,2516,65308,579,929,97243,2008-07-23 21:30:49,1,1,2019-02-01 22:05:00,"In what would be the largest budget in state history, Gov. Ron DeSantis on Friday released a proposed $91.3 billion… https://t.co/82I5KQSdWP"
1091449863135469568,15572679,2516,65308,579,929,97243,2008-07-23 21:30:49,0,1,2019-02-01 21:35:00,"Ready to head back to 1985? This trip won’t require you to hit 88 miles per hour in your DeLorean, either. https://t.co/Sygxktv8mF"
1091442313467973632,15572679,2516,65308,579,929,97243,2008-07-23 21:30:49,1,0,2019-02-01 21:05:00,"Publix is asking customers to return popcorn chicken purchased in its stores since Jan. 17, saying it may contain “… https://t.co/fi3b8HAWmb"
1091427214799843331,15572679,2516,65308,579,929,97243,2008-07-23 21:30:49,2,6,2019-02-01 20:05:00,"Don’t get too excited, columnist Chris Hong writes: It wasn’t that type of bachelor party. If it was, none of y’all… https://t.co/fAmDNLz4nm"
1091419664301899776,15572679,2516,65308,579,929,97243,2008-07-23 21:30:49,0,0,2019-02-01 19:35:00,The rare Bryde’s whale — a young adult male — was 38 feet long and weighed nearly 30 tons. https://t.co/Y2t0eS6pt7
1091412115569758208,15572679,2516,65308,579,929,97243,2008-07-23 21:30:49,2,1,2019-02-01 19:05:00,"A woman robbed the Chase Bank in San Marco Square Friday morning, the second bank in a week involving a woman attem… https://t.co/LOplpXk3UO"
1091404565319241728,15572679,2516,65308,579,929,97243,2008-07-23 21:30:49,0,1,2019-02-01 18:35:00,"Gov. Ron DeSantis is asking for roughly $300 million in tax cuts, with most of it targeted to property owners.

 https://t.co/bhiRNHt7zP"
1091397015697850369,15572679,2516,65308,579,929,97243,2008-07-23 21:30:49,0,0,2019-02-01 18:05:00,"With the retirement of Wayne Belger, 11-time state champion Bolles will be conducting its second coaching search in… https://t.co/JQ4dlfg0HY"
1091389465480884226,15572679,2516,65308,579,929,97243,2008-07-23 21:30:49,0,0,2019-02-01 17:35:00,"In the special counsel’s Russia investigation, prosecutors say they have recovered “voluminous and complex” potenti… https://t.co/BwwUUCqRVa"
1091381915746295809,15572679,2516,65308,579,929,97243,2008-07-23 21:30:49,7,7,2019-02-01 17:05:00,"There's been a lot of talk about a single, year-over-year improvement in Jacksonville crime between 2017 and 2018.… https://t.co/LbONVVIUcx"
1091374366338830336,15572679,2516,65308,579,929,97243,2008-07-23 21:30:49,0,0,2019-02-01 16:35:00,"President Donald Trump blamed the Russians for the demise of the Cold War-era pact, known as the Intermediate-Range… https://t.co/SCmXWmRD19"
1091371378639552514,15572679,2516,65308,579,929,97243,2008-07-23 21:30:49,1,0,2019-02-01 16:23:08,RT @GeneFrenette: Why the road to Pro Football Hall of Fame for #Jaguars legend @tonyboselli and other great NFL players is such a tough ca…
1091371083410931713,15572679,2516,65308,579,929,97243,2008-07-23 21:30:49,16,0,2019-02-01 16:21:57,"RT @GeneFrenette: Bolles football coach Wayne Belger, who succeeded the legendary Corky Rogers, decides to retire after two seasons as head…"
1091366816235044864,15572679,2516,65308,579,929,97243,2008-07-23 21:30:49,2,1,2019-02-01 16:05:00,"The death is the Jacksonville’s 17th homicide in the first month of the new year, compared to 10 last January, acco… https://t.co/2INknElGAI"
1091359518032871426,15572679,2516,65308,579,929,97243,2008-07-23 21:30:49,0,2,2019-02-01 15:36:00,Cory Booker enters what’s shaping up to be a crowded presidential primary. https://t.co/7l2RlNaJYt
1091351719571644416,15572679,2516,65308,579,929,97243,2008-07-23 21:30:49,1,4,2019-02-01 15:05:00,Earnest Davis used to dream of a place like the Voo-Swar. So he built it –and opened for business in 1963. Fifty-fi… https://t.co/MDpqWToIBb
1091336617363718144,15572679,2516,65308,579,929,97243,2008-07-23 21:30:49,0,2,2019-02-01 14:05:00,"Whether it’s through the draft (they currently have the No. 7 pick) or free agency, it’s time for the #Jaguars to b… https://t.co/gswLrps9zr"
1091329067390042112,15572679,2516,65308,579,929,97243,2008-07-23 21:30:49,2,2,2019-02-01 13:35:00,You won’t be able to buy your boo a bag of conversation hearts this Valentine’s Day (since NECCO abruptly closed an… https://t.co/DkCtg1gq4j
1091321518238380033,15572679,2516,65308,579,929,97243,2008-07-23 21:30:49,4,0,2019-02-01 13:05:00,"A man who was investigating the controversial 2010 death of Michelle O’Connell, the girlfriend of a St. Johns Count… https://t.co/4o7lUQzMvG"
1091313968138858496,15572679,2516,65308,579,929,97243,2008-07-23 21:30:49,0,2,2019-02-01 12:35:00,Too much fluoride when teeth are forming can lead to tooth streaking or spottiness ” known as dental fluorosis. “Fl… https://t.co/1l1nF2vAWS
1091306418098049025,15572679,2516,65308,579,929,97243,2008-07-23 21:30:49,1,2,2019-02-01 12:05:00,"The new bill will allow judges to depart from mandatory minimums for drug trafficking charges, and calls for more c… https://t.co/DvCPFwQqKc"
1091170523365732354,15572679,2516,65308,579,929,97243,2008-07-23 21:30:49,0,0,2019-02-01 03:05:00,The rash of injuries along the #Jaguars' offensive line began when LT Cam Robinson was injured Week 2 against New E… https://t.co/fGQkxnSGrH
1091162991326883846,15572679,2516,65308,579,929,97243,2008-07-23 21:30:49,0,0,2019-02-01 02:35:04,"Sure, the game is dramatic, but the musical performances of past Super Bowls have had their fair share of mishaps a… https://t.co/thv64sQrH3"
1091155423477022721,15572679,2516,65308,579,929,97243,2008-07-23 21:30:49,0,2,2019-02-01 02:05:00,"The #IAFF Local 2622 wrote: [Jacksonville Beach Fire Chief David Whitmill] fostered an atmosphere of “hostility, re… https://t.co/SFa7XBEPal"
1091147874312880129,15572679,2516,65308,579,929,97243,2008-07-23 21:30:49,1,2,2019-02-01 01:35:00,"Close to 16 months after the Las Vegas shooting that killed 58 people and injured 900, the FBI’s long-awaited repor… https://t.co/r10K6U6af1"
1091140323701637125,15572679,2516,65308,579,929,97243,2008-07-23 21:30:49,2,2,2019-02-01 01:05:00,Columnist Gene Frenette explains why the Pro Football Hall of Fame election process is almost as hard on the voters… https://t.co/JTrAkT1kLl
1091132774839398408,15572679,2516,65308,579,929,97243,2008-07-23 21:30:49,0,0,2019-02-01 00:35:00,"Everybody knows the only worthwhile thing to do on a dreary, cold winter day is binge-watch television. So here is… https://t.co/1qkKbVVgR2"
1091132128451051520,15572679,2516,65308,579,929,97243,2008-07-23 21:30:49,2,0,2019-02-01 00:32:26,"JUST IN | Johnathan Joyco Quiles, the uncle of 16-year-old Iyana Sawyer, a Terry Parker High School student who has… https://t.co/e3uNIuLHmg"
1091127577203408896,15572679,2516,65308,579,929,97243,2008-07-23 21:30:49,8,0,2019-02-01 00:14:21,RT @phillip_heilman: NFLPA executive director DeMaurice Smith wouldn't comment specifically on the Leonard Fournette-#Jaguars situation but…
1091125224576294912,15572679,2516,65308,579,929,97243,2008-07-23 21:30:49,0,0,2019-02-01 00:05:00,"PHOTOS | Fourteen years ago, the eyes of the world were on Jacksonville as the city hosted its first (and only)… https://t.co/W2eOf3aCvR"
1091117675072405509,15572679,2516,65308,579,929,97243,2008-07-23 21:30:49,1,0,2019-01-31 23:35:00,"Robbing a bank may look easy on the big screen, but IRL (in real life), not so much. And for the adventures of Flor… https://t.co/Oe2KJWRU0L"
1091110124628967427,15572679,2516,65308,579,929,97243,2008-07-23 21:30:49,1,2,2019-01-31 23:05:00,"Removed from her deaf mother immediately after birth due to safety concerns, Gandai, is working toward baby zoo-gor… https://t.co/j2qVKI62b4"
1091095026296414208,15572679,2516,65308,579,929,97243,2008-07-23 21:30:49,1,10,2019-01-31 22:05:00,Gov. Ron DeSantis is scrapping Common Core from Florida's schools. https://t.co/HmB8lVT9Yn
1091081646273691648,15572679,2516,65308,579,929,97243,2008-07-23 21:30:49,0,1,2019-01-31 21:11:50,JUST IN | An unidentified bicyclist was shot and killed about 1:15 p.m. Thursday afternoon while riding down Emerso… https://t.co/PraMciE6b8
1091079926198005762,15572679,2516,65308,579,929,97243,2008-07-23 21:30:49,0,0,2019-01-31 21:05:00,Immigrants around the country have staged hunger strikes over the past month to protest conditions inside detention… https://t.co/12RS8Ocl8Q
1091072607091343361,15572679,2516,65308,579,929,97243,2008-07-23 21:30:49,3,0,2019-01-31 20:35:55,RT @phillip_heilman: The rash of injuries along the #Jaguars' offensive line began when LT Cam Robinson was injured Week 2 against New Engl…
1091072376815710208,15572679,2516,65308,579,929,97243,2008-07-23 21:30:49,0,1,2019-01-31 20:35:00,Heads up: There's been a voluntary recall of infant ibuprofen because it may contain overly high concentrations of… https://t.co/Olpfn7MOSH
1091064826909069312,15572679,2516,65308,579,929,97243,2008-07-23 21:30:49,0,0,2019-01-31 20:05:00,An investigation into what is being called a suspicious death begun Thursday morning by the St. Johns County Sherif… https://t.co/EXEVw1VgLH
1091057276515962880,15572679,2516,65308,579,929,97243,2008-07-23 21:30:49,3,5,2019-01-31 19:35:00,"A great white shark, estimated to be between 12 to 15 feet long, was spotted off the coast of St. Augustine Beach o… https://t.co/m5L7qC1JMJ"
1091049727427260417,15572679,2516,65308,579,929,97243,2008-07-23 21:30:49,0,4,2019-01-31 19:05:00,"After the Jan. 24 arrest of Oneil Exantus, left, in Terre Haute, Ind., David Marc J’Vaughn Robinson, right, 18, was… https://t.co/XqWmz0xTtT"
1091042177042526208,15572679,2516,65308,579,929,97243,2008-07-23 21:30:49,0,0,2019-01-31 18:35:00,"The medical milestone, though, is mostly due to recent guidelines that expanded how many people have high blood pre… https://t.co/F414AgEPNF"
1091034627047866368,15572679,2516,65308,579,929,97243,2008-07-23 21:30:49,1,0,2019-01-31 18:05:00,"If you thought last week’s fishing report stunk, you’re really not going to like this week’s version. But here it i… https://t.co/OY1eCfz59x"
1091027077275574272,15572679,2516,65308,579,929,97243,2008-07-23 21:30:49,0,1,2019-01-31 17:35:00,"Where’s the president? Over the last five days, Trump has had no public events. And he had none on his public sched… https://t.co/kfSRdugXRH"
1091019528010645506,15572679,2516,65308,579,929,97243,2008-07-23 21:30:49,1,4,2019-01-31 17:05:00,Jacksonville Mayor Lenny Curry on Wednesday announced a committee on sea-level rise. Nate Monroe explains why he is… https://t.co/YheYg514pB
1091011977768505344,15572679,2516,65308,579,929,97243,2008-07-23 21:30:49,0,1,2019-01-31 16:35:00,"Eighteen factories and other facilities run by General Motors, Ford and Fiat Chrysler across Michigan are shuttered… https://t.co/0Z8bFQeuM7"
1091004428256190464,15572679,2516,65308,579,929,97243,2008-07-23 21:30:49,1,6,2019-01-31 16:05:00,"Smoke clouds seen almost daily are signs of prescribed burns, purposely done to reduce dry vegetation that could be… https://t.co/Pq0Ht6iX6p"
1090996878492254208,15572679,2516,65308,579,929,97243,2008-07-23 21:30:49,0,2,2019-01-31 15:35:00,"It’s not a free lunch, but it’s a start. 

Find out how to get your free Baconator.  https://t.co/1Z88Qf7wpr"
1090989332368904192,15572679,2516,65308,579,929,97243,2008-07-23 21:30:49,1,3,2019-01-31 15:05:01,PHOTOS | This $1.3 Eagle Harbor home offers stunning waterfront views from nearly every room. https://t.co/xof6IVxnju
1090988067547217921,15572679,2516,65308,579,929,97243,2008-07-23 21:30:49,1,0,2019-01-31 14:59:59,"RT @gsmitter: Jacksonville overcomes turnovers, cold shooting to post 1,000th victory in school history https://t.co/cDyxrUMmLA @jaxdotcom…"
1090982228589494273,15572679,2516,65308,579,929,97243,2008-07-23 21:30:49,0,1,2019-01-31 14:36:47,"Jan. 31 | On this date in 1921, the Italian oil tanker Nettuno escaped sinking into the Atlantic thanks to its fuel… https://t.co/KyB8xWRSZ4"
1090979099978403840,15572679,2516,65308,579,929,97243,2008-07-23 21:30:49,8,0,2019-01-31 14:24:21,"RT @phillip_heilman: MJD on Kyler Murray: “I know a lot of people are saying he’s short, but he’s a dynamic player, a play-maker. If you ge…"
1090979086007238656,15572679,2516,65308,579,929,97243,2008-07-23 21:30:49,5,0,2019-01-31 14:24:18,"RT @phillip_heilman: Like former #Jaguars great Tony Boselli, Terrell Davis had a career that reached incredible heights but was cut short…"
1090974229137371136,15572679,2516,65308,579,929,97243,2008-07-23 21:30:49,0,3,2019-01-31 14:05:00,The Florida Department of Corrections used the procurement process for a new phone contract to ask for “value-added… https://t.co/nRFQqw3nLV
1090959129923997697,15572679,2516,65308,579,929,97243,2008-07-23 21:30:49,0,3,2019-01-31 13:05:00,"The sheriff, state attorney and mayor on Tuesday announced 6 arrests, saying they were able to arrest each of them… https://t.co/ZjEYfLJmNF"
1090944030714855434,15572679,2516,65308,579,929,97243,2008-07-23 21:30:49,0,1,2019-01-31 12:05:00,"A coyote in the backyard might not be routine but it’s not uncommon, wildlife biologists say. And there is a free C… https://t.co/kCjjgPXQpV"
1090808135583969280,15572679,2516,65308,579,929,97243,2008-07-23 21:30:49,0,2,2019-01-31 03:05:00,"Reporter Phillip Heilman chatted for a few minutes Wednesday with former #Jaguars RB Maurice Jones-Drew. 
Takeaways… https://t.co/HE9HMCajqH"
1090800585203433472,15572679,2516,65308,579,929,97243,2008-07-23 21:30:49,0,1,2019-01-31 02:35:00,"You think its cold in Jacksonville? 
Luckily we've got nothing compared to what folks in the Midwest are going thro… https://t.co/QUBlAR0uzR"
1090793035703771136,15572679,2516,65308,579,929,97243,2008-07-23 21:30:49,4,15,2019-01-31 02:05:00,"Tony Boselli is holding out hope that his consistency, along with his big performances as both a pass protector and… https://t.co/Tjt87kU6yh"
1090785485574848512,15572679,2516,65308,579,929,97243,2008-07-23 21:30:49,0,0,2019-01-31 01:35:00,"A finalist three times when he was voted into the Pro Football Hall of Fame in 2017, Terrell Davis understands the… https://t.co/4tTkQjpXXZ"
1090777936985288705,15572679,2516,65308,579,929,97243,2008-07-23 21:30:49,0,0,2019-01-31 01:05:00,"Three #Callahan kids are facing felony charges after police say they burglarized a neighbor’s property, stole more… https://t.co/XzR7JIIJBq"
1090770386399186946,15572679,2516,65308,579,929,97243,2008-07-23 21:30:49,1,2,2019-01-31 00:35:00,"As much as this year’s #SuperBowl will be a battle on the field between the New England Patriots and the L.A. Rams,… https://t.co/199wM3PkY4"
1090763478141419520,15572679,2516,65308,579,929,97243,2008-07-23 21:30:49,10,0,2019-01-31 00:07:33,"RT @phillip_heilman: ""Tony Boselli was right there with the greats,"" Hall of Fame running back Terrell Davis said Wednesday. ""He was probab…"
1090762837008568320,15572679,2516,65308,579,929,97243,2008-07-23 21:30:49,0,0,2019-01-31 00:05:00,"Details are limited, but the Florida Department of Children and Families was recently informed that the victim of T… https://t.co/PjHmy7sxEb"
1090755286959357953,15572679,2516,65308,579,929,97243,2008-07-23 21:30:49,0,0,2019-01-30 23:35:00,Foxconn Technology Group said Wednesday it is shifting the focus of its planned Wisconsin campus away from blue-col… https://t.co/zIKR7zsqiv
1090747737170210816,15572679,2516,65308,579,929,97243,2008-07-23 21:30:49,3,8,2019-01-30 23:05:00,COMMENTARY | Mayor Lenny Curry and Sheriff Mike Williams might consider trying a bit harder to convince the public… https://t.co/CGX4NeHMUZ
1090740187276238848,15572679,2516,65308,579,929,97243,2008-07-23 21:30:49,0,0,2019-01-30 22:35:00,Mowing the lawn just got a lot more fun. https://t.co/a4lj4d4W6r
1090732637264797697,15572679,2516,65308,579,929,97243,2008-07-23 21:30:49,0,0,2019-01-30 22:05:00,"Justin Lee Edwards, 29, of Port Charlotte was charged with two counts of driving under the influence with serious i… https://t.co/bRrDFlCF8Q"
1090725087517511680,15572679,2516,65308,579,929,97243,2008-07-23 21:30:49,0,0,2019-01-30 21:35:00,District Judge Virginia Hernandez Covington dismissed the lawsuit this week filed by Confederate rights groups agai… https://t.co/sp0My1cro6
1090717538496012289,15572679,2516,65308,579,929,97243,2008-07-23 21:30:49,1,0,2019-01-30 21:05:00,"Alexandra Baldwin, who has vice-president of marketing partnerships for the Tour, was named president Wednesday of… https://t.co/GvikJqUaN2"
1090709987947622400,15572679,2516,65308,579,929,97243,2008-07-23 21:30:49,0,1,2019-01-30 20:35:00,"The recall, prompted by Listeria monocytogenes concerns, covers fruit from a firm that's sold in many retail stores… https://t.co/miCU540m4f"
1090702438707929088,15572679,2516,65308,579,929,97243,2008-07-23 21:30:49,0,0,2019-01-30 20:05:00,William Martindale III of Bartram Park Boulevard was arrested on a warrant for leaving the scene of a crash involvi… https://t.co/FVJaJksx2b
1090694888792997888,15572679,2516,65308,579,929,97243,2008-07-23 21:30:49,0,0,2019-01-30 19:35:00,"A deadly arctic deep freeze enveloped the Midwest with record-breaking temperatures on Wednesday, triggering widesp… https://t.co/AeyCaGocH6"
1090687338685087744,15572679,2516,65308,579,929,97243,2008-07-23 21:30:49,2,7,2019-01-30 19:05:00,"Despite an expert's inability to prove guns seen in rap music videos were real, the Jacksonville Sheriff's Office a… https://t.co/ppNmizk1tZ"
1090679789139255297,15572679,2516,65308,579,929,97243,2008-07-23 21:30:49,1,3,2019-01-30 18:35:00,“Perhaps Intelligence should go back to school!” Trump tweeted. https://t.co/w8FYq5CEgt
1090672239182262273,15572679,2516,65308,579,929,97243,2008-07-23 21:30:49,0,2,2019-01-30 18:05:00,"On this date in 1935, the Duval County Armory, the George Washington and Mayflower hotels and the Palace Theater ho… https://t.co/3JxN3fxocc"
1090664689741238272,15572679,2516,65308,579,929,97243,2008-07-23 21:30:49,0,0,2019-01-30 17:35:00,Jacksonville police are investigating the shooting death of a person in the Moncrief Park community. https://t.co/XLvfEySXgN
1090662988758028295,15572679,2516,65308,579,929,97243,2008-07-23 21:30:49,16,0,2019-01-30 17:28:14,"RT @phillip_heilman: Chatted for a few minutes this morning with former #Jaguars RB Maurice Jones-Drew. 

Couple of takeaways: He likes Kyl…"
1090659841725603840,15572679,2516,65308,579,929,97243,2008-07-23 21:30:49,79,0,2019-01-30 17:15:44,RT @conarck: NEW: Prison phone giant Securus Technologies has accused @FL_Corrections of improperly using the procurement process to obtain…
1090657139910213638,15572679,2516,65308,579,929,97243,2008-07-23 21:30:49,0,0,2019-01-30 17:05:00,"JSO gives the mayor a boost, JEA delays and renegades in Riverside. Here's the latest from @NateMonroeTU. #jaxpol https://t.co/FjNgMJbhcD"
1090649590150414336,15572679,2516,65308,579,929,97243,2008-07-23 21:30:49,1,1,2019-01-30 16:35:00,"Left on their own, seasoned House and Senate lawmakers say they could easily reach a border security deal as they h… https://t.co/hZrY9lr5zr"
1090643626856775682,15572679,2516,65308,579,929,97243,2008-07-23 21:30:49,10,0,2019-01-30 16:11:18,RT @phillip_heilman: Maurice Jones-Drew was in Oakland in 2014 when John DeFilippo was QBs coach. Here’s what he thinks about what the #Jag…
1090642049160921099,15572679,2516,65308,579,929,97243,2008-07-23 21:30:49,0,0,2019-01-30 16:05:02,“We are bringing real people to Washington to talk about the real hardship the shutdown is causing in all 50 states… https://t.co/8VoikEP64R
1090634523744845824,15572679,2516,65308,579,929,97243,2008-07-23 21:30:49,3,0,2019-01-30 15:35:08,RT @phillip_heilman: Former #Jaguars QB Brandon Allen has played the Tom Brady role in the Rams' Super Bowl prep. That plus two seasons lea…
1090634490412699648,15572679,2516,65308,579,929,97243,2008-07-23 21:30:49,1,0,2019-01-30 15:35:00,A Jacksonville police officer was hospitalized Tuesday night with serious injuries after a fleeing suspect driving… https://t.co/mEKxTSbnRy
1090633939172147201,15572679,2516,65308,579,929,97243,2008-07-23 21:30:49,4,0,2019-01-30 15:32:48,"RT @CFreemanJAX: In #FirstCoastVarsityWeekly:
* Super Bowl champ to lead @YHS_HornetFB
* A Florida-Georgia preview... at @ohsathletics09?
*…"
1090633925758726144,15572679,2516,65308,579,929,97243,2008-07-23 21:30:49,3,0,2019-01-30 15:32:45,RT @CFreemanJAX: ICYMI: What brings @BK_GBB and @BollesHoops together on the court? The chance to make strides in the fight against cancer…
1090633828836757504,15572679,2516,65308,579,929,97243,2008-07-23 21:30:49,1,0,2019-01-30 15:32:22,RT @TUmarkwoods: I was going to whine about resuming my walk across the largest city in the Lower 48 on such a chilly day. Then I looked at…
1090626940774608897,15572679,2516,65308,579,929,97243,2008-07-23 21:30:49,0,0,2019-01-30 15:05:00,The victim was found lying in a rear parking lot next to a vehicle at the Scottish Inn just south of San Marco. https://t.co/my5qKxWRoy
1090619391195209730,15572679,2516,65308,579,929,97243,2008-07-23 21:30:49,0,1,2019-01-30 14:35:00,"It’s that time of year again: Super Bowl LIII is around the corner.

Here’s what to know about this year’s big game. https://t.co/oKaYp23gjo"
1090596741945135104,15572679,2516,65308,579,929,97243,2008-07-23 21:30:49,1,3,2019-01-30 13:05:00,"Between downtown and Riverside, and laden with pedestrian hazards, the Brooklyn neighborhood presents significant c… https://t.co/8eKlescwQj"
1090589192202215424,15572679,2516,65308,579,929,97243,2008-07-23 21:30:49,0,2,2019-01-30 12:35:00,The cable network announced the move Tuesday.  https://t.co/NAYhQ6QzMA
1090581642299756545,15572679,2516,65308,579,929,97243,2008-07-23 21:30:49,1,7,2019-01-30 12:05:00,"JEA officials will now take two extra months to evaluate where and who will build its new corporate headquarters, a… https://t.co/Z81DaQy5Lr"
1090445746975985664,15572679,2516,65308,579,929,97243,2008-07-23 21:30:49,0,1,2019-01-30 03:05:00,Three victims’ parents from Marjory Stoneman Douglas High and supporters are calling for a boycott of the company b… https://t.co/ixnxWZedPU
1090438197409136640,15572679,2516,65308,579,929,97243,2008-07-23 21:30:49,0,0,2019-01-30 02:35:00,"In a recent interview with Variety, to promote his upcoming TV series “Miracle Workers,” actor Daniel Radcliffe sla… https://t.co/XEv8qElT95"
1090430647976542208,15572679,2516,65308,579,929,97243,2008-07-23 21:30:49,0,1,2019-01-30 02:05:00,"Longtime rivals Bishop Kenny and Bolles join forces in the fight against cancer, while Yulee and Charlton County ad… https://t.co/RAh0ZgJpbQ"
1090423097793146880,15572679,2516,65308,579,929,97243,2008-07-23 21:30:49,0,1,2019-01-30 01:35:00,"The book by Cliff Sims, called “Team of Vipers,” is the latest in a series of insider accounts by journalists and f… https://t.co/wUav09CyiY"
1090415548461170688,15572679,2516,65308,579,929,97243,2008-07-23 21:30:49,0,2,2019-01-30 01:05:00,"""After I had got suspended for that week during training camp, I was like, 'Really, it's time for a new start,'"" fo… https://t.co/9oYifrTo6W"
1090407998630055936,15572679,2516,65308,579,929,97243,2008-07-23 21:30:49,0,0,2019-01-30 00:35:00,The #Patriots and the #Rams will go head to head in Super Bowl LIII on Sunday. Can you answer these questions about… https://t.co/Jpc1LI0LNv
1090400448664743936,15572679,2516,65308,579,929,97243,2008-07-23 21:30:49,1,3,2019-01-30 00:05:00,"Calling homemade music videos done by gangs threats of violence just like the “gang graffiti of the 1980s,” Sheriff… https://t.co/Ah8DcDPUXW"
1090392898632331264,15572679,2516,65308,579,929,97243,2008-07-23 21:30:49,0,0,2019-01-29 23:35:00,"Jan. 29, 1901 | On the day of inauguration of Florida Gov. W.S. Jennings, allegations of the theft of a pig by Jack… https://t.co/vFqyoYsoNb"
1090385349052895233,15572679,2516,65308,579,929,97243,2008-07-23 21:30:49,1,2,2019-01-29 23:05:00,"#Baldwin Mayor Sean Lynch wrote House Bill 309 to attempt to regulate how #CSX, a $62-billion corporation, treats h… https://t.co/atdV9tb5j3"
1090370249604640768,15572679,2516,65308,579,929,97243,2008-07-23 21:30:49,0,3,2019-01-29 22:05:00,"Peter Hans Emery Jr., 69, was caught on surveillance video taking a handful of pills from a bottle he thought to be… https://t.co/Z1t2zntl2a"
1090355149883822080,15572679,2516,65308,579,929,97243,2008-07-23 21:30:49,0,0,2019-01-29 21:05:00,"Nine children battling life-threatening illnesses, along with their mothers enjoyed a Spa day, and dinner as part o… https://t.co/7rjWVCX9rZ"
1090340050469031938,15572679,2516,65308,579,929,97243,2008-07-23 21:30:49,0,0,2019-01-29 20:05:00,"“It wasn’t about MGM, Mandalay Bay or a specific casino or venue,” said Aaron Rouse, the special agent in charge of… https://t.co/jhSep6lwgM"
1090332503632687104,15572679,2516,65308,579,929,97243,2008-07-23 21:30:49,1,0,2019-01-29 19:35:00,"The crime was captured on a stop-motion camera used to document the bears’ activity, and the sow wore a GPS-enabled… https://t.co/RJZ5eA10oj"
1090324953885491200,15572679,2516,65308,579,929,97243,2008-07-23 21:30:49,1,1,2019-01-29 19:05:00,"If you'd planned to say ""I Love You"" or ""Be Mine"" with Sweethearts this Valentine's Day, you'll have to find anothe… https://t.co/k3e5APFYHc"
1090317401093300224,15572679,2516,65308,579,929,97243,2008-07-23 21:30:49,0,1,2019-01-29 18:35:00,A large majority of Americans say they are pessimistic about the state of the country and few expect things will ge… https://t.co/4fCfrArrVC
1090309852428161025,15572679,2516,65308,579,929,97243,2008-07-23 21:30:49,1,0,2019-01-29 18:05:00,An 86-year-old woman who was found beaten unconscious Sunday morning in her Bartram Springs home has died. And her… https://t.co/OuO5fuDK9y
1090302302911574016,15572679,2516,65308,579,929,97243,2008-07-23 21:30:49,0,0,2019-01-29 17:35:00,"Roger Stone, a longtime adviser and confidant of President Donald Trump, pleaded not guilty Tuesday to charges in t… https://t.co/DrFqmMMFmI"
1090294753252556800,15572679,2516,65308,579,929,97243,2008-07-23 21:30:49,6,9,2019-01-29 17:05:00,"Want to know what real wealth feels like? Imagine cutting a $25,000 check to a politician you don't particularly ca… https://t.co/nEI9xk74iD"
1090287202188308480,15572679,2516,65308,579,929,97243,2008-07-23 21:30:49,0,0,2019-01-29 16:35:00,The lack of commitment on the Democratic side comes as Trump appears vulnerable to defeat in a 2020 general electio… https://t.co/5C3kFxOMBA
1090279653259034625,15572679,2516,65308,579,929,97243,2008-07-23 21:30:49,0,1,2019-01-29 16:05:00,The 62-year-old son of an elderly woman who was beaten unconscious Sunday morning in their Bartram Springs home has… https://t.co/w4dPLSZ1XD
1090264555693924355,15572679,2516,65308,579,929,97243,2008-07-23 21:30:49,1,1,2019-01-29 15:05:00,"After traveling the world and becoming world champion in professional stand-up paddle surfing, Sean Poynter has ret… https://t.co/tnOK3gOg5n"
1090257004306804736,15572679,2516,65308,579,929,97243,2008-07-23 21:30:49,1,2,2019-01-29 14:35:00,"Here's how to disable FaceTime on your iPhone, iPad or Mac. Here's why you should do it. Now. https://t.co/FLNjK8bf43"
1090255022565310464,15572679,2516,65308,579,929,97243,2008-07-23 21:30:49,2,0,2019-01-29 14:27:07,"RT @phillip_heilman: ""After I had got suspended for that week during training camp, I was like, 'Really, it's time for a new start,'"" forme…"
1090249456208044032,15572679,2516,65308,579,929,97243,2008-07-23 21:30:49,1,1,2019-01-29 14:05:00,"Ten thoughts from Super Bowl Opening Night, an energetic evening that served as the kickoff party before the Los An… https://t.co/NaOpSiLeyi"
1090241905978413061,15572679,2516,65308,579,929,97243,2008-07-23 21:30:49,0,0,2019-01-29 13:35:00,House Intelligence Committee Chairman Adam Schiff said Monday that Michael Cohen will be appearing voluntarily and… https://t.co/UyCGZ9w5Yb
1090237116406206464,15572679,2516,65308,579,929,97243,2008-07-23 21:30:49,1,0,2019-01-29 13:15:58,RT @phillip_heilman: A few sights and sounds from Super Bowl Opening Night. https://t.co/O3ZEgAft7V
1090234356638060545,15572679,2516,65308,579,929,97243,2008-07-23 21:30:49,0,1,2019-01-29 13:05:00,"As they worked to catch up, employees expressed concern about when they would receive the two paychecks the governm… https://t.co/fzWp8Tw24T"
1090219258213289986,15572679,2516,65308,579,929,97243,2008-07-23 21:30:49,2,5,2019-01-29 12:05:01,Micah’s Backpack Jacksonville provides food for more than 100 underprivileged children who might otherwise go witho… https://t.co/xO3PHIEUwg
1090211707585290241,15572679,2516,65308,579,929,97243,2008-07-23 21:30:49,0,1,2019-01-29 11:35:00,The acting Attorney General did not elaborate or give any timetable for the end of a nearly two-year investigation… https://t.co/pWy3FaJCxY
1090098459737239553,15572679,2516,65308,579,929,97243,2008-07-23 21:30:49,2,5,2019-01-29 04:05:00,“I believe this team has a chance to go to the national championship game and I want to be part of something like t… https://t.co/2NvR2KD7e0
1090090911831388160,15572679,2516,65308,579,929,97243,2008-07-23 21:30:49,0,0,2019-01-29 03:35:00,"Major champions Retief Goosen and Jan Stephenson, former Augusta National Golf Club chairman Billy Payne and trick-… https://t.co/KJEilbnlFU"
1090088849764741120,15572679,2516,65308,579,929,97243,2008-07-23 21:30:49,1,0,2019-01-29 03:26:49,"RT @GeneFrenette: Questions we should be asking about Pro Bowl joke, including that walkthrough practice TD by Ramsey, @TonyBoselli real HO…"
1090088427515756544,15572679,2516,65308,579,929,97243,2008-07-23 21:30:49,110,0,2019-01-29 03:25:08,"RT @kenbabby: Why thanks, Alex! ⁦@JaxShrimp⁩ #affordablefamilyfun https://t.co/O97fVQfYpy"
1090076144030896129,15572679,2516,65308,579,929,97243,2008-07-23 21:30:49,1,4,2019-01-29 02:36:20,“Please keep them and their families in your thoughts and prayers.” https://t.co/ntJDxFdhSj
1090068261834764292,15572679,2516,65308,579,929,97243,2008-07-23 21:30:49,1,0,2019-01-29 02:05:00,"The good news: Shark bites are down worldwide.

The bad news: Four shark bites were reported in Northeast Florida l… https://t.co/ZVHhNzlkSv"
1090060711601098752,15572679,2516,65308,579,929,97243,2008-07-23 21:30:49,0,2,2019-01-29 01:35:00,"Five years after cars, trucks and school buses became marooned on Atlanta freeways in what became known as “snow ja… https://t.co/7LyGU1Hdsg"
1090053161874804736,15572679,2516,65308,579,929,97243,2008-07-23 21:30:49,0,0,2019-01-29 01:05:00,"President Trump has not been to his private club Mar-a-Lago, dubbed the Southern White House, since Thanksgiving we… https://t.co/DECE9paRUw"
1090045612266008576,15572679,2516,65308,579,929,97243,2008-07-23 21:30:49,0,1,2019-01-29 00:35:00,"A 30-year-old orca died Monday at SeaWorld's Orlando park after a brief illness, company officials said. https://t.co/1S6xgWdMG5"
1090038063458385920,15572679,2516,65308,579,929,97243,2008-07-23 21:30:49,1,1,2019-01-29 00:05:00,"The fishermen arrived at an Ocala-area Taco Bell and reported the find, prompting a bomb squad to be sent to carry… https://t.co/YLbhidlXqn"
1090030512591245313,15572679,2516,65308,579,929,97243,2008-07-23 21:30:49,0,0,2019-01-28 23:35:00,Florida Gov. Ron DeSantis moved quickly Monday to find a replacement for one of his top hires who abruptly resigned… https://t.co/JrG4cl71qA
1090022964559515648,15572679,2516,65308,579,929,97243,2008-07-23 21:30:49,2,2,2019-01-28 23:05:01,The man who jumped into a St. Augustine Alligator Farm crocodile pit wearing Crocs has been sentenced to a year in… https://t.co/ABoqQJJZ1z
1090015413340200961,15572679,2516,65308,579,929,97243,2008-07-23 21:30:49,0,1,2019-01-28 22:35:00,It appeared the victim was able to drive a short distance after he was shot before crashing into a chain-link fence… https://t.co/5Dubpy0oFL
1090007864985509888,15572679,2516,65308,579,929,97243,2008-07-23 21:30:49,0,1,2019-01-28 22:05:01,House Speaker Nancy Pelosi has issued a new invitation to President Donald Trump to give his State of the Union spe… https://t.co/qc7V10qLG4
1090000855317794816,15572679,2516,65308,579,929,97243,2008-07-23 21:30:49,1,0,2019-01-28 21:37:09,RT @gsmitter: World Golf Hall of Fame class of 2019 visits St. Augustine https://t.co/JmHK9xIQ24 @jaxdotcom
1090000314000904192,15572679,2516,65308,579,929,97243,2008-07-23 21:30:49,0,1,2019-01-28 21:35:00,Negotiators for the U.S. and the Taliban insurgents have reached “agreements in principle” on key issues for a peac… https://t.co/jqIrBO0ov4
1089992762043310082,15572679,2516,65308,579,929,97243,2008-07-23 21:30:49,0,2,2019-01-28 21:05:00,"PHOTOS | See who we Spotted raising funds for Volunteers in Medicine at Havana Jax Cafe.
https://t.co/6C6G00sHhz"
1089985219715911683,15572679,2516,65308,579,929,97243,2008-07-23 21:30:49,0,1,2019-01-28 20:35:01,President Donald Trump said the odds congressional negotiators will craft a deal to end his border wall standoff wi… https://t.co/d1AzcaSEwZ
1089977664314724363,15572679,2516,65308,579,929,97243,2008-07-23 21:30:49,0,1,2019-01-28 20:05:00,"St. Mary’s was started by a Catholic nun, known as Jacksonville’s Angel of Mercy. Here's the story of its founding… https://t.co/iwUjCDoavj"
1089970114454274048,15572679,2516,65308,579,929,97243,2008-07-23 21:30:49,1,1,2019-01-28 19:35:00,"Stephen Miller, who has pushed Trump to adopt strict policies against legal and illegal immigration, is quoted as s… https://t.co/ROg4Xx8wSJ"
1089962564208001026,15572679,2516,65308,579,929,97243,2008-07-23 21:30:49,11,30,2019-01-28 19:05:00,"“I beg the #Jaguars every week if I can get in on goal line,” Jalen Ramsey said after Sunday's Pro Bowl. “I know I… https://t.co/wZQ2n26AfW"
1089955861718536192,15572679,2516,65308,579,929,97243,2008-07-23 21:30:49,6,0,2019-01-28 18:38:22,RT @JohnReid64: Jalen Ramsey shares his Pro Bowl experience https://t.co/25yfCvTpbx
1089947465225302017,15572679,2516,65308,579,929,97243,2008-07-23 21:30:49,3,4,2019-01-28 18:05:00,What are the odds that a task force with 46 members comes up with meaningful suggestions? That tops today's newslet… https://t.co/qpFzKeDlJV
1089939915889086465,15572679,2516,65308,579,929,97243,2008-07-23 21:30:49,0,0,2019-01-28 17:35:00,The federal government shutdown will cause slight permanent harm to the economy — about $3 billion — according to a… https://t.co/3IMt3gpSp8
1089932366120972288,15572679,2516,65308,579,929,97243,2008-07-23 21:30:49,0,0,2019-01-28 17:05:00,"There were no children on the bus, police say, but it's unclear if the driver was hurt. https://t.co/3BSVl2uAcN"
1089920537692905472,15572679,2516,65308,579,929,97243,2008-07-23 21:30:49,3,8,2019-01-28 16:18:00,"PHOTOS | 33 years ago today, the Space Shuttle Challenger exploded 73 seconds after liftoff, killing all seven crew… https://t.co/OVdiEU4SU4"
1089917264827162624,15572679,2516,65308,579,929,97243,2008-07-23 21:30:49,0,2,2019-01-28 16:05:00,"PHOTOS | See who we spotted at JAX Chamber's134th Annual “Meeting” on Thursday evening. #JaxChamber #ILOVEJAX #DTJAX
https://t.co/HvJdBjbKKu"
1089909716703211520,15572679,2516,65308,579,929,97243,2008-07-23 21:30:49,0,0,2019-01-28 15:35:00,Fox’s live broadcast of the rock musical “Rent” had a chance to show off the flexibility and work ethic of Broadway… https://t.co/a8FU7LcBNB
1089902167400550401,15572679,2516,65308,579,929,97243,2008-07-23 21:30:49,2,2,2019-01-28 15:05:00,"Duval County has some of the oldest school buildings in Florida. At least 56 are in poor or very poor condition, or… https://t.co/BcYFbAGelg"
1089894617179475968,15572679,2516,65308,579,929,97243,2008-07-23 21:30:49,1,1,2019-01-28 14:35:00,"Overall, the president receives low marks from the public for his job handling foreign policy — 35 percent approve,… https://t.co/zHSWpnmYkU"
1089887068518518787,15572679,2516,65308,579,929,97243,2008-07-23 21:30:49,0,1,2019-01-28 14:05:00,A fugitive featured on “America’s Most Wanted” 23 years ago was captured Sunday following a three-hour stand-off Sa… https://t.co/ZSG2TMP6nm
1089879517886328833,15572679,2516,65308,579,929,97243,2008-07-23 21:30:49,1,3,2019-01-28 13:35:00,The win puts “Black Panther” squarely in contention for best picture at the Academy Awards.  https://t.co/QBn6weVxWm
1089871968990609408,15572679,2516,65308,579,929,97243,2008-07-23 21:30:49,1,0,2019-01-28 13:05:00,"Restaurants in this week's report include:
✔ A Japanese steakhouse at the Town Center
✔ Three Murray Hill restauran… https://t.co/WDHLM9OlhW"
1089864419763544065,15572679,2516,65308,579,929,97243,2008-07-23 21:30:49,0,2,2019-01-28 12:35:01,"As the president railed against immigrants coming into the country illegally, a manager at the Trump National Golf… https://t.co/wy3cTozt6F"
1089856870075035651,15572679,2516,65308,579,929,97243,2008-07-23 21:30:49,2,4,2019-01-28 12:05:01,State authorities shut down a Jacksonville bar Sunday following a shooting and subsequent discovery that alcohol wa… https://t.co/3BcDVvTE7T
1089841769091645440,15572679,2516,65308,579,929,97243,2008-07-23 21:30:49,0,0,2019-01-28 11:05:00,An elderly woman and her son are in life-threatening condition after officers found them Sunday in a Bartram Spring… https://t.co/PqG1TQzxrk
1089720971085389824,15572679,2516,65308,579,929,97243,2008-07-23 21:30:49,0,0,2019-01-28 03:05:00,PHOTOS | Fan shots from opening night of  Les Misérables over at the Times-Union Center. See who we Spotted prior t… https://t.co/AUzX6xcqPR
