1094732748021915649,14693499,332,131270,3804,1688,132752,2008-05-07 23:40:04,4,6,2019-02-10 23:00:00,"""I mean, there‚Äôs a chance that it could come from anything.""

@ClemsonFB's Dabo Swinney says the university may hav‚Ä¶ https://t.co/oQBmKepneq"
1094717647252537350,14693499,332,131270,3804,1688,132752,2008-05-07 23:40:04,4,6,2019-02-10 22:00:00,"SC's 15-year-old voting machines are costing tens of thousands of dollars to maintain.

The consensus: the state ne‚Ä¶ https://t.co/FgZHYr58Pr"
1094704152951832582,14693499,332,131270,3804,1688,132752,2008-05-07 23:40:04,0,2,2019-02-10 21:06:23,"Minnesota Sen. @amyklobuchar on Sunday joined the growing group of Democrats jostling to be president.

https://t.co/SVOW4WE0ee"
1094702547623862272,14693499,332,131270,3804,1688,132752,2008-05-07 23:40:04,1,2,2019-02-10 21:00:00,2020 hopeful Sen. Kirsten Gillibrand of New York immersed herself in South Carolina over the weekend to introduce h‚Ä¶ https://t.co/oI4MouRX9D
1094689540369989633,14693499,332,131270,3804,1688,132752,2008-05-07 23:40:04,2,0,2019-02-10 20:08:19,RT @DSladeNews: Purchased by the taxpayers of Charleston .... https://t.co/Px156FWe2X
1094687450503483392,14693499,332,131270,3804,1688,132752,2008-05-07 23:40:04,3,0,2019-02-10 20:00:01,"An income tax credit for responsible but modestly paid adults, the ‚ÄúSaver‚Äôs Credit‚Äù has been around for years but s‚Ä¶ https://t.co/L0toiW4wmz"
1094676104101670913,14693499,332,131270,3804,1688,132752,2008-05-07 23:40:04,16,0,2019-02-10 19:14:55,RT @AndyShain: Happy Sunday from first 2020 primary state in the South: Stage ready for Sen. @CoryBooker to hold a rural healthcare forum a‚Ä¶
1094672349381545984,14693499,332,131270,3804,1688,132752,2008-05-07 23:40:04,5,3,2019-02-10 19:00:00,"A 252-room hotel could rise in the downtown lot purchased as a potential location for the Charleston School of Law.

https://t.co/g5DAhXRsv8"
1094657250990256128,14693499,332,131270,3804,1688,132752,2008-05-07 23:40:04,1,0,2019-02-10 18:00:01,"Even without Medicaid expansion, SC is expected to spend $7.7B to administer the program to more than 1 million peo‚Ä¶ https://t.co/7APsumrFbd"
1094642152485933057,14693499,332,131270,3804,1688,132752,2008-05-07 23:40:04,1,1,2019-02-10 17:00:01,"SCE&amp;G power bills are frozen solid until 2021, but rate changes are on the horizon.

https://t.co/589lVAm43I"
1094627052207116289,14693499,332,131270,3804,1688,132752,2008-05-07 23:40:04,1,1,2019-02-10 16:00:01,Madra Rua Irish Pub in North Charleston‚Äôs Park Circle was heavily damaged on Saturday after a fire broke out overni‚Ä¶ https://t.co/86RyLLGoHY
1094617326660583430,14693499,332,131270,3804,1688,132752,2008-05-07 23:40:04,2,2,2019-02-10 15:21:22,"A 1,000-home master-planned community is coming to Johns Island.

Details:
https://t.co/JkflI5pukg https://t.co/SjA2KbnVzq"
1094604400113405954,14693499,332,131270,3804,1688,132752,2008-05-07 23:40:04,8,8,2019-02-10 14:30:00,".@TGowdySC went to Congress to improve the justice system. Instead, he became both lightning and rod. 

Now, he's b‚Ä¶ https://t.co/JJcmJBUgVY"
1094601838618443776,14693499,332,131270,3804,1688,132752,2008-05-07 23:40:04,16,0,2019-02-10 14:19:49,RT @gmraynor: Clemson is still investigating where the ostarine in 3 players‚Äô systems came from. It‚Äôs possible the school could have accide‚Ä¶
1094589300262371329,14693499,332,131270,3804,1688,132752,2008-05-07 23:40:04,4,6,2019-02-10 13:30:00,"Does Drayton Hall have the finest piece of colonial furniture in the entire United States?

Quite possibly.

https://t.co/G0morNzPBl"
1094574200608575489,14693499,332,131270,3804,1688,132752,2008-05-07 23:40:04,6,8,2019-02-10 12:30:00,"""This is something that has to be done. The cost of not doing it is astronomical.""

Take a look inside Charleston's‚Ä¶ https://t.co/ZuIo02rtDq"
1094445855304609792,14693499,332,131270,3804,1688,132752,2008-05-07 23:40:04,0,1,2019-02-10 04:00:00,"Society 1858 celebrated its tenth anniversary at the Gibbes this weekend.

See the event in photos:

https://t.co/14bxNQjAxk"
1094430756196077568,14693499,332,131270,3804,1688,132752,2008-05-07 23:40:04,0,3,2019-02-10 03:00:00,"What's your favorite type of bird? üê¶

You can see a full collection of some of our readers' favorites in this week'‚Ä¶ https://t.co/q2XnZ8Ua2T"
1094415657091952640,14693499,332,131270,3804,1688,132752,2008-05-07 23:40:04,2,3,2019-02-10 02:00:00,"‚ÄúIt is rare to jump before you‚Äôre pushed.‚Äù

Understanding the rise and subsequent devolution of @TGowdySC, congress‚Ä¶ https://t.co/Y0wWNn5rgh"
1094400558692065280,14693499,332,131270,3804,1688,132752,2008-05-07 23:40:04,7,12,2019-02-10 01:00:00,"""He just really had an insight into the growth of Charleston with respect to race.""

Remembering Fred Stroble, a Ch‚Ä¶ https://t.co/QjmxM1FCKG"
1094385459956985861,14693499,332,131270,3804,1688,132752,2008-05-07 23:40:04,3,10,2019-02-10 00:00:01,"The 787 Dreamliner has been turning a profit for years now, but @Boeing thinks there‚Äôs plenty of cash left to squee‚Ä¶ https://t.co/pIhfynN2VA"
1094370358629519361,14693499,332,131270,3804,1688,132752,2008-05-07 23:40:04,1,1,2019-02-09 23:00:00,"Developers in Charleston completed 6.3 million square feet of new industrial space in 2018.

Another 2.3 million sq‚Ä¶ https://t.co/DG4z5qETeK"
1094355259101569025,14693499,332,131270,3804,1688,132752,2008-05-07 23:40:04,0,3,2019-02-09 22:00:00,"This spring, Charleston will be packed with tourists seeking housing and accommodations.

One tip to help you find‚Ä¶ https://t.co/fpR9isqEfE"
1094347708343697408,14693499,332,131270,3804,1688,132752,2008-05-07 23:40:04,0,0,2019-02-09 21:30:00,"If you're even just a little superstitious, you should be able to master this week's trivia quiz. üò¨

https://t.co/16GG5DbWtb"
1094332608593326080,14693499,332,131270,3804,1688,132752,2008-05-07 23:40:04,2,0,2019-02-09 20:30:00,"The so-called base rates on SCE&amp;G power bills are frozen solid until 2021.

But the company's new owner is prepping‚Ä¶ https://t.co/mNbEz59hvW"
1094317510000730112,14693499,332,131270,3804,1688,132752,2008-05-07 23:40:04,5,5,2019-02-09 19:30:00,It‚Äôs hard to understand @TGowdySC ‚Äî or why he left politics ‚Äî without understanding his relationship with a courtro‚Ä¶ https://t.co/w2MHC0IZFu
1094302411370520578,14693499,332,131270,3804,1688,132752,2008-05-07 23:40:04,1,3,2019-02-09 18:30:00,"Mount Pleasant officials are seeking support to move Crab Bank farther away from Shem Creek.

More:

https://t.co/k5IQD9UxNt"
1094287312685551620,14693499,332,131270,3804,1688,132752,2008-05-07 23:40:04,1,4,2019-02-09 17:30:00,"A new 1,000-home master-planned community is underway on Johns Island.

The project involves a total of 9 different‚Ä¶ https://t.co/ZKC54t9XGt"
1094272748250152960,14693499,332,131270,3804,1688,132752,2008-05-07 23:40:04,411,553,2019-02-09 16:32:08,NEW: @ClemsonFB's Dabo Swinney says the university may have mistakenly given players illegal performance-enhancing‚Ä¶ https://t.co/MvI9KtYhTA
1094257112241324033,14693499,332,131270,3804,1688,132752,2008-05-07 23:40:04,7,5,2019-02-09 15:30:00,"140 feet below the Septima P. Clark Parkway you'll find massive drainage tunnels, that, when completed, will be abl‚Ä¶ https://t.co/ceX486p2nk"
1094243070084812800,14693499,332,131270,3804,1688,132752,2008-05-07 23:40:04,2,1,2019-02-09 14:34:12,One person was rescued early this morning after a structure fire at a bar in North Charleston's Park Circle area.‚Ä¶ https://t.co/hcV4n76irh
1094226913407787011,14693499,332,131270,3804,1688,132752,2008-05-07 23:40:04,9,29,2019-02-09 13:30:00,"""I think it's time for hunters and other sportsmen to go to war with coyotes.""

A South Carolina legislator is call‚Ä¶ https://t.co/Rvs0CngRVm"
1094211814554972160,14693499,332,131270,3804,1688,132752,2008-05-07 23:40:04,4,14,2019-02-09 12:30:00,"‚ÄúIf everything goes according to our plan, we‚Äôll be walking across that bridge in 2020.‚Äù

North Charleston is build‚Ä¶ https://t.co/AHKTCmUMiC"
1094204270679752704,14693499,332,131270,3804,1688,132752,2008-05-07 23:40:04,2,2,2019-02-09 12:00:02,"Two of South Carolina's largest banks are merging and shifting operations to Charlotte.

It will serve more than 10‚Ä¶ https://t.co/aMc1ui37nR"
1094070526664949760,14693499,332,131270,3804,1688,132752,2008-05-07 23:40:04,3,12,2019-02-09 03:08:35,.@SenatorTimScott called on Virginia to better address racial issues after separate incidents of racist photos of‚Ä¶ https://t.co/XekhxRjbME
1094069244986314752,14693499,332,131270,3804,1688,132752,2008-05-07 23:40:04,2,0,2019-02-09 03:03:29,"RT @MaryCaitlinByrd: NEW: U.S. Sen. Tim Scott calls on Virginia to address its ""obvious looming"" racial scandal https://t.co/rxOxJMDZHl #sc‚Ä¶"
1094053270002184193,14693499,332,131270,3804,1688,132752,2008-05-07 23:40:04,1,7,2019-02-09 02:00:00,"There's a new Italian restaurant headed to Johns Island.

The space will offer seating for 40, plus a bar and patio‚Ä¶ https://t.co/Kye2rgacnm"
1094038168708345856,14693499,332,131270,3804,1688,132752,2008-05-07 23:40:04,0,1,2019-02-09 01:00:00,"A proposed ‚Äúpop up hotel‚Äù plan at Charleston‚Äôs rising WestEdge development is over.

By operating temporary lodging‚Ä¶ https://t.co/vf7sx2Ikzk"
1094023069054562305,14693499,332,131270,3804,1688,132752,2008-05-07 23:40:04,0,4,2019-02-09 00:00:00,"""The menu is like 80% the same, except we tore up the recipes.""

Take a fresh look at downtown Charleston's Monza b‚Ä¶ https://t.co/D0ME1L1Z2Q"
1094007969686188034,14693499,332,131270,3804,1688,132752,2008-05-07 23:40:04,8,12,2019-02-08 23:00:00,.@JoeCunninghamSC does not have a professional engineers license in South Carolina. He does have a degree in ocean‚Ä¶ https://t.co/Yg97cj6mjt
1093992874574839808,14693499,332,131270,3804,1688,132752,2008-05-07 23:40:04,9,52,2019-02-08 22:00:01,"""Now we just need fate to smile on us and allow him to stay healthy. But if he does, he's one of the premier player‚Ä¶ https://t.co/l6imwss9OR"
1093977772391915520,14693499,332,131270,3804,1688,132752,2008-05-07 23:40:04,0,1,2019-02-08 21:00:00,"A 35-year-old North Charleston man killed in an apartment shooting Monday has been identified.

A woman in another‚Ä¶ https://t.co/2UfRwFmWte"
1093970864134074369,14693499,332,131270,3804,1688,132752,2008-05-07 23:40:04,4,3,2019-02-08 20:32:33,A bounty on coyotes ‚Äî a controversial proposal the state already passed on once ‚Äî is back on the table for the curr‚Ä¶ https://t.co/VmpEG9PnsL
1093962674449379329,14693499,332,131270,3804,1688,132752,2008-05-07 23:40:04,3,8,2019-02-08 20:00:01,2020 presidential hopeful @KamalaHarris has hired a Democratic operative from South Carolina as her deputy politica‚Ä¶ https://t.co/xYljx7bxA5
1093955121728282624,14693499,332,131270,3804,1688,132752,2008-05-07 23:40:04,2,1,2019-02-08 19:30:00,A North Charleston high school sent home nearly 100 kids this week for fevers and additional signs associated with‚Ä¶ https://t.co/Eh3A25eE2r
1093947573986123778,14693499,332,131270,3804,1688,132752,2008-05-07 23:40:04,2,2,2019-02-08 19:00:00,The NCAA has given @ClemsonFB an extension for its appeal on a performance enhancing drug case in which 3 football‚Ä¶ https://t.co/7c5V60zDNL
1093940022921838594,14693499,332,131270,3804,1688,132752,2008-05-07 23:40:04,19,72,2019-02-08 18:30:00,"""South Carolina is a hard nut to crack for a Democrat, and nobody knows that better than me.""

Former S.C. Democrat‚Ä¶ https://t.co/IMwJtSJgBl"
1093932724501598211,14693499,332,131270,3804,1688,132752,2008-05-07 23:40:04,41,36,2019-02-08 18:01:00,"The Orangeburg Massacre was the bloodiest civil rights event in South Carolina history.

At least 28 students were‚Ä¶ https://t.co/Qk5kYmIA1t"
1093925677621960705,14693499,332,131270,3804,1688,132752,2008-05-07 23:40:04,2,3,2019-02-08 17:33:00,"After 2 national titles in 3 years, @ClemsonFB's assistants were due for hefty raises.

@gmraynor breaks down their‚Ä¶ https://t.co/LSUU17j0Mp"
1093918883319304193,14693499,332,131270,3804,1688,132752,2008-05-07 23:40:04,6,5,2019-02-08 17:06:00,"North Charleston plans to start work this year on a pedestrian bridge across Noisette Creek.

The $6 million projec‚Ä¶ https://t.co/d4eElnIymV"
1093911309144477699,14693499,332,131270,3804,1688,132752,2008-05-07 23:40:04,1,0,2019-02-08 16:35:54,"In today's @postandcourier web edition:

- 51st anniversary of Orangeburg Massacre 
- What's up with our elected of‚Ä¶ https://t.co/CIQ2g1c4wX"
1093910830070943745,14693499,332,131270,3804,1688,132752,2008-05-07 23:40:04,0,2,2019-02-08 16:34:00,"Despite concerns that a minor league football system might pluck the most talented players from college rosters,‚Ä¶ https://t.co/UneVJQNLv1"
1093904538396807168,14693499,332,131270,3804,1688,132752,2008-05-07 23:40:04,2,2,2019-02-08 16:09:00,"Hurricane Florence was one of the most costly disasters in 2018.

Its estimated cost was $5.3 billion more than the‚Ä¶ https://t.co/eJnPxsZyAl"
1093897503966093312,14693499,332,131270,3804,1688,132752,2008-05-07 23:40:04,1,3,2019-02-08 15:41:03,"A longtime Connecticut pizzeria is headed to Charleston later this year. üçï

Check it out:

https://t.co/caSeaxrUY4"
1093890193893912576,14693499,332,131270,3804,1688,132752,2008-05-07 23:40:04,5,6,2019-02-08 15:12:00,"""I just want equity. Whatever you do for Broad Street I want for the East Side.""

Have some thoughts on racial bias‚Ä¶ https://t.co/ygwDNF6VaX"
1093882895985451008,14693499,332,131270,3804,1688,132752,2008-05-07 23:40:04,0,1,2019-02-08 14:43:00,A controversial plan for easing traffic in Mount Pleasant ‚Äî running a 5-lane road through several subdivisions and‚Ä¶ https://t.co/eFIdKarUWs
1093875605353959425,14693499,332,131270,3804,1688,132752,2008-05-07 23:40:04,0,1,2019-02-08 14:14:02,"Monza in downtown Charleston is reopening to customers next week.

Ahead of its launch, check out the redesigned di‚Ä¶ https://t.co/5uUPmjwWha"
1093868223165067264,14693499,332,131270,3804,1688,132752,2008-05-07 23:40:04,3,7,2019-02-08 13:44:42,U.S. Senator and presidential candidate @KamalaHarris has hired a top Democratic operative from South Carolina who‚Ä¶ https://t.co/kDYDLXaMKn
1093864448362713090,14693499,332,131270,3804,1688,132752,2008-05-07 23:40:04,430,0,2019-02-08 13:29:42,"RT @MaryCaitlinByrd: Today marks 51 years since the Orangeburg Massacre, the bloodiest civil rights event in South Carolina‚Äôs history. 

La‚Ä¶"
1093849424890085378,14693499,332,131270,3804,1688,132752,2008-05-07 23:40:04,4,7,2019-02-08 12:30:00,"Plans to build a 5-lane road through several Mount Pleasant subdivisions have been scrapped by Charleston County.

https://t.co/xU0RufULTX"
1093841877332152320,14693499,332,131270,3804,1688,132752,2008-05-07 23:40:04,4,5,2019-02-08 12:00:00,A newspaper heiress who made international headlines after being kidnapped in 1974 has purchased a $2.4M home in Ch‚Ä¶ https://t.co/HdII9gtt9e
1093834327081639936,14693499,332,131270,3804,1688,132752,2008-05-07 23:40:04,1,1,2019-02-08 11:30:00,The redesigned S60 sedan that @volvocars builds near Charleston accounted for nearly one-fourth of its U.S. sales l‚Ä¶ https://t.co/lzLNTFmK83
1093705979777241088,14693499,332,131270,3804,1688,132752,2008-05-07 23:40:04,0,1,2019-02-08 03:00:00,"You can be an extra right now in 2 Charleston-filmed TV shows.

https://t.co/nPqZkrHV7o"
1093698430696914944,14693499,332,131270,3804,1688,132752,2008-05-07 23:40:04,0,4,2019-02-08 02:30:00,Lucky for @JoeCunninghamSC ‚Äî looks like it‚Äôs political free speech in South Carolina to call yourself an ocean engi‚Ä¶ https://t.co/prVgeM6ZvL
1093690883139035137,14693499,332,131270,3804,1688,132752,2008-05-07 23:40:04,0,1,2019-02-08 02:00:00,"Patty Hearst, the newspaper heiress internationally known for being kidnapped in 1974, now owns a $2.4M home on Cha‚Ä¶ https://t.co/fQ9QYUL8HW"
1093683330401423363,14693499,332,131270,3804,1688,132752,2008-05-07 23:40:04,6,9,2019-02-08 01:30:00,A top donor to @henrymcmaster's governor campaign is under scrutiny as part of a federal investigation into‚Ä¶ https://t.co/2X3KNGDXjI
1093675781664890880,14693499,332,131270,3804,1688,132752,2008-05-07 23:40:04,3,2,2019-02-08 01:00:00,"Florence ranks as the 2nd-most-expensive natural disaster of 2018, NOAA says.

Estimated at $24 billion, that's abo‚Ä¶ https://t.co/mo6AvVI8wE"
1093668230865010688,14693499,332,131270,3804,1688,132752,2008-05-07 23:40:04,1,1,2019-02-08 00:30:00,"2 of SC‚Äôs biggest banks are combining to create what's projected to be the 6th-largest in the US.

https://t.co/1mktJMpq86"
1093660683789586432,14693499,332,131270,3804,1688,132752,2008-05-07 23:40:04,8,14,2019-02-08 00:00:00,"By midday Thursday, it was officially hotter in SC than ever for this early in February.

Friday‚Äôs high will be clo‚Ä¶ https://t.co/hgB5VrJWtU"
1093655268221689856,14693499,332,131270,3804,1688,132752,2008-05-07 23:40:04,3,0,2019-02-07 23:38:29,"RT @jslovegrove: In the months after a VIP meeting in Greenville with Trump and McMaster, Zuberi ‚Äúindicated to the governor‚Äôs office that h‚Ä¶"
1093655234046500865,14693499,332,131270,3804,1688,132752,2008-05-07 23:40:04,10,11,2019-02-07 23:38:21,A top donor to @henrymcmaster's campaign has come under scrutiny as part of a federal investigation into‚Ä¶ https://t.co/uYyVp5BQRk
1093649356715147269,14693499,332,131270,3804,1688,132752,2008-05-07 23:40:04,1,0,2019-02-07 23:15:00,"The past couple days have seen record-setting highs in Charleston ‚Äî but cooler weather is on the horizon.

https://t.co/VyT6qc1EAq"
1093641806980341760,14693499,332,131270,3804,1688,132752,2008-05-07 23:40:04,1,4,2019-02-07 22:45:00,A controversial proposal to build a 5-lane road through several subdivisions and a county park in Mount Pleasant ha‚Ä¶ https://t.co/uakgvhOT9t
1093630482233778178,14693499,332,131270,3804,1688,132752,2008-05-07 23:40:04,1,2,2019-02-07 22:00:00,"Looking for that big break? It could start right here in Charleston.

You can be an extra right now in 2 TV shows:

https://t.co/IEupDqPCu9"
1093626358574534657,14693499,332,131270,3804,1688,132752,2008-05-07 23:40:04,357,0,2019-02-07 21:43:37,RT @jslovegrove: NEWS: Former @scdp chairman @harrisonjaime forms exploratory committee for #SCSen campaign against @LindseyGrahamSC in 202‚Ä¶
1093622318008594433,14693499,332,131270,3804,1688,132752,2008-05-07 23:40:04,16,68,2019-02-07 21:27:33,Former South Carolina Democratic Party chairman Jaime Harrison has formed an exploratory committee for a Senate cam‚Ä¶ https://t.co/i8Ta175ARr
1093610601673306118,14693499,332,131270,3804,1688,132752,2008-05-07 23:40:04,13,24,2019-02-07 20:41:00,"Patty Hearst, the newspaper heiress internationally known for being kidnapped in 1974, now owns a $2.4 million home‚Ä¶ https://t.co/m24LNiGgHi"
1093600286088839168,14693499,332,131270,3804,1688,132752,2008-05-07 23:40:04,1,2,2019-02-07 20:00:00,The redesigned S60 sedan that @volvocars builds near Charleston accounted for nearly one-fourth of its U.S. sales l‚Ä¶ https://t.co/wuwYE9pjoK
1093593138365714432,14693499,332,131270,3804,1688,132752,2008-05-07 23:40:04,4,6,2019-02-07 19:31:36,"The high temperature reached 80 degrees this afternoon, breaking a 20-year-old record.

https://t.co/VyT6qc1EAq"
1093585184874610688,14693499,332,131270,3804,1688,132752,2008-05-07 23:40:04,1,2,2019-02-07 19:00:00,"""I love this place. My grandmother and mother used it.""

East Bay True Value Hardware Store, family owned and opera‚Ä¶ https://t.co/JYfXR4YzbW"
1093577634548776962,14693499,332,131270,3804,1688,132752,2008-05-07 23:40:04,3,10,2019-02-07 18:30:00,".@JoeCunninghamSC drew multiple complaints for describing himself as an ‚Äúocean engineer‚Äù in his 2018 campaign.

It'‚Ä¶ https://t.co/biJdrb4ozf"
1093570089478017024,14693499,332,131270,3804,1688,132752,2008-05-07 23:40:04,2,0,2019-02-07 18:00:01,"A Nashville-based retailer of eclectic merchandise, apparel, houseware and more is headed to King Street.

More in‚Ä¶ https://t.co/cKyqcBqy0G"
1093562732698316800,14693499,332,131270,3804,1688,132752,2008-05-07 23:40:04,2,0,2019-02-07 17:30:47,"RT @MaryCaitlinByrd: Are you signed up for the Palmetto Politics newsletter? If so, you know:
- GOP voters want to see Mark Sanford and Kat‚Ä¶"
1093562537763840000,14693499,332,131270,3804,1688,132752,2008-05-07 23:40:04,7,7,2019-02-07 17:30:01,She was kidnapped in 1974 by a leftist guerrilla organization and then imprisoned for crimes she was accused of com‚Ä¶ https://t.co/HuIysWn6oX
1093555236805828608,14693499,332,131270,3804,1688,132752,2008-05-07 23:40:04,3,21,2019-02-07 17:01:00,"The son of an Emanuel AME church shooting victim was offered the chance at a free dream wedding.

Now he'll be tyin‚Ä¶ https://t.co/XlRzzao40U"
1093548945287057408,14693499,332,131270,3804,1688,132752,2008-05-07 23:40:04,1,0,2019-02-07 16:36:00,"Black History Month events are in full swing, and Valentine's Day is right around the corner.

Let us help you plan‚Ä¶ https://t.co/vIXFszdOv7"
1093543207017820161,14693499,332,131270,3804,1688,132752,2008-05-07 23:40:04,4,2,2019-02-07 16:13:12,"2 of the biggest banks in South Carolina are combining to form the 6th-largest bank in the U.S.

https://t.co/3cH82K98YJ"
1093534852194824197,14693499,332,131270,3804,1688,132752,2008-05-07 23:40:04,10,27,2019-02-07 15:40:00,A South Carolina senator has reintroduced legislation that would ban ‚Äî and possibly criminalize ‚Äî abortions in the‚Ä¶ https://t.co/jOBMbcaK7a
1093528561263099910,14693499,332,131270,3804,1688,132752,2008-05-07 23:40:04,0,0,2019-02-07 15:15:00,Berkeley County deputies have arrested a man in the slaying of a 17-year-old who was found shot to death in a drive‚Ä¶ https://t.co/YgF70kZQ4r
1093521011834798081,14693499,332,131270,3804,1688,132752,2008-05-07 23:40:04,0,2,2019-02-07 14:45:00,"What‚Äôs the timetable for building I-526?

The controversial $720 million project is on again, and work is underway‚Ä¶ https://t.co/vDpHWUQx5T"
1093513817328443393,14693499,332,131270,3804,1688,132752,2008-05-07 23:40:04,31,30,2019-02-07 14:16:25,"Isaac Woodard, a decorated African-American veteran of World War II, had his eyes gouged out in a small South Carol‚Ä¶ https://t.co/xMasXsm1lS"
1093505585419640832,14693499,332,131270,3804,1688,132752,2008-05-07 23:40:04,0,1,2019-02-07 13:43:42,"‚ÄúWe never wanted to compete with the big kids, just feed them on their days off.""

goat.sheep.cow North has confide‚Ä¶ https://t.co/3PVhnb6pZg"
1093494589523197953,14693499,332,131270,3804,1688,132752,2008-05-07 23:40:04,1,2,2019-02-07 13:00:00,"‚ÄúIt‚Äôs not an an easy transition, there‚Äôs going to be a lot more work ahead of us.""

SC lawmakers could take all yea‚Ä¶ https://t.co/ryjfzi0O5g"
1093487038093901824,14693499,332,131270,3804,1688,132752,2008-05-07 23:40:04,1,0,2019-02-07 12:30:00,"If there was a Mark Sanford-Katie Arrington rematch in 2020, it would be neck and neck, a new poll shows.

https://t.co/icEoiojODY"
1093479487474462720,14693499,332,131270,3804,1688,132752,2008-05-07 23:40:04,0,0,2019-02-07 12:00:00,"A jury this week ruled in favor of engineering firm S&amp;ME Inc. in a lawsuit filed by the State Ports Authority.

The‚Ä¶ https://t.co/S5WBmgb3Xw"
1093471938205253632,14693499,332,131270,3804,1688,132752,2008-05-07 23:40:04,1,4,2019-02-07 11:30:00,".@BriHicks_PandC column: Locals have helped to ensure the GOP Black History Month banquet becomes tradition.

""It i‚Ä¶ https://t.co/LkfUhQ6EoT"
1093343593970814976,14693499,332,131270,3804,1688,132752,2008-05-07 23:40:04,3,3,2019-02-07 03:00:00,"Where can you get great New England lobster in Charleston?

It's tough to find down here, but there are a few optio‚Ä¶ https://t.co/4dQxs5M9Ua"
1093336041937764352,14693499,332,131270,3804,1688,132752,2008-05-07 23:40:04,2,1,2019-02-07 02:30:00,"Our @chasscene team donned magnifying glasses, grabbed notepads and investigated Charleston's 2 murder mystery thea‚Ä¶ https://t.co/6inqd3M9ys"
1093328493465591809,14693499,332,131270,3804,1688,132752,2008-05-07 23:40:04,6,15,2019-02-07 02:00:00,"As a 30-year-old Charleston hardware store relocates, residents worry about their changing peninsula amid gentrific‚Ä¶ https://t.co/3xxP6vBbsw"
1093320942829387788,14693499,332,131270,3804,1688,132752,2008-05-07 23:40:04,1,1,2019-02-07 01:30:00,Berkeley County has released findings ‚Äî including possible fixes ‚Äî for the rotten egg odor wafting out of a landfil‚Ä¶ https://t.co/lR8VpMUXGB
1093313394608762880,14693499,332,131270,3804,1688,132752,2008-05-07 23:40:04,0,2,2019-02-07 01:00:00,"Mark Sanford vs. Katie Arrington would be a very competitive rematch, a new poll shows.

https://t.co/TflMWWDb7t"
1093305844723200000,14693499,332,131270,3804,1688,132752,2008-05-07 23:40:04,7,21,2019-02-07 00:30:00,"An SC group recently bought a 328-acre tract along industrial I-26, connecting one of the last missing links of pro‚Ä¶ https://t.co/787xVhIGj5"
1093294518814818305,14693499,332,131270,3804,1688,132752,2008-05-07 23:40:04,8,3,2019-02-06 23:45:00,"Since reforms passed in 2015, South Carolina has lost its ignominious distinction as the nation‚Äôs deadliest state f‚Ä¶ https://t.co/5HMwOhUFPF"
1093283196744028160,14693499,332,131270,3804,1688,132752,2008-05-07 23:40:04,2,4,2019-02-06 23:00:00,"You can't beat New England when it comes to lobster, but Charleston's got a couple notable spots for it too.

https://t.co/4zGIArQ85o"
1093271869405315073,14693499,332,131270,3804,1688,132752,2008-05-07 23:40:04,1,9,2019-02-06 22:15:00,A North Charleston police officer welcomed an unexpected member to his family this week: A kitten he had rescued fr‚Ä¶ https://t.co/hyWIeuXt5Y
1093264319645503488,14693499,332,131270,3804,1688,132752,2008-05-07 23:40:04,3,7,2019-02-06 21:45:00,"Charleston‚Äôs International African American Museum is now within months of breaking ground.

But locals still have‚Ä¶ https://t.co/1Y5Ysre3pV"
1093253907504119813,14693499,332,131270,3804,1688,132752,2008-05-07 23:40:04,3,7,2019-02-06 21:03:37,"2018 was the fourth-warmest year on record behind 2016, 2015 and 2017.

The next 5 years could be even hotter.

https://t.co/TbT7OZsrds"
1093245445109800960,14693499,332,131270,3804,1688,132752,2008-05-07 23:40:04,0,1,2019-02-06 20:30:00,"The #Grammys are Sunday. 

Meet some of the Charleston musicians who almost made it:

https://t.co/mESTKxmPzq"
1093237899149987840,14693499,332,131270,3804,1688,132752,2008-05-07 23:40:04,0,1,2019-02-06 20:00:01,"After 19 years, The Charleston Angler fishing shop is closing down its West Ashley store and moving online.
 
https://t.co/X9hqCZXuqc"
1093230349038030848,14693499,332,131270,3804,1688,132752,2008-05-07 23:40:04,1,3,2019-02-06 19:30:01,"After signing 27 players in December, @ClemsonFB added just 2 more to the already-loaded 2019 class Wednesday.

One‚Ä¶ https://t.co/9klUg60o0C"
1093222797017403392,14693499,332,131270,3804,1688,132752,2008-05-07 23:40:04,4,8,2019-02-06 19:00:00,"The son of a Mother Emanuel AME Church shooting victim is getting married this month. 

And he‚Äôs tying the knot liv‚Ä¶ https://t.co/3fHkOyDv99"
1093215246276329473,14693499,332,131270,3804,1688,132752,2008-05-07 23:40:04,2,3,2019-02-06 18:30:00,"Few things can set a neighborhood off like tree trimming by a utility. 

Before SCE&amp;G starts pruning 70 miles of Ch‚Ä¶ https://t.co/6eVSqcQVKN"
1093207698189869056,14693499,332,131270,3804,1688,132752,2008-05-07 23:40:04,2,0,2019-02-06 18:00:00,"Just months away from breaking ground, the International African American Museum is seeking public input in a new 4‚Ä¶ https://t.co/2MLTSKnprP"
1093200148497260544,14693499,332,131270,3804,1688,132752,2008-05-07 23:40:04,0,0,2019-02-06 17:30:00,"SCE&amp;G is pruning 70 total miles of trees in the Charleston area this month.

See how your neighborhood will be affe‚Ä¶ https://t.co/xKnM6MVl0D"
1093192602273361921,14693499,332,131270,3804,1688,132752,2008-05-07 23:40:04,0,1,2019-02-06 17:00:01,"Keep tabs on all @GamecockFB updates during signing day here:

https://t.co/vCyYGPqGku"
1093185047228829696,14693499,332,131270,3804,1688,132752,2008-05-07 23:40:04,2,1,2019-02-06 16:30:00,"Of South Carolina's 61 hospitals, MUSC is the only one that performs heart transplants.

The program is still in it‚Ä¶ https://t.co/oePZAbyF9e"
1093177749651509249,14693499,332,131270,3804,1688,132752,2008-05-07 23:40:04,0,2,2019-02-06 16:01:00,"Charleston isn't exactly lobster country ‚Äî but if you're looking to satisfy that New England craving, we've got som‚Ä¶ https://t.co/jPtGyjGB0e"
1093166424724365312,14693499,332,131270,3804,1688,132752,2008-05-07 23:40:04,2,3,2019-02-06 15:16:00,"The Charleston County Public Library has an art gallery that highlights a new local artist each month.

Take a look‚Ä¶ https://t.co/vvazXf8BNG"
1093158875094794240,14693499,332,131270,3804,1688,132752,2008-05-07 23:40:04,0,0,2019-02-06 14:46:00,"Coming off a national championship and heading into signing day, @ClemsonFB and Dabo Swinney have had a lot of succ‚Ä¶ https://t.co/2Ryrb7Fey1"
1093151828706017280,14693499,332,131270,3804,1688,132752,2008-05-07 23:40:04,2,0,2019-02-06 14:18:00,"James Rozier, whose long tenure as Berkeley County supervisor made him the face of the county for more than a decad‚Ä¶ https://t.co/OwRpLxRKkg"
1093143553914667009,14693499,332,131270,3804,1688,132752,2008-05-07 23:40:04,0,1,2019-02-06 13:45:07,"""My budget will ask Democrats and Republicans to make the needed commitment to eliminate the HIV epidemic in the Un‚Ä¶ https://t.co/zegcYBb6Vk"
1093132200386617346,14693499,332,131270,3804,1688,132752,2008-05-07 23:40:04,0,4,2019-02-06 13:00:00,"After a tough year, Charleston's ‚Äòmakerspace‚Äô has reopened at Citadel Mall.

https://t.co/Rh17BX4tCi"
1093124649255284739,14693499,332,131270,3804,1688,132752,2008-05-07 23:40:04,2,2,2019-02-06 12:30:00,Berkeley County is still trying to find a way to reduce or eliminate the 'rotten egg' smell the county believes is‚Ä¶ https://t.co/kXf0SIPyTw
1093117100418351105,14693499,332,131270,3804,1688,132752,2008-05-07 23:40:04,1,2,2019-02-06 12:00:00,"Since its fiscal year started last July, the Port of Charleston has seen a growth of 12.5% over the same period a y‚Ä¶ https://t.co/iWQUr6NTAO"
1093109550041853952,14693499,332,131270,3804,1688,132752,2008-05-07 23:40:04,0,1,2019-02-06 11:30:00,"Editorial: Keep all Santee Cooper options on the table

https://t.co/juLwiuxXJR"
1092981204125655040,14693499,332,131270,3804,1688,132752,2008-05-07 23:40:04,1,4,2019-02-06 03:00:00,"Submissions are now open for the ‚ÄúBest in Show‚Äù 60-second horror challenge.

The rules are simple: submit a horror‚Ä¶ https://t.co/vq4IbcEKnk"
1092973654848299008,14693499,332,131270,3804,1688,132752,2008-05-07 23:40:04,0,1,2019-02-06 02:30:00,"The Tigers will wrap up their 2019 recruiting class Wednesday on National Signing Day.

A look at Dabo Swinney‚Äôs fo‚Ä¶ https://t.co/NumXKPrBYF"
1092966105801506817,14693499,332,131270,3804,1688,132752,2008-05-07 23:40:04,1,3,2019-02-06 02:00:00,.@RepCunningham has invited a Republican friend to be his guest at tonight‚Äôs #SOTU address: Folly Beach Mayor Tim G‚Ä¶ https://t.co/2KremUf1xh
1092958555806752770,14693499,332,131270,3804,1688,132752,2008-05-07 23:40:04,2,1,2019-02-06 01:30:00,The Catholic Diocese of Charleston originally planned to release the names of priests accused of sexually abusing m‚Ä¶ https://t.co/XowaJblXfl
1092951005849776128,14693499,332,131270,3804,1688,132752,2008-05-07 23:40:04,2,4,2019-02-06 01:00:00,"At South Carolina's largest coal-burning power plant, converting to natural gas could cut emissions ‚Äî and about 90%‚Ä¶ https://t.co/n7AYPzkz99"
1092948566841139200,14693499,332,131270,3804,1688,132752,2008-05-07 23:40:04,9,0,2019-02-06 00:50:18,"RT @jslovegrove: Here‚Äôs Folly Beach Mayor Tim Goodwin w/ @RepCunningham in his office before they headed down to House chamber. 

‚ÄúJokingly‚Ä¶"
1092943456291426304,14693499,332,131270,3804,1688,132752,2008-05-07 23:40:04,0,0,2019-02-06 00:30:00,"Charleston hospitals warn that you might get unexpected bills after your physical.

Here's why:
https://t.co/4pWWfGgBLf"
1092932130693251072,14693499,332,131270,3804,1688,132752,2008-05-07 23:40:04,2,1,2019-02-05 23:45:00,"Charlotte Russe filed for bankruptcy protection protection this week.

That means shuttering its Northwoods Mall st‚Ä¶ https://t.co/6WxXmaqiWz"
1092925357890699264,14693499,332,131270,3804,1688,132752,2008-05-07 23:40:04,0,4,2019-02-05 23:18:05,"As Clemson heads into Signing Day, a look at Dabo Swinney's philosophies and why they work:

https://t.co/TpKVo9N3nQ"
1092920809838931969,14693499,332,131270,3804,1688,132752,2008-05-07 23:40:04,0,0,2019-02-05 23:00:01,"A veterans‚Äô nursing home in South Carolina has been fined for giving the wrong medication to a resident.

More:

https://t.co/L3ATVcD82X"
1092909481581838338,14693499,332,131270,3804,1688,132752,2008-05-07 23:40:04,0,2,2019-02-05 22:15:00,"‚ÄúIt‚Äôs in our cars. It‚Äôs in our homes. ... It‚Äôs literally invading every space.‚Äù

As residents grow impatient, Berke‚Ä¶ https://t.co/kBk734xaS3"
1092906670823485440,14693499,332,131270,3804,1688,132752,2008-05-07 23:40:04,2,0,2019-02-05 22:03:50,"RT @jslovegrove: As wall funding impasse continues, @LindseyGrahamSC says he wants Trump to ""lay out what would be a good deal for the coun‚Ä¶"
1092898156868763648,14693499,332,131270,3804,1688,132752,2008-05-07 23:40:04,0,2,2019-02-05 21:30:00,"""We are...out here on this limb, really rolling the dice on the guy who's not even a candidate yet. But people are‚Ä¶ https://t.co/nL4wsjP2GH"
1092890612506988545,14693499,332,131270,3804,1688,132752,2008-05-07 23:40:04,2,2,2019-02-05 21:00:01,"Notice some extra charges on your bill after a routine physical? 

Turns out even discussing pre-existing condition‚Ä¶ https://t.co/EBtzAgiHln"
1092885578935283712,14693499,332,131270,3804,1688,132752,2008-05-07 23:40:04,0,0,2019-02-05 20:40:01,Authorities in Berkeley County are investigating the death of a 17-year-old male who was found dead in a driveway t‚Ä¶ https://t.co/M9o9QXttPg
1092878149749297153,14693499,332,131270,3804,1688,132752,2008-05-07 23:40:04,0,2,2019-02-05 20:10:30,"Wiki Wiki Sandbar is the latest addition to Folly Beach's dining scene, but its Hawaiian-inspired cuisine leaves pl‚Ä¶ https://t.co/Yx4mZaKxVz"
1092871229365616640,14693499,332,131270,3804,1688,132752,2008-05-07 23:40:04,2,0,2019-02-05 19:43:00,Decades after the unidentified bodies of a woman and a 10-year-old boy were found in separate states beside a highw‚Ä¶ https://t.co/DWcK24ddZj
1092865232681226241,14693499,332,131270,3804,1688,132752,2008-05-07 23:40:04,3,9,2019-02-05 19:19:10,The commissioning ceremony for one of the Navy‚Äôs newest combat ships will be held in downtown Charleston early next‚Ä¶ https://t.co/PQ9peTt9ZS
1092856633548402688,14693499,332,131270,3804,1688,132752,2008-05-07 23:40:04,2,0,2019-02-05 18:45:00,The Roman Catholic Diocese of Charleston originally planned to make public the names of priests accused of sexually‚Ä¶ https://t.co/iePBfB91Iy
1092849083725856769,14693499,332,131270,3804,1688,132752,2008-05-07 23:40:04,1,1,2019-02-05 18:15:00,"Can you create a compelling horror film in just 60 seconds?

Take the challenge and help benefit the Charleston Ani‚Ä¶ https://t.co/aDdOQARIV8"
1092841534150623234,14693499,332,131270,3804,1688,132752,2008-05-07 23:40:04,2,2,2019-02-05 17:45:00,"Just 3 days after launching his presidential bid, @CoryBooker made 2 key hires in South Carolina.

He's now got top‚Ä¶ https://t.co/UY0qfKWl2r"
1092833987075043333,14693499,332,131270,3804,1688,132752,2008-05-07 23:40:04,0,0,2019-02-05 17:15:01,A national women's apparel chain is closing 3 of its South Carolina stores ‚Äî and nearly 100 across the U.S. ‚Äî in th‚Ä¶ https://t.co/3LmWNIiSUk
1092826434182082560,14693499,332,131270,3804,1688,132752,2008-05-07 23:40:04,2,3,2019-02-05 16:45:00,"The Port of Charleston has notched all-time high cargo records in 11 of the last 13 months.

https://t.co/uVo10BKS6Y"
1092818884539887616,14693499,332,131270,3804,1688,132752,2008-05-07 23:40:04,7,1,2019-02-05 16:15:00,"Going in for a physical exam?

You can expect to see additional charges when discussing pre-existing conditions wit‚Ä¶ https://t.co/oHAYNMWciz"
1092811334738046976,14693499,332,131270,3804,1688,132752,2008-05-07 23:40:04,0,2,2019-02-05 15:45:00,"Mac and cheese without cheese sounds like an oxymoron ‚Äî but one Charleston group is out to prove it works.

Taste f‚Ä¶ https://t.co/jEIeSVu3si"
1092803785460719617,14693499,332,131270,3804,1688,132752,2008-05-07 23:40:04,5,24,2019-02-05 15:15:00,"Could @BetoORourke win the Democratic nomination for president in 2020?

One step further ‚Äî could he beat‚Ä¶ https://t.co/HUp0BH8mSU"
1092802920301633536,14693499,332,131270,3804,1688,132752,2008-05-07 23:40:04,2,0,2019-02-05 15:11:34,"RT @MaryCaitlinByrd: In today's Palmetto Politics newsletter:
-Why 2 SC Democrats are betting on Beto
- Who Joe Cunningham is taking to the‚Ä¶"
1092796487308898304,14693499,332,131270,3804,1688,132752,2008-05-07 23:40:04,4,6,2019-02-05 14:46:00,"Converting to natural gas could cut staff at South Carolina's largest coal-burning power plant by 90%, according to‚Ä¶ https://t.co/lGk6iWfEVR"
1092788434052108289,14693499,332,131270,3804,1688,132752,2008-05-07 23:40:04,7,8,2019-02-05 14:14:00,U.S. @SenatorTimScott is stepping in to headline the Charleston County Republican Party‚Äôs Black History Month event‚Ä¶ https://t.co/xL2fLwN6YA
1092780843540594688,14693499,332,131270,3804,1688,132752,2008-05-07 23:40:04,55,59,2019-02-05 13:43:50,"South Carolina is producing loggerhead sea turtles that are 80% female and 20% male.

How rising beach nest tempera‚Ä¶ https://t.co/wxfoBCSWiT"
1092754712569495552,14693499,332,131270,3804,1688,132752,2008-05-07 23:40:04,13,12,2019-02-05 12:00:00,"Boeing hired nearly 600 people last year at its North Charleston campus to build more Dreamliner jets.

But a coupl‚Ä¶ https://t.co/sN86WN4iHS"
1092747161970847744,14693499,332,131270,3804,1688,132752,2008-05-07 23:40:04,1,5,2019-02-05 11:30:00,"Commentary: Easy, free parking is not the answer to Charleston‚Äôs parking problem.

https://t.co/TwFhbhHxwI"
1092603716644098053,14693499,332,131270,3804,1688,132752,2008-05-07 23:40:04,4,2,2019-02-05 02:00:00,"Good news for Mount Pleasant: Highway 41 could be partially widened by the end of 2020.

https://t.co/w8rwRCg4Bz"
1092596168247398401,14693499,332,131270,3804,1688,132752,2008-05-07 23:40:04,2,2,2019-02-05 01:30:00,"The water in this small town has become infamous in recent months following reports of chemical contamination.

But‚Ä¶ https://t.co/Fr2ha7vgZK"
1092588620165320704,14693499,332,131270,3804,1688,132752,2008-05-07 23:40:04,2,6,2019-02-05 01:00:01,.@LindseyGrahamSC said Monday he is ‚Äúnot very optimistic‚Äù Democrats and Republicans can strike a deal over border w‚Ä¶ https://t.co/mJI3X5ISXC
1092581067817668609,14693499,332,131270,3804,1688,132752,2008-05-07 23:40:04,2,4,2019-02-05 00:30:00,"After MUSC opens a new children's hospital in October, leaders plan to replace its main facilities.

https://t.co/lPzjzzAXYY"
1092571532059176960,14693499,332,131270,3804,1688,132752,2008-05-07 23:40:04,0,1,2019-02-04 23:52:06,North Charleston police are investigating the suspicious shooting death of a man whose body was found inside an apa‚Ä¶ https://t.co/5pjbpPrTqR
1092570141798342656,14693499,332,131270,3804,1688,132752,2008-05-07 23:40:04,1,4,2019-02-04 23:46:35,Charleston will soon hold a commissioning ceremony for its 6th namesake ship as part of the city's upcoming Charles‚Ä¶ https://t.co/FsWzlC18yk
1092558418026483712,14693499,332,131270,3804,1688,132752,2008-05-07 23:40:04,1,2,2019-02-04 23:00:00,"Highway 41 in Mount Pleasant could be partially widened by the end of 2020.

That‚Äôs 5 years earlier than the larger‚Ä¶ https://t.co/oAVxmIdOiq"
1092547093648924672,14693499,332,131270,3804,1688,132752,2008-05-07 23:40:04,13,52,2019-02-04 22:15:00,.@RepCunningham has invited a Republican friend to be his guest at Tuesday‚Äôs State of the Union address: Folly Beac‚Ä¶ https://t.co/W4L9DuRuvc
1092539544338075649,14693499,332,131270,3804,1688,132752,2008-05-07 23:40:04,4,4,2019-02-04 21:45:00,"Residents of this SC town were already worried about the water. 

Now there may be a new threat.

https://t.co/3HtNVLtFRb"
1092534526264467456,14693499,332,131270,3804,1688,132752,2008-05-07 23:40:04,1,0,2019-02-04 21:25:04,"RT @jslovegrove: More from Graham on his reelection bid: 

‚ÄúThe best is yet to come. I‚Äôm getting hopefully better at my job, and I feel goo‚Ä¶"
1092533252903104513,14693499,332,131270,3804,1688,132752,2008-05-07 23:40:04,1,0,2019-02-04 21:20:00,"""I‚Äôm glad I didn‚Äôt suffer any broken bones this time around.‚Äù

For the 3rd year in a row, a Mount Pleasant man moto‚Ä¶ https://t.co/aVFSz4VvQx"
1092525710172925952,14693499,332,131270,3804,1688,132752,2008-05-07 23:40:04,4,2,2019-02-04 20:50:02,"Boeing hired nearly 600 people last year at its North Charleston campus to build more Dreamliner jets.

But a coupl‚Ä¶ https://t.co/iuWRc1BJKT"
1092516894807154690,14693499,332,131270,3804,1688,132752,2008-05-07 23:40:04,4,0,2019-02-04 20:15:00,The Church‚Äôs Chicken on Meeting Street ‚Äî which has closed twice in the past year ‚Äî is set to reopen again this spri‚Ä¶ https://t.co/wFVADsrteh
1092509345340968962,14693499,332,131270,3804,1688,132752,2008-05-07 23:40:04,8,38,2019-02-04 19:45:00,.@LindseyGrahamSC's reputation as a conservative darling could make him a top target for liberal grassroots activis‚Ä¶ https://t.co/Ixgnthou8R
1092501795241226240,14693499,332,131270,3804,1688,132752,2008-05-07 23:40:04,0,4,2019-02-04 19:15:00,Legislation introduced in the SC House could close loopholes in the state‚Äôs laws that hinder prosecution of sexual‚Ä¶ https://t.co/9k69VC1lbi
1092499279263027205,14693499,332,131270,3804,1688,132752,2008-05-07 23:40:04,357,0,2019-02-04 19:05:00,RT @jslovegrove: Graham prepares to fight against members of his own party if they disapprove of Trump using emergency powers for wall fund‚Ä¶
1092494005617741824,14693499,332,131270,3804,1688,132752,2008-05-07 23:40:04,0,0,2019-02-04 18:44:03,"@LindseyGrahamSC said Monday he is ‚Äúnot very optimistic‚Äù about  border wall funding, urging President Donald Trump‚Ä¶ https://t.co/QQP9sA2VjH"
1092491729465458688,14693499,332,131270,3804,1688,132752,2008-05-07 23:40:04,4,11,2019-02-04 18:35:00,Charleston will soon hold a commissioning ceremony for its 6th namesake ship as part of the city's upcoming Charles‚Ä¶ https://t.co/4zOWeqc6qY
1092484179500064768,14693499,332,131270,3804,1688,132752,2008-05-07 23:40:04,0,4,2019-02-04 18:05:00,"For over a decade, @awendawgreen's Barn Jams have provided laid back musical offerings each week in the Charleston‚Ä¶ https://t.co/U7yDSUWzje"
1092477132662439936,14693499,332,131270,3804,1688,132752,2008-05-07 23:40:04,6,2,2019-02-04 17:37:00,"Travelers purchased about 4.62 million nights in Charleston County hotels last year.

https://t.co/GCB0L1AbnZ"
1092468355804606465,14693499,332,131270,3804,1688,132752,2008-05-07 23:40:04,3,0,2019-02-04 17:02:07,"RT @chasscene: .@awendawgreen has been around for 11 years now, offering weekly Wednesday barn jams with local and touring bands. 

Story b‚Ä¶"
1092468324972326914,14693499,332,131270,3804,1688,132752,2008-05-07 23:40:04,3,0,2019-02-04 17:02:00,"""Split billing"" is a practice that allows doctors to bill additional fees when health concerns are discussed during‚Ä¶ https://t.co/zTHdnJB5AB"
1092460577123954689,14693499,332,131270,3804,1688,132752,2008-05-07 23:40:04,14,10,2019-02-04 16:31:13,"Comcast says outages in the Charleston area this morning were caused by damage from stray gunfire. 

https://t.co/6h8mRfyxh6"
1092457584949370887,14693499,332,131270,3804,1688,132752,2008-05-07 23:40:04,2,0,2019-02-04 16:19:19,"RT @glennsmith5: Joy, outrage follow SC judge's decision to reunite toddler with parents facing abuse charges after expert diagnosis said r‚Ä¶"
1092450708790611969,14693499,332,131270,3804,1688,132752,2008-05-07 23:40:04,0,1,2019-02-04 15:52:00,The Church's Chicken on Meeting Street quietly closed its doors a few weeks ago for the second time in less than a‚Ä¶ https://t.co/w9x5lZhORB
1092442506695008256,14693499,332,131270,3804,1688,132752,2008-05-07 23:40:04,3,1,2019-02-04 15:19:24,"Both lanes along Highway 61 at Magnolia Plantation in Charleston are closed.  

#chsnews #chstrfc 

https://t.co/wXzTMLtk1t"
1092432423487442946,14693499,332,131270,3804,1688,132752,2008-05-07 23:40:04,3,8,2019-02-04 14:39:20,".@CoryBooker makes two key 2020 campaign hires in South Carolina 

#scpol 

https://t.co/OBYv0e27hm"
1092432136991375362,14693499,332,131270,3804,1688,132752,2008-05-07 23:40:04,1,4,2019-02-04 14:38:12,.@LindseyGrahamSC's national reputation has recently made him both a conservative darling and a valuable foil for D‚Ä¶ https://t.co/20cZz87IsW
1092407423531241473,14693499,332,131270,3804,1688,132752,2008-05-07 23:40:04,28,23,2019-02-04 13:00:00,"‚ÄúThis place is stuck in the ‚Äô50s, and there‚Äôs a not a damn thing anything will do to change it.‚Äù

A South Carolina‚Ä¶ https://t.co/xq8iGYOKgT"
1092399873461084161,14693499,332,131270,3804,1688,132752,2008-05-07 23:40:04,5,4,2019-02-04 12:30:00,"After more than two decades of preparation, Hotel Bennett‚Äôs luxury rooms and suites are now open for guests. 

Here‚Ä¶ https://t.co/wOIoZyksb1"
1092392325626630144,14693499,332,131270,3804,1688,132752,2008-05-07 23:40:04,6,4,2019-02-04 12:00:00,Amazon is scheduled to square off against the state of South Carolina in a high-stakes court battle over sales taxe‚Ä¶ https://t.co/MuQUdOgIBS
1092384775002763264,14693499,332,131270,3804,1688,132752,2008-05-07 23:40:04,16,43,2019-02-04 11:30:00,"More women in public office ""is not only reasonable, it would likely make government run much better.""

Column from‚Ä¶ https://t.co/30YeThdIIQ"
1092248878970093568,14693499,332,131270,3804,1688,132752,2008-05-07 23:40:04,0,6,2019-02-04 02:30:00,"""You don‚Äôt feel like it‚Äôs anything unusual, although obviously it is.""

Across homes in the Charleston region, graf‚Ä¶ https://t.co/ii1VfnZuRt"
1092233779312177153,14693499,332,131270,3804,1688,132752,2008-05-07 23:40:04,14,18,2019-02-04 01:30:00,"Researchers: Sea rise along South Carolina's coast is accelerating faster than realized.

https://t.co/WL8BnOh0OD"
1092218679297695744,14693499,332,131270,3804,1688,132752,2008-05-07 23:40:04,1,0,2019-02-04 00:30:00,"After a final Sunday brunch, Old Village Post House in Mount Pleasant is closing.

https://t.co/MaDngMCruA"
1092203579903860736,14693499,332,131270,3804,1688,132752,2008-05-07 23:40:04,0,0,2019-02-03 23:30:00,"The Super Bowl is the biggest event of the year. As such, it is, by almost any measure, the last bastion of nationw‚Ä¶ https://t.co/vfvPz0DumS"
1092188480682291205,14693499,332,131270,3804,1688,132752,2008-05-07 23:40:04,1,2,2019-02-03 22:30:00,"After more than 2 decades of preparation, Hotel Bennett‚Äôs luxury rooms and suites are now open for guests. 

Here's‚Ä¶ https://t.co/Kai4EAsAJz"
1092173381192036352,14693499,332,131270,3804,1688,132752,2008-05-07 23:40:04,3,1,2019-02-03 21:30:00,Their son was just 2 months old when the state Department of Social Services whisked him away under suspicions of c‚Ä¶ https://t.co/uOLb6mq4jI
1092157702095208448,14693499,332,131270,3804,1688,132752,2008-05-07 23:40:04,2,2,2019-02-03 20:27:42,"If you're still looking for plans for #SuperBowlLIII, here are 15 parties you can attend in Charleston:

https://t.co/4ZFX7Rf7OA"
1092149308625952769,14693499,332,131270,3804,1688,132752,2008-05-07 23:40:04,5,0,2019-02-03 19:54:20,"RT @gmraynor: This is the kind of basketball Clemson wants -- and needs -- to be playing. On a dominant showing from the Tigers, who held W‚Ä¶"
1092148836238274560,14693499,332,131270,3804,1688,132752,2008-05-07 23:40:04,0,1,2019-02-03 19:52:28,"Clemson men‚Äôs basketball dismantles Wake Forest as ACC schedule hits its stride

https://t.co/LnVSgK8f7Q"
1092146978975350784,14693499,332,131270,3804,1688,132752,2008-05-07 23:40:04,3,5,2019-02-03 19:45:05,"From graffiti to cannon damage, signs of war punctuate historic homes across the Charleston region.

https://t.co/R5qHHCoHBp"
1092128082478063617,14693499,332,131270,3804,1688,132752,2008-05-07 23:40:04,6,0,2019-02-03 18:30:00,Amazon is scheduled to square off against the state of South Carolina in a high-stakes court battle over sales taxe‚Ä¶ https://t.co/Al2hcVdZLP
1092112983952707585,14693499,332,131270,3804,1688,132752,2008-05-07 23:40:04,6,29,2019-02-03 17:30:00,".@BriHicks_PandC column: South Carolina, and the nation, needs more women in public office.

https://t.co/FzMhbHzE7i"
1092097884365848576,14693499,332,131270,3804,1688,132752,2008-05-07 23:40:04,7,5,2019-02-03 16:30:00,"A South Carolina ice cream shop is giving up its fight against the Confederate flag.

https://t.co/M59GVHDvfP"
1092082609822330880,14693499,332,131270,3804,1688,132752,2008-05-07 23:40:04,3,0,2019-02-03 15:29:18,Foxx Coker was just 2 months old when he was separated from his parents after a variety of broken bones in his body‚Ä¶ https://t.co/BiFH4rp0lO
1092069279783104512,14693499,332,131270,3804,1688,132752,2008-05-07 23:40:04,1,2,2019-02-03 14:36:20,"Old Village Post House in Mount Pleasant is scheduled to close after brunch service on Sunday.

https://t.co/MaDngMU2Ta"
1092052586499399680,14693499,332,131270,3804,1688,132752,2008-05-07 23:40:04,5,8,2019-02-03 13:30:00,Mount Pleasant has a far lower property tax rate than most towns and cities in the area ‚Äî Charleston's is more than‚Ä¶ https://t.co/wOYe7MTofd
1092037486648406016,14693499,332,131270,3804,1688,132752,2008-05-07 23:40:04,0,0,2019-02-03 12:30:00,"Here are 8 key takeaways from Charleston's first parking study in 2 decades:

https://t.co/SgS6vdsCJr"
1091894041455808512,14693499,332,131270,3804,1688,132752,2008-05-07 23:40:04,3,8,2019-02-03 03:00:00,"We asked our readers to capture the rich architectural history of Charleston this week. 

Here's what they came up‚Ä¶ https://t.co/gmP2blw0V2"
1091878940954644483,14693499,332,131270,3804,1688,132752,2008-05-07 23:40:04,1,2,2019-02-03 02:00:00,"As lawmakers weigh selling the state-run utility, Santee Cooper fetches 10 total bidders.

https://t.co/NqHjCHUPbh"
1091864750022164486,14693499,332,131270,3804,1688,132752,2008-05-07 23:40:04,5,0,2019-02-03 01:03:36,"RT @hannaraskin: If you're a fan of Old Village Post House, make plans to brunch there tomorrow: It's the last meal the restaurant will ser‚Ä¶"
1091863842496368640,14693499,332,131270,3804,1688,132752,2008-05-07 23:40:04,1,2,2019-02-03 01:00:00,".@volvocars doesn't want you to watch #SuperBowlLIII ‚Äî so much so that the company's giving out free cars.

https://t.co/euyezkfgKV"
1091848743094308864,14693499,332,131270,3804,1688,132752,2008-05-07 23:40:04,2,0,2019-02-03 00:00:00,"Charleston collected $1.45 million in meter money in 2017, and $3.93 million in 2018, although higher prices were o‚Ä¶ https://t.co/S3cG1sktiL"
1091833642563895303,14693499,332,131270,3804,1688,132752,2008-05-07 23:40:04,0,1,2019-02-02 23:00:00,"Yes, it's Tom Brady and the @Patriots back in the Super Bowl. Again.

But here are 7 reasons to still be excited ab‚Ä¶ https://t.co/Ea2Vkvl82D"
1091818543568412672,14693499,332,131270,3804,1688,132752,2008-05-07 23:40:04,1,4,2019-02-02 22:00:00,"""We‚Äôve got to make some decisions because in five years we run out of money.""

One Mount Pleasant administrator com‚Ä¶ https://t.co/pa0d9YkofK"
1091803446884225024,14693499,332,131270,3804,1688,132752,2008-05-07 23:40:04,3,5,2019-02-02 21:00:01,"Powered by a price hike, parking meters in Charleston generated $918,118 more than the city budgeted last year.

https://t.co/F3ZeqO2Sct"
1091793456773644288,14693499,332,131270,3804,1688,132752,2008-05-07 23:40:04,0,0,2019-02-02 20:20:19,Virginia governor Ralph Northam says he won't resign after a photo surfaced from his 1984 yearbook page depicting t‚Ä¶ https://t.co/xgBBuA57OJ
1091780794069209089,14693499,332,131270,3804,1688,132752,2008-05-07 23:40:04,2,0,2019-02-02 19:30:00,"Further details have emerged related to a December incident in which one man, pronounced dead, succumbed to blunt f‚Ä¶ https://t.co/SayhMvkiZR"
1091765695912861697,14693499,332,131270,3804,1688,132752,2008-05-07 23:40:04,3,2,2019-02-02 18:30:00,The water in this small SC town has become infamous because it was treated for a decade with an unapproved chemical‚Ä¶ https://t.co/kNYTaEXZIW
1091753111788503046,14693499,332,131270,3804,1688,132752,2008-05-07 23:40:04,0,4,2019-02-02 17:40:00,"Hundreds of well-intentioned people out there would like to help rehab baby squirrels.

But that‚Äôs a problem, accor‚Ä¶ https://t.co/XZQNIxUj2S"
1091738012428320768,14693499,332,131270,3804,1688,132752,2008-05-07 23:40:04,3,1,2019-02-02 16:40:00,"""They proceeded at their own risk, and they were well aware of that.""

New flood building rules in Charleston may d‚Ä¶ https://t.co/FS5IP4Aa0l"
1091722913504477184,14693499,332,131270,3804,1688,132752,2008-05-07 23:40:04,1,4,2019-02-02 15:40:00,".@volvocars is giving away 3 S60 subscriptions via its Care by Volvo leasing program.

The catch? You can't watch t‚Ä¶ https://t.co/4ROqlNYPUU"
1091709481715712001,14693499,332,131270,3804,1688,132752,2008-05-07 23:40:04,2,6,2019-02-02 14:46:38,"Charleston‚Äôs construction boom is still at full throttle.

Several projects, including a Gothic-inspired church and‚Ä¶ https://t.co/KolxvL6Mw9"
1091690197555662848,14693499,332,131270,3804,1688,132752,2008-05-07 23:40:04,0,2,2019-02-02 13:30:00,"#SuperBowlLIII is tomorrow.

If you're still looking for plans for the big game, here are 15 parties you can attend‚Ä¶ https://t.co/FEMK7PGanC"
1091675098799579136,14693499,332,131270,3804,1688,132752,2008-05-07 23:40:04,1,3,2019-02-02 12:30:00,"Charleston just finished its first parking study in 20 years.

Here are 8 key takeaways: 

https://t.co/SgS6vdsCJr"
1091531655431503872,14693499,332,131270,3804,1688,132752,2008-05-07 23:40:04,1,2,2019-02-02 03:00:00,"Americans spent $33.9 billion on alternative and integrative medicine in 2007.

It's a growing industry, and this C‚Ä¶ https://t.co/KANTjgTp6Q"
1091516554355847168,14693499,332,131270,3804,1688,132752,2008-05-07 23:40:04,18,85,2019-02-02 02:00:00,"""She‚Äôs gone through 11 ranks in the Sheriff‚Äôs Office. I don‚Äôt know of anyone else that has done that.""

Goose Creek‚Ä¶ https://t.co/moEXezQ8M9"
1091501454857248768,14693499,332,131270,3804,1688,132752,2008-05-07 23:40:04,4,2,2019-02-02 01:00:00,Parking meter revenue in Charleston more than tripled after the city doubled meter fees and eliminated free evening‚Ä¶ https://t.co/KQovx3Tj9B
1091486356285603840,14693499,332,131270,3804,1688,132752,2008-05-07 23:40:04,2,3,2019-02-02 00:00:00,"At 10-10, @GamecockFB is still 4th in the SEC ‚Äî a position that, if they can hold it, would be vital when the confe‚Ä¶ https://t.co/PsqzAvhEUg"
1091471255859912706,14693499,332,131270,3804,1688,132752,2008-05-07 23:40:04,1,17,2019-02-01 23:00:00,"Should students learn Bible literacy in the classroom?

@realDonaldTrump says yes. In the Palmetto State, students‚Ä¶ https://t.co/4oqrLkJMBh"
1091456155837067265,14693499,332,131270,3804,1688,132752,2008-05-07 23:40:04,6,3,2019-02-01 22:00:00,Trident Technical College misled students about textbook pricing and prevented them from shopping around for second‚Ä¶ https://t.co/xzHkKgOlXO
1091441057693196288,14693499,332,131270,3804,1688,132752,2008-05-07 23:40:04,0,2,2019-02-01 21:00:00,"Former @GamecockFB star Stephon Gilmore is playing for the Patriots in #SuperBowlLIII this weekend.

https://t.co/ctvDaeBNik"
1091430989207822337,14693499,332,131270,3804,1688,132752,2008-05-07 23:40:04,24,25,2019-02-01 20:20:00,"""Sea level is now rising at an exponential rate.""

Within 50 years, the number of days Charleston floods per year w‚Ä¶ https://t.co/1hXSyZJlEO"
1091422181433724928,14693499,332,131270,3804,1688,132752,2008-05-07 23:40:04,6,3,2019-02-01 19:45:00,"Country star Kasey Musgraves, who has won multiple Grammy awards, is coming to Charleston.

https://t.co/MdiVYkHQlL"
1091413716866945025,14693499,332,131270,3804,1688,132752,2008-05-07 23:40:04,6,0,2019-02-01 19:11:22,"A used textbook seller is taking South Carolina‚Äôs largest public technical college to federal court. 

It alleges t‚Ä¶ https://t.co/tVFtUEtybr"
1091404232807383047,14693499,332,131270,3804,1688,132752,2008-05-07 23:40:04,2,0,2019-02-01 18:33:41,RT @sound_wavves: Grammy Award-winning country artist @KaceyMusgraves (who is also playing at this year's Grammys) is coming to the @VolvoC‚Ä¶
1091403308709888003,14693499,332,131270,3804,1688,132752,2008-05-07 23:40:04,2,3,2019-02-01 18:30:00,"Kaleb Jenness, a graduate of Wando High, is the first Division I men‚Äôs volleyball player from South Carolina.

How‚Ä¶ https://t.co/MC80LW6QEd"
1091395760917221378,14693499,332,131270,3804,1688,132752,2008-05-07 23:40:04,3,1,2019-02-01 18:00:01,"Tickets are now on sale for the 8th annual Charleston Beer Festival, which will feature more than 40 Carolina brewe‚Ä¶ https://t.co/HTba3l7K7O"
1091388208879976449,14693499,332,131270,3804,1688,132752,2008-05-07 23:40:04,9,28,2019-02-01 17:30:00,"Meet L.J. Roscoe.

She's the first woman to lead a law enforcement agency in Charleston, Dorchester or Berkeley cou‚Ä¶ https://t.co/QMWRB7iXAN"
1091380659396972551,14693499,332,131270,3804,1688,132752,2008-05-07 23:40:04,18,18,2019-02-01 17:00:00,"Within 50 years, the sea off Charleston will be rising about 1 inch every 5 years ‚Äî one-third faster than it was in‚Ä¶ https://t.co/6gS7yEqBUG"
1091373110421581827,14693499,332,131270,3804,1688,132752,2008-05-07 23:40:04,1,1,2019-02-01 16:30:00,".@CofCBasketball knocked off James Madison 70-53 last night.

The Cougars are trending up after 3 straight wins.

https://t.co/w2dGqlUJoQ"
1091367823530749952,14693499,332,131270,3804,1688,132752,2008-05-07 23:40:04,1,2,2019-02-01 16:09:00,"""When you have more protesters protesting you than you have people showing up to protest, there‚Äôs an issue there.""‚Ä¶ https://t.co/8BZd71Zjus"
1091360776755924992,14693499,332,131270,3804,1688,132752,2008-05-07 23:40:04,3,11,2019-02-01 15:41:00,"This West African restaurant in Columbia requires its customers to sample at least 3 dishes before ordering.

It's‚Ä¶ https://t.co/9dV1oQ6Si0"
1091357340752846855,14693499,332,131270,3804,1688,132752,2008-05-07 23:40:04,2,0,2019-02-01 15:27:21,"RT @MaryCaitlinByrd: In today's Palmetto Politics newsletter:
- 1,040 votes weren't counted in Richland County
- SC Secessionist Party lead‚Ä¶"
1091355240580988928,14693499,332,131270,3804,1688,132752,2008-05-07 23:40:04,4,2,2019-02-01 15:19:00,"A 22-month-old child with multiple broken bones was taken away from his family during an abuse investigation.

Now‚Ä¶ https://t.co/XxPSglORZz"
1091352763236319233,14693499,332,131270,3804,1688,132752,2008-05-07 23:40:04,10,0,2019-02-01 15:09:09,RT @thadmoore: Nevada is furious because the feds secretly shipped a half-ton of plutonium there from Aiken. The angry response highlights‚Ä¶
1091346683873710080,14693499,332,131270,3804,1688,132752,2008-05-07 23:40:04,2,7,2019-02-01 14:45:00,"Earlier this week, @realDonaldTrump endorsed teaching about the Bible in schools.

In South Carolina, laws already‚Ä¶ https://t.co/LHUSArdZ0z"
1091339134264885248,14693499,332,131270,3804,1688,132752,2008-05-07 23:40:04,1,4,2019-02-01 14:15:00,"The Energy Department has about 12 tons of plutonium slowly decaying at the Savannah River Site outside Aiken.

Her‚Ä¶ https://t.co/CrHlDvgGwd"
1091331652238884864,14693499,332,131270,3804,1688,132752,2008-05-07 23:40:04,0,0,2019-02-01 13:45:16,".@schousespeaker Jay Lucas and many lawmakers have good intentions ideas, @BriHicks_PandC writes. 

But they alread‚Ä¶ https://t.co/44e0yKXQpQ"
1091312709763780613,14693499,332,131270,3804,1688,132752,2008-05-07 23:40:04,2,7,2019-02-01 12:30:00,"HUD Secretary Ben Carson has cancelled his Charleston County Republican appearance.

https://t.co/78FAynzskr"
1091305164323995653,14693499,332,131270,3804,1688,132752,2008-05-07 23:40:04,0,4,2019-02-01 12:00:01,"James Bessenger formed the SC Secessionist Party hoping his group could discuss history, the Civil War and its infl‚Ä¶ https://t.co/bwlh034vsI"
1091297611263471617,14693499,332,131270,3804,1688,132752,2008-05-07 23:40:04,3,7,2019-02-01 11:30:00,"Editorial: Charleston‚Äôs housing affordability crisis affects us all

https://t.co/dirtdxYUo1"
1091169267339444224,14693499,332,131270,3804,1688,132752,2008-05-07 23:40:04,2,3,2019-02-01 03:00:00,"Indie rocker Lucy Dacus is coming to the Charleston Pour House this weekend.

Our profile:
https://t.co/JY01ODbfTh"
1091161714891149320,14693499,332,131270,3804,1688,132752,2008-05-07 23:40:04,9,2,2019-02-01 02:30:00,"The federal government secretly moved enough plutonium to build dozens of bombs from South Carolina to Nevada.

But‚Ä¶ https://t.co/QUhsC8tisk"
1091154165710159872,14693499,332,131270,3804,1688,132752,2008-05-07 23:40:04,2,3,2019-02-01 02:00:00,"The US Army Corps of Engineers, is launching a three-year, $3 million study of possible flood protections for Charl‚Ä¶ https://t.co/P0Wir8wHVa"
1091146615530778624,14693499,332,131270,3804,1688,132752,2008-05-07 23:40:04,17,17,2019-02-01 01:30:00,"When he started the SC Secessionist Party in 2014, James Bessenger wanted to believe the best in the defenders of C‚Ä¶ https://t.co/LRtiv0NlBv"
1091139067801100288,14693499,332,131270,3804,1688,132752,2008-05-07 23:40:04,0,1,2019-02-01 01:00:00,"A SC toddler has been returned to his parents after a judge found no merit to prior abuse allegations.

The attorne‚Ä¶ https://t.co/sr7SnnmPlJ"
1091131516753567744,14693499,332,131270,3804,1688,132752,2008-05-07 23:40:04,4,2,2019-02-01 00:30:00,"‚ÄúGuess where I‚Äôm at? Stuck on a railroad. Been there lately?‚Äù

North Charleston's mayor refuses to be railroaded in‚Ä¶ https://t.co/8Pq8n67CIX"
1091120191491043328,14693499,332,131270,3804,1688,132752,2008-05-07 23:40:04,7,7,2019-01-31 23:45:00,"""Yes, China might be hurt a little bit, but is the U.S. getting gains off of these tariffs? The answer is no.""

Sou‚Ä¶ https://t.co/o5kxE3SA0X"
1091108871551111168,14693499,332,131270,3804,1688,132752,2008-05-07 23:40:04,3,4,2019-01-31 23:00:01,"Scheduled to open in the fall, @MUSChealth's new children's hospital will cost $400 million.

The project just rece‚Ä¶ https://t.co/whoHkN3pCL"
1091101317571981312,14693499,332,131270,3804,1688,132752,2008-05-07 23:40:04,1,0,2019-01-31 22:30:00,"Charleston is now removing dead trees from its streets with high-pressure blasts of water.

It's a much more effici‚Ä¶ https://t.co/WRNRLohirB"
1091094415920300035,14693499,332,131270,3804,1688,132752,2008-05-07 23:40:04,11,19,2019-01-31 22:02:34,"When he started the SC Secessionist Party in 2014, James Bessenger wanted to believe the best in the defenders of C‚Ä¶ https://t.co/qKS67uC3j8"
1091081435895685121,14693499,332,131270,3804,1688,132752,2008-05-07 23:40:04,4,4,2019-01-31 21:11:00,The Citadel has released its 12-game schedule for the 2019 football season ‚Äî but one game in particular is in quest‚Ä¶ https://t.co/DSfmFHFscv
1091074389624348672,14693499,332,131270,3804,1688,132752,2008-05-07 23:40:04,1,0,2019-01-31 20:43:00,".@iflyCHS saw nearly 4.5 million passengers fly in and out of the airport last year.

That's nearly half a million‚Ä¶ https://t.co/tXSl9tUt1r"
1091073875511787521,14693499,332,131270,3804,1688,132752,2008-05-07 23:40:04,19,0,2019-01-31 20:40:57,"RT @jslovegrove: 4.5 years after the grand opening of a @KentBicycles factory in South Carolina, featuring @NikkiHaley and others, the faci‚Ä¶"
1091066840040783883,14693499,332,131270,3804,1688,132752,2008-05-07 23:40:04,7,4,2019-01-31 20:13:00,"Ballots cast by more than 1,000 voters in one South Carolina county weren't counted in November's election.

The mi‚Ä¶ https://t.co/WeD10sQcVc"
1091058787019042816,14693499,332,131270,3804,1688,132752,2008-05-07 23:40:04,8,30,2019-01-31 19:41:00,"Could South Carolina start selling liquor on Sundays?

Voters may be able to decide.

https://t.co/V5oU9hQYhb"
1091051389688709120,14693499,332,131270,3804,1688,132752,2008-05-07 23:40:04,13,27,2019-01-31 19:11:36,"MUSC has received $5 million for a new children‚Äôs hospital from a Charleston businessman.

The hospital's total cos‚Ä¶ https://t.co/IZ5hrM0n33"
1091048472650833920,14693499,332,131270,3804,1688,132752,2008-05-07 23:40:04,2,1,2019-01-31 19:00:01,"An upscale Italian-Mexican restaurant in Mount Pleasant is closing after 3 years.

https://t.co/IbQrC05Iju"
1091040919233523712,14693499,332,131270,3804,1688,132752,2008-05-07 23:40:04,4,8,2019-01-31 18:30:00,"THE üëè MITOCHONDRIA üëè IS üëè THE üëè POWERHOUSE üëè OF üëè THE üëè CELL üëè

https://t.co/lYrt9xYZFt"
1091032614520012800,14693499,332,131270,3804,1688,132752,2008-05-07 23:40:04,4,9,2019-01-31 17:57:00,"""There was no talk of losing playing time or losing your scholarship. That‚Äôs just absurd.""

@ClemsonFB players refu‚Ä¶ https://t.co/YofX6ZYfcK"
1091024119951437824,14693499,332,131270,3804,1688,132752,2008-05-07 23:40:04,1,0,2019-01-31 17:23:15,"3 Clemson baseball players, including a prominent pitcher, are out for the 2019 season due to injuries.

https://t.co/Djj7LinY5a"
1091015501797445632,14693499,332,131270,3804,1688,132752,2008-05-07 23:40:04,0,0,2019-01-31 16:49:00,"An upscale Italian-Mexican restaurant in Mount Pleasant is turning out the lights after three years. 

https://t.co/IbQrC05Iju"
1091005863970656256,14693499,332,131270,3804,1688,132752,2008-05-07 23:40:04,5,2,2019-01-31 16:10:42,"Just over half of Santee Cooper's current board has taken trips over the past few years, costing the utility about‚Ä¶ https://t.co/A9KgBXsrL2"
1090995621727780864,14693499,332,131270,3804,1688,132752,2008-05-07 23:40:04,2,1,2019-01-31 15:30:00,‚ÄúA lot of unsuspecting people ‚Äî because of the city‚Äôs practices ‚Äî are mortgaging themselves into horrendous situati‚Ä¶ https://t.co/blcaqjiy8P
1090988323026419713,14693499,332,131270,3804,1688,132752,2008-05-07 23:40:04,1,7,2019-01-31 15:01:00,"From the Pup Bowl to Bob Marley's birthday, here's everything you should know about what's going on in Charleston t‚Ä¶ https://t.co/JJ4pV63shq"
1090981276323074050,14693499,332,131270,3804,1688,132752,2008-05-07 23:40:04,7,14,2019-01-31 14:33:00,This 158-year-old Abbeville church was identified as one of the 8 most ‚Äúat risk‚Äù historic sites in South Carolina.‚Ä¶ https://t.co/kFZCVq6pzn
1090974732927696896,14693499,332,131270,3804,1688,132752,2008-05-07 23:40:04,2,2,2019-01-31 14:07:00,"The Southern Conference is ranked 11th out of 32 leagues this year.

Its success could bolster the case for an at-l‚Ä¶ https://t.co/CTbGvsMuuy"
1090969637855084544,14693499,332,131270,3804,1688,132752,2008-05-07 23:40:04,13,18,2019-01-31 13:46:45,Of the 74 @ClemsonFB players that traveled to the White House in commemoration of the Tigers' national championship‚Ä¶ https://t.co/mPoW5Vamsw
1090957874363125761,14693499,332,131270,3804,1688,132752,2008-05-07 23:40:04,2,0,2019-01-31 13:00:00,"After record-breaking home sale numbers in 2017, 2018 came up short.

Here's what plunged residential transactions‚Ä¶ https://t.co/8QfZCXQn7r"
1090950322300821504,14693499,332,131270,3804,1688,132752,2008-05-07 23:40:04,6,5,2019-01-31 12:30:00,"Boeing is ‚Äòwell into‚Äô ramping up its 787 Dreamliner production in North Charleston and Washington state.

The highe‚Ä¶ https://t.co/rSaUY0Es3P"
1090942775233822720,14693499,332,131270,3804,1688,132752,2008-05-07 23:40:04,6,4,2019-01-31 12:00:01,"Santee Cooper's board took expenses-paid lake trips with steak dinners for decades. 

The board's use was nothing n‚Ä¶ https://t.co/fAk1tn4rSk"
1090806876957220864,14693499,332,131270,3804,1688,132752,2008-05-07 23:40:04,1,3,2019-01-31 03:00:00,"Looking to grab a drink somewhere on Saturday afternoon but you‚Äôve got the kids with you? 

We've made a list of 18‚Ä¶ https://t.co/msfXKfUpPA"
1090799327646109698,14693499,332,131270,3804,1688,132752,2008-05-07 23:40:04,1,5,2019-01-31 02:30:00,"Planning a trip to the Grand Strand once the weather warms up? 

Our food critic @hannaraskin ranked 18 of the area‚Ä¶ https://t.co/OPZuQ9Vvmq"
1090791779530694656,14693499,332,131270,3804,1688,132752,2008-05-07 23:40:04,8,29,2019-01-31 02:00:00,"Former SC congressman Trey Gowdy has a new job title: Fox News pundit.

He'll offer ""political and legal analysis a‚Ä¶ https://t.co/PrPxI0I5M5"
1090784227778387968,14693499,332,131270,3804,1688,132752,2008-05-07 23:40:04,1,4,2019-01-31 01:30:00,The city of Charleston has addressed many of the issues raised last year in a FEMA report about its flood managemen‚Ä¶ https://t.co/pMGqEPVQwb
1090776677746040833,14693499,332,131270,3804,1688,132752,2008-05-07 23:40:04,0,1,2019-01-31 01:00:00,Santee Cooper's board took expenses-paid trips to Lake Moultrie for decades ‚Äî a tradition that continued even after‚Ä¶ https://t.co/M1ke6cJCUu
1090765355012653057,14693499,332,131270,3804,1688,132752,2008-05-07 23:40:04,5,9,2019-01-31 00:15:00,A proposed bill would make picking up a mobile device for any reason while driving illegal and also raise the state‚Ä¶ https://t.co/b8T5lX6MHm
1090754028844154882,14693499,332,131270,3804,1688,132752,2008-05-07 23:40:04,4,24,2019-01-30 23:30:00,.@LindseyGrahamSC says he wants a briefing on the tactics used last week when agents arrested President Donald Trum‚Ä¶ https://t.co/4VCTRTznNV
1090746481881968640,14693499,332,131270,3804,1688,132752,2008-05-07 23:40:04,2,4,2019-01-30 23:00:01,".@NikkiHaley is asking for $200,000 and a private jet for speaking engagements across the U.S.

The fee matches wha‚Ä¶ https://t.co/0Z9r4nOWWf"
1090738931610587137,14693499,332,131270,3804,1688,132752,2008-05-07 23:40:04,0,0,2019-01-30 22:30:00,"Spooked by the tumbling stock market and a fourth interest rate hike for the year in December, home sales have plun‚Ä¶ https://t.co/3h7ww6Klis"
1090727604464902151,14693499,332,131270,3804,1688,132752,2008-05-07 23:40:04,1,1,2019-01-30 21:45:00,".@Lowes is cutting 80 jobs as the company outsources work at a Charleston distribution center.

Details:

https://t.co/W3AGShzglB"
1090717301840756744,14693499,332,131270,3804,1688,132752,2008-05-07 23:40:04,1,1,2019-01-30 21:04:03,Charleston is experimenting with a new technique to remove dead trees from its streets ‚Äî blasting them with high-pr‚Ä¶ https://t.co/BPDZUXDdVJ
1090708982233210880,14693499,332,131270,3804,1688,132752,2008-05-07 23:40:04,2,0,2019-01-30 20:31:00,"Some starting prices for homes in Awendaw are in the $600,000s ‚Äî a price tag that has raised eyebrows in the small‚Ä¶ https://t.co/WJrYqYlbvN"
1090703558905942017,14693499,332,131270,3804,1688,132752,2008-05-07 23:40:04,1,4,2019-01-30 20:09:27,".@TGowdySC has added a new job title: Fox News pundit.

The former South Carolina congressman is part of a wave of‚Ä¶ https://t.co/2WyxBCVedp"
1090701935651414017,14693499,332,131270,3804,1688,132752,2008-05-07 23:40:04,0,1,2019-01-30 20:03:00,"While a couple clothing stores recently announced their departures from downtown Charleston, a new national apparel‚Ä¶ https://t.co/e8yucT3l2X"
1090694637533093889,14693499,332,131270,3804,1688,132752,2008-05-07 23:40:04,3,8,2019-01-30 19:34:00,"Have you been to Omega Pancake House along the Grand Strand?

@hannaraskin says its the best of its kind in the are‚Ä¶ https://t.co/S2BR1zMaSj"
1090687591106502657,14693499,332,131270,3804,1688,132752,2008-05-07 23:40:04,0,0,2019-01-30 19:06:00,"Hill-Finklea Detention Center has seen improvements over the years, including a 3-story addition to boost the jail‚Äô‚Ä¶ https://t.co/IESllidiG2"
1090680796560613376,14693499,332,131270,3804,1688,132752,2008-05-07 23:40:04,1,3,2019-01-30 18:39:00,"It's chilly out there today in Charleston, but we've got it lucky compared to other parts of the country. ü•∂

Check‚Ä¶ https://t.co/3hBrCm1VKD"
1090673750255853571,14693499,332,131270,3804,1688,132752,2008-05-07 23:40:04,12,46,2019-01-30 18:11:00,"A former @CitadelBaseball pitcher could be just one step away from the @Yankees.

Take a look inside James Reeves'‚Ä¶ https://t.co/eb7OzdBp1G"
1090673381249306625,14693499,332,131270,3804,1688,132752,2008-05-07 23:40:04,6,5,2019-01-30 18:09:32,"@NikkiHaley Also of note:

Reports show that Nikki Haley had debt from $525,000 to about $1.1 million in 2017.

https://t.co/Y3pIKrg7At"
1090667489992863746,14693499,332,131270,3804,1688,132752,2008-05-07 23:40:04,11,25,2019-01-30 17:46:07,".@NikkiHaley is reportedly seeking $200,000 and the use of a private jet for speeches.

Her speaking fee is more th‚Ä¶ https://t.co/FYs2ZOEXmn"
1090658650304233473,14693499,332,131270,3804,1688,132752,2008-05-07 23:40:04,1,1,2019-01-30 17:11:00,"Here are some art exhibits coming to Charleston in February not to miss:

https://t.co/uo5SYUKINx"
1090648332685508608,14693499,332,131270,3804,1688,132752,2008-05-07 23:40:04,9,12,2019-01-30 16:30:00,"Charleston County has a special new court aimed to help struggling veterans who have committed nonviolent crimes.

https://t.co/AlTbEiD9gV"
1090641286774714368,14693499,332,131270,3804,1688,132752,2008-05-07 23:40:04,2,3,2019-01-30 16:02:00,"Looking to grab a quick drink or two on Saturday afternoon but you‚Äôve got the kids with you?

Here are 18 kid-frien‚Ä¶ https://t.co/JSCOBOndJ7"
1090636504710303744,14693499,332,131270,3804,1688,132752,2008-05-07 23:40:04,0,0,2019-01-30 15:43:00,"Tennessee, the top-ranked team in the nation, throttled @GamecockMBB 92-70 last night.

On the Volunteers and Rick‚Ä¶ https://t.co/3S7xuAPMmI"
1090629961382281217,14693499,332,131270,3804,1688,132752,2008-05-07 23:40:04,6,30,2019-01-30 15:17:00,"A proposed bill would make picking up a mobile device for any reason while driving illegal.

The fine for distracte‚Ä¶ https://t.co/VjuQo6mtcF"
1090626417807802368,14693499,332,131270,3804,1688,132752,2008-05-07 23:40:04,6,0,2019-01-30 15:02:55,RT @sound_wavves: ‚ÄúIt‚Äôs not about getting drunk or doing shots. It‚Äôs about getting a few beers in and spending time with friends and family‚Ä¶
1090620650287378433,14693499,332,131270,3804,1688,132752,2008-05-07 23:40:04,3,1,2019-01-30 14:40:00,"More than two dozen pancake houses dot the Grand Strand.

Here a ranking of the ones that are worth your time for b‚Ä¶ https://t.co/mkgKmTqYf3"
1090613603470839808,14693499,332,131270,3804,1688,132752,2008-05-07 23:40:04,3,5,2019-01-30 14:12:00,"If all else fails, recite this acronym: WWJCD. It means ""What would Jim Clyburn do?""

Winning South Carolina isn't‚Ä¶ https://t.co/eSVjymoANb"
1090607556488249344,14693499,332,131270,3804,1688,132752,2008-05-07 23:40:04,2,0,2019-01-30 13:47:58,"2 bills in South Carolina's Legislature deal with restoring permits for ""wing walls."" 

Beachfront property owners‚Ä¶ https://t.co/JjtfAewwHI"
1090595484945666049,14693499,332,131270,3804,1688,132752,2008-05-07 23:40:04,1,0,2019-01-30 13:00:00,"It‚Äôs been another record year for Port of Charleston, but uncertainties abound, and tariffs are creating unease.

https://t.co/kDK8HdYJB0"
1090587935068512258,14693499,332,131270,3804,1688,132752,2008-05-07 23:40:04,6,3,2019-01-30 12:30:00,"Awendaw sits on the northern edge of Mount Pleasant, South Carolina's 4th-largest city.

As Mount Pleasant runs out‚Ä¶ https://t.co/7EY7ezhyDT"
1090580387737288704,14693499,332,131270,3804,1688,132752,2008-05-07 23:40:04,0,2,2019-01-30 12:00:01,"Severe crowding is nothing new at Berkeley County‚Äôs jail. 

After 3 inmates escaped from a holding cell over the we‚Ä¶ https://t.co/CgawEvy7gu"
1090572834504609792,14693499,332,131270,3804,1688,132752,2008-05-07 23:40:04,1,1,2019-01-30 11:30:00,"Editorial: Minimize taxpayer risk in Naval Hospital redevelopment

https://t.co/NRGLHI1aBI"
1090436939793162240,14693499,332,131270,3804,1688,132752,2008-05-07 23:40:04,24,16,2019-01-30 02:30:00,"‚ÄúIt‚Äôs never good when journalists are arrested while doing their job.""

2 reporters said they were detained and han‚Ä¶ https://t.co/SejjNEPCi3"
1090429392273227776,14693499,332,131270,3804,1688,132752,2008-05-07 23:40:04,5,19,2019-01-30 02:00:00,"Teachers from across the state  descended Tuesday on the SC Statehouse to call for higher pay and less testing.

https://t.co/4uyr7L6Akw"
1090421839766130690,14693499,332,131270,3804,1688,132752,2008-05-07 23:40:04,1,0,2019-01-30 01:30:00,"After a period of relative quiet,  telephone scammers are back and employing new tricks as part of an ongoing jury‚Ä¶ https://t.co/ospRlVLej1"
1090414291273031680,14693499,332,131270,3804,1688,132752,2008-05-07 23:40:04,2,4,2019-01-30 01:00:00,"As Mount Pleasant runs low on land, rural Awendaw is bracing for growth and increasing development.

https://t.co/XKvZOMlwj1"
1090399196035702784,14693499,332,131270,3804,1688,132752,2008-05-07 23:40:04,3,0,2019-01-30 00:00:01,A Mount Pleasant music store owner was arrested Tuesday after 2 of his former students alleged he sexually assaulte‚Ä¶ https://t.co/rEkcIUA48f
1090387866365059072,14693499,332,131270,3804,1688,132752,2008-05-07 23:40:04,0,0,2019-01-29 23:15:00,A vital fish hatchery on Lakes Marion and Moultrie will stay in business despite the future of the Santee Cooper la‚Ä¶ https://t.co/dIJwYKp086
1090376541173940225,14693499,332,131270,3804,1688,132752,2008-05-07 23:40:04,1,6,2019-01-29 22:30:00,"New fish and chips restaurant 'A Salt N Battered' is now open in West Ashley.

https://t.co/3iFBMz2nHD"
1090369614998065152,14693499,332,131270,3804,1688,132752,2008-05-07 23:40:04,39,0,2019-01-29 22:02:28,"RT @Andy_Ed_Brown: The SC elections director has served as an ""advisor"" to the country's largest voting machine company. 

She says that wo‚Ä¶"
1090365217014456325,14693499,332,131270,3804,1688,132752,2008-05-07 23:40:04,1,3,2019-01-29 21:45:00,"This Charleston startup helps people pay for alternative treatments when nothing else works.

https://t.co/cAv0Mz492X"
1090350117494747136,14693499,332,131270,3804,1688,132752,2008-05-07 23:40:04,0,2,2019-01-29 20:45:00,"The railroad crossing at Ashley Phosphate Road, which was closed Tuesday morning, will re-open around 4 p.m., ahead‚Ä¶ https://t.co/PSNpJtbnbd"
1090342567965732864,14693499,332,131270,3804,1688,132752,2008-05-07 23:40:04,0,2,2019-01-29 20:15:00,".@philkornblut's ‚ÄòSportsTalk‚Äô radio show has been canceled after a 35-year run.

https://t.co/0T0KnEOBhM"
1090335017903898624,14693499,332,131270,3804,1688,132752,2008-05-07 23:40:04,1,0,2019-01-29 19:45:00,"Charleston-area high school teams ranked No. 1 in baseball, soccer preseason polls

https://t.co/8chN7udFvo"
1090331063010897920,14693499,332,131270,3804,1688,132752,2008-05-07 23:40:04,25,0,2019-01-29 19:29:17,"RT @Jeff_fromthePC: Phil Kornblut's ""SportsTalk"" was must-hear radio for 35 years for sports fans in SC. Now, it's over https://t.co/I8EJ81‚Ä¶"
1090327468546945025,14693499,332,131270,3804,1688,132752,2008-05-07 23:40:04,5,0,2019-01-29 19:15:00,2 reporters said they were detained and handcuffed by security officers at a public housing complex Tuesday where 2‚Ä¶ https://t.co/PdjSTVz2in
1090319918367629312,14693499,332,131270,3804,1688,132752,2008-05-07 23:40:04,2,1,2019-01-29 18:45:00,Authorities say a pedestrian has been struck and killed in South Carolina by a vehicle owned by the state‚Äôs law enf‚Ä¶ https://t.co/II4RWPAAWG
1090311075252396032,14693499,332,131270,3804,1688,132752,2008-05-07 23:40:04,7,1,2019-01-29 18:09:51,"After a sewage spill polluted oyster beds in an SC town, some residents worry about the fix.

https://t.co/DeOdgw9X60"
1090297269767860224,14693499,332,131270,3804,1688,132752,2008-05-07 23:40:04,1,0,2019-01-29 17:15:00,"Daily schedules are up for North Charleston‚Äôs High Water Festival.

This year's lineup includes Mitski, Jenny Lewis‚Ä¶ https://t.co/39EaRhHbFX"
1090285946342436864,14693499,332,131270,3804,1688,132752,2008-05-07 23:40:04,1,4,2019-01-29 16:30:00,A vital fish hatchery on Lakes Marion and Moultrie will stay in business despite the future of the Santee Cooper la‚Ä¶ https://t.co/oEmHx6ALdp
1090275366948782080,14693499,332,131270,3804,1688,132752,2008-05-07 23:40:04,0,1,2019-01-29 15:47:58,"""It‚Äôs a loss for Charleston."" 

GrowFood leaders assess food hub‚Äôs future following longtime general manager‚Äôs resi‚Ä¶ https://t.co/frCKkwV21o"
1090265464972820487,14693499,332,131270,3804,1688,132752,2008-05-07 23:40:04,4,7,2019-01-29 15:08:37,"For years, promises to revitalize a blighted part of North Charleston‚Äôs south end have not materialized, leaving th‚Ä¶ https://t.co/GRn12P0VEj"
1090233100301303808,14693499,332,131270,3804,1688,132752,2008-05-07 23:40:04,6,9,2019-01-29 13:00:01,"After centuries of quiet assimilation, members of the Edisto Natchez-Kusso Tribe feel that 2019 is time to be more‚Ä¶ https://t.co/FPCAEBQPfj"
1090225546355560448,14693499,332,131270,3804,1688,132752,2008-05-07 23:40:04,9,9,2019-01-29 12:30:00,"The Charleston region‚Äôs economic growth ranks among best in the US, but some drawbacks accompany that success.

https://t.co/y0cok6E1fE"
1090217998948941826,14693499,332,131270,3804,1688,132752,2008-05-07 23:40:04,1,7,2019-01-29 12:00:00,"As Democratic presidential candidates descend on SC ahead of the Feb. 2020 primary, the hunt for influential suppor‚Ä¶ https://t.co/2VTtLqPmfX"
1090210446949343232,14693499,332,131270,3804,1688,132752,2008-05-07 23:40:04,2,5,2019-01-29 11:30:00,"Editorial: Help plan Charleston‚Äôs mass transit future

https://t.co/fMPKhxhF4U"
1090082102069084160,14693499,332,131270,3804,1688,132752,2008-05-07 23:40:04,2,0,2019-01-29 03:00:00,"Workshop, an upscale food court on the Upper Peninsula, is struggling to stay afloat. Now it's decision time.

‚ÄúWe‚Ä¶ https://t.co/YvWPZPwdiZ"
1090074552066101248,14693499,332,131270,3804,1688,132752,2008-05-07 23:40:04,2,4,2019-01-29 02:30:00,"No plans yet for watching the #SuperBowl? No worries.

Here are 15 Super Bowl parties happening in Charleston.
https://t.co/4ZFX7Rf7OA"
1090067001681293313,14693499,332,131270,3804,1688,132752,2008-05-07 23:40:04,3,4,2019-01-29 02:00:00,"The RiverDogs' stadium just completed its third overhaul since opening in 1997.

‚ÄúIt‚Äôs not a normal situation.""

https://t.co/S5auvBzANZ"
1090059451858599936,14693499,332,131270,3804,1688,132752,2008-05-07 23:40:04,1,2,2019-01-29 01:30:00,"More than a year before its 2020 primary, South Carolina is already drawing plenty of attention.

Here's why early‚Ä¶ https://t.co/Rd63Aubb0B"
1090051904766382080,14693499,332,131270,3804,1688,132752,2008-05-07 23:40:04,7,11,2019-01-29 01:00:00,"After centuries of quiet assimilation, members of the Edisto Natchez-Kusso Tribe feel that 2019 is time to be more‚Ä¶ https://t.co/ql7Hy0Lj3p"
1090036803283742720,14693499,332,131270,3804,1688,132752,2008-05-07 23:40:04,6,28,2019-01-29 00:00:00,The chairman of the South Carolina Secessionist Party says the group is dissolving because the people genuinely int‚Ä¶ https://t.co/rXNuEBs2p9
1090028290780397569,14693499,332,131270,3804,1688,132752,2008-05-07 23:40:04,2,1,2019-01-28 23:26:10,2 suspended @ClemsonFB players are still part of the team as they wait for the NCAA to rule on their appeals after‚Ä¶ https://t.co/VOd8rmctDj
1090025478134603777,14693499,332,131270,3804,1688,132752,2008-05-07 23:40:04,7,10,2019-01-28 23:15:00,"The Medical University of South Carolina wants to spend $137 million on 4 rural hospitals, according to official do‚Ä¶ https://t.co/H95l301f7G"
1090014154692485120,14693499,332,131270,3804,1688,132752,2008-05-07 23:40:04,1,3,2019-01-28 22:30:00,Column: The Preservation Society‚Äôs Carolopolis awards shows the city‚Äôs preservation ethic thrives even without form‚Ä¶ https://t.co/S1KvT6cQ5r
1090002829056581634,14693499,332,131270,3804,1688,132752,2008-05-07 23:40:04,2,5,2019-01-28 21:45:00,"The Charleston region‚Äôs economic growth ranks among best in the US, but there are drawbacks.

https://t.co/y0cok6mqo6"
1089992266935160833,14693499,332,131270,3804,1688,132752,2008-05-07 23:40:04,6,9,2019-01-28 21:03:02,"Every several years, it's time for another million-dollar renovation project at Riley Park.

The RiverDogs' stadium‚Ä¶ https://t.co/ETTBolil92"
1089983954906767362,14693499,332,131270,3804,1688,132752,2008-05-07 23:40:04,1,0,2019-01-28 20:30:00,"The Charleston County School District could make major changes to its school choice process tonight.

https://t.co/ZxxqU9lekG"
1089976408653234176,14693499,332,131270,3804,1688,132752,2008-05-07 23:40:04,1,1,2019-01-28 20:00:01,"Is coal the cheapest way to provide electricity to customers?

That's the question at the heart of whether Santee C‚Ä¶ https://t.co/9mBmxUq0Kr"
1089968855454269440,14693499,332,131270,3804,1688,132752,2008-05-07 23:40:04,1,0,2019-01-28 19:30:00,"Super Bowl Sunday is coming up. No plans yet? No worries.

Here are 15 Super Bowl parties you can attend in Charles‚Ä¶ https://t.co/Ej6e46yIES"
1089961308995211264,14693499,332,131270,3804,1688,132752,2008-05-07 23:40:04,1,1,2019-01-28 19:00:01,"The ripple effect of an ill-fated business deal still haunts the Charleston School of Law.

https://t.co/ReJx5uUE6T"
1089953000704147456,14693499,332,131270,3804,1688,132752,2008-05-07 23:40:04,1,7,2019-01-28 18:27:00,"Clemson‚Äôs elite junior day generated 2 more commitments for the Tigers‚Äô 2020 football recruiting class.

https://t.co/tgxtOmB4nh"
1089943941120696325,14693499,332,131270,3804,1688,132752,2008-05-07 23:40:04,3,3,2019-01-28 17:51:00,"After 77 years, King St. mainstay Anne's is closing up shop.

https://t.co/O9Tt22IeBz"
1089934379458035712,14693499,332,131270,3804,1688,132752,2008-05-07 23:40:04,14,26,2019-01-28 17:13:00,"‚ÄúThe organization was taking a turn I didn‚Äôt want it to take,‚Äù says the South Carolina Secessionist Party leader. 

https://t.co/zSVU0ZvckE"
1089930899129622529,14693499,332,131270,3804,1688,132752,2008-05-07 23:40:04,4,0,2019-01-28 16:59:10,"RT @AndyShain: Let me show you what you're missing if you're not signed up for the @postandcourier's Palmetto Politics daily newsletter.
He‚Ä¶"
1089927284553850880,14693499,332,131270,3804,1688,132752,2008-05-07 23:40:04,0,1,2019-01-28 16:44:49,"Four people have been arrested and charged after a man and dog were shot to death at a Summerville residence, polic‚Ä¶ https://t.co/e41a7MeUDj"
1089922298667257866,14693499,332,131270,3804,1688,132752,2008-05-07 23:40:04,9,19,2019-01-28 16:25:00,We compiled a list of some of the most potentially influential Democrats in South Carolina  ‚Äî people who could play‚Ä¶ https://t.co/HFoCQnuibL
1089914245402132480,14693499,332,131270,3804,1688,132752,2008-05-07 23:40:04,3,9,2019-01-28 15:53:00,Thousands of federal employees in South Carolina are returning to work today ‚Äî or with the anticipation of being pa‚Ä¶ https://t.co/8mpR0nexGY
1089909212602355712,14693499,332,131270,3804,1688,132752,2008-05-07 23:40:04,5,2,2019-01-28 15:33:00,A North Charleston man is facing multiple charges after a person was killed and three others were injured in a DUI‚Ä¶ https://t.co/eJSRxawigZ
1089908524996538368,14693499,332,131270,3804,1688,132752,2008-05-07 23:40:04,3,0,2019-01-28 15:30:16,"RT @MaryCaitlinByrd: Shutdown over, federal workers return today in SC, with pay https://t.co/lSAWiZo59b #scpol #scnews #chsnews

Are you a‚Ä¶"
1089901441731514374,14693499,332,131270,3804,1688,132752,2008-05-07 23:40:04,1,0,2019-01-28 15:02:07,"The owner's of @WorkshopCHS are taking a hard look at how to keep the struggling fancy food court afloat.

https://t.co/t56BIpR7Lw"
1089878376523972608,14693499,332,131270,3804,1688,132752,2008-05-07 23:40:04,2,0,2019-01-28 13:30:28,RT @SCMitchP: Att: @postandcourier print subscribers on Twitter. We had mechanical issues on the press last night so you may see later than‚Ä¶
1089870708199563265,14693499,332,131270,3804,1688,132752,2008-05-07 23:40:04,2,5,2019-01-28 13:00:00,A hotel in downtown Charleston has topped TripAdvisor's list of 'Best Hotels in the US' ‚Äî and landed 6th best in th‚Ä¶ https://t.co/EygsEeA0vy
1089863158590828545,14693499,332,131270,3804,1688,132752,2008-05-07 23:40:04,1,4,2019-01-28 12:30:00,A new housing development featuring homes starting in the low $200Ks is set to rise in Berkeley County near Charles‚Ä¶ https://t.co/KIdqzh9K0t
1089855610303070210,14693499,332,131270,3804,1688,132752,2008-05-07 23:40:04,11,9,2019-01-28 12:00:00,"Despite grassroots efforts and policy changes, typical rents and home prices in the Charleston region remain higher‚Ä¶ https://t.co/JgrUNbi1Di"
1089848060216111112,14693499,332,131270,3804,1688,132752,2008-05-07 23:40:04,6,15,2019-01-28 11:30:00,"Editorial: Medical marijuana can ease suffering

https://t.co/MiqfyXO7gJ"
1089712164594745345,14693499,332,131270,3804,1688,132752,2008-05-07 23:40:04,4,7,2019-01-28 02:30:00,Home showings in the Charleston area were down in December for the 5th consecutive month compared to the same perio‚Ä¶ https://t.co/jPYVBlALel
1089697064039211013,14693499,332,131270,3804,1688,132752,2008-05-07 23:40:04,3,4,2019-01-28 01:30:00,"South Carolina is already drawing plenty of attention more than a year before the state‚Äôs 2020 primary.   

Why ear‚Ä¶ https://t.co/cUCCy7aOqb"
1089681964905390080,14693499,332,131270,3804,1688,132752,2008-05-07 23:40:04,0,8,2019-01-28 00:30:00,"An upscale hotel near City Market has topped TripAdvisor‚Äôs list of 'Best Hotels in the US.'

https://t.co/wCJ554F9pP"
