1094497149985873920,3934221,1479,56820,1095,903,47377,2007-04-09 19:11:24,10,0,2019-02-10 07:23:49,RT @SpokesmanSports: ‚úçÔ∏è From @JPBlanchette: Never in the Randy Bennett era at Saint Mary‚Äôs have the Gaels been so rudely and ruthlessly und‚Ä¶
1094492183237816320,3934221,1479,56820,1095,903,47377,2007-04-09 19:11:24,5,0,2019-02-10 07:04:05,"RT @SpokesmanSports: üèÄ #Gonzaga does it all in 94-46 rout over Saint Mary‚Äôs

üì∞ Analysis of @ZagMBB's victory from @SRJimm ‚û°Ô∏è https://t.co/s‚Ä¶"
1094470545687470081,3934221,1479,56820,1095,903,47377,2007-04-09 19:11:24,1,0,2019-02-10 05:38:07,RT @SpokesmanSports: üèÄ #Gonzaga-Saint Mary‚Äôs: 3 keys to the Bulldogs‚Äô 94-46 victory over the Gaels ‚û°Ô∏è https://t.co/S9hZTqjJLW https://t.co/‚Ä¶
1094467343223205888,3934221,1479,56820,1095,903,47377,2007-04-09 19:11:24,2,0,2019-02-10 05:25:23,"RT @SpokesmanSports: üì∫ TV Take: Sean Franham and Roxy Bernstein couldn‚Äôt stop gushing about GU, especially in the opening half. And why not‚Ä¶"
1094446095919280129,3934221,1479,56820,1095,903,47377,2007-04-09 19:11:24,2,0,2019-02-10 04:00:57,"RT @SpokesmanSports: üèÄ No. 4 Gonzaga taking it to Saint Mary's at the half in the Kennel. Zags lead by 33

- Clarke (GU): 12 pts, 4 reb, 2‚Ä¶"
1094443434973097984,3934221,1479,56820,1095,903,47377,2007-04-09 19:11:24,3,0,2019-02-10 03:50:23,RT @SpokesmanSports: ‚úçÔ∏è From @JPBlanchette: Football‚Äôs success gives Washington State Athletic Director Pat Chun extra momentum for Year 2‚Ä¶
1094430885166833664,3934221,1479,56820,1095,903,47377,2007-04-09 19:11:24,2,0,2019-02-10 03:00:31,RT @SpokesmanSports: üèÄ Updates: No. 4 Gonzaga faces rival Saint Mary‚Äôs in the Kennel ‚û°Ô∏è https://t.co/tG2mBxhCM5 https://t.co/qIKM3FxlmC
1094430861112442976,3934221,1479,56820,1095,903,47377,2007-04-09 19:11:24,1,0,2019-02-10 03:00:25,"RT @SpokesmanSports: Tonight's starting 5Ô∏è‚É£ for @ZagMBB vs. Saint Mary's

Updates: https://t.co/tG2mBxzdDD      
Follow: @SRJimm https://t.‚Ä¶"
1094425316372635649,3934221,1479,56820,1095,903,47377,2007-04-09 19:11:24,3,0,2019-02-10 02:38:23,RT @SpokesmanSports: üèÄ @ZagMBB junior forward Killian Tillie is expected to miss at least the rest of the regular season with a partially t‚Ä¶
1094413094841774080,3934221,1479,56820,1095,903,47377,2007-04-09 19:11:24,17,0,2019-02-10 01:49:49,"RT @SRJimm: Few on Tillie's partially torn ligament: ""We feel terrible for Killian. He is an incredible teammate and an absolute joy to coa‚Ä¶"
1094413061778108416,3934221,1479,56820,1095,903,47377,2007-04-09 19:11:24,36,0,2019-02-10 01:49:41,RT @SRJimm: Killian Tillie suffered a torn ligament in right foot. Timeline for recovery is uncertain. Won't require surgery.
1094332608631078913,3934221,1479,56820,1095,903,47377,2007-04-09 19:11:24,1,6,2019-02-09 20:30:00,"Democratic Sen. Elizabeth Warren made her bid for the presidency official on Saturday, grounding her 2020 campaign‚Ä¶ https://t.co/CfxUhGmxIj"
1094326850120179712,3934221,1479,56820,1095,903,47377,2007-04-09 19:11:24,11,0,2019-02-09 20:07:07,RT @WSDOT_East: US 395 north of Deer Park from Dahl Rd. to Spotted Rd. is closed until further notice. https://t.co/cLy0kY9LSD
1094323343703007232,3934221,1479,56820,1095,903,47377,2007-04-09 19:11:24,1,1,2019-02-09 19:53:11,"Spokane woke up Saturday to 4 to 7 inches of new snow in some areas, a few power outages, lots of car crashes and s‚Ä¶ https://t.co/NhE57mY7wu"
1094133705495306240,3934221,1479,56820,1095,903,47377,2007-04-09 19:11:24,11,0,2019-02-09 07:19:38,RT @SR_MadisonM: Be sure to pick up Saturday's @SpokesmanSports to read @JPBlanchette and @SRJimm's stories on @ZagMBB's shot-blocking sens‚Ä¶
1094126949381812224,3934221,1479,56820,1095,903,47377,2007-04-09 19:11:24,2,0,2019-02-09 06:52:47,"RT @SpokesmanSports: üèí The @spokanechiefs definitely played some of their best hockey in Friday‚Äôs 8-3 win over the Victoria Royals
https://‚Ä¶"
1094111843977576448,3934221,1479,56820,1095,903,47377,2007-04-09 19:11:24,7,0,2019-02-09 05:52:45,RT @SpokesmanSports: üèÄ The greatest anticipation at McCarthey Athletic Center is reserved for when an opponent dares to attack the rim ‚Äì an‚Ä¶
1094050299168190464,3934221,1479,56820,1095,903,47377,2007-04-09 19:11:24,0,0,2019-02-09 01:48:12,Spokane Mayor David Condon keeps focus on the future in his final State of the City address https://t.co/elM3yw85o9 https://t.co/yfzZOZf4QV
1094041929040326657,3934221,1479,56820,1095,903,47377,2007-04-09 19:11:24,0,1,2019-02-09 01:14:56,@thelocalhistory @NWSSpokane Thank you for the encouragement.
1094039325874958337,3934221,1479,56820,1095,903,47377,2007-04-09 19:11:24,0,0,2019-02-09 01:04:36,@thelocalhistory @NWSSpokane The story has been getting updated throughout the day as new information has been coming in.
1094036580539330560,3934221,1479,56820,1095,903,47377,2007-04-09 19:11:24,6,0,2019-02-09 00:53:41,RT @NWSSpokane: May see a lull in the light snow early this evening from Spokane to Colville &amp; even toward Sandpoint. This will be short li‚Ä¶
1094034562152226816,3934221,1479,56820,1095,903,47377,2007-04-09 19:11:24,10,0,2019-02-09 00:45:40,"RT @NWSSpokane: Snow is starting to stick in Wenatchee, Quincy &amp; Mansfield. Anticipate snow intensity to increase this evening. Drive with‚Ä¶"
1094029407902097408,3934221,1479,56820,1095,903,47377,2007-04-09 19:11:24,1,0,2019-02-09 00:25:11,RT @SRTMC: Updated: US 2 from Spokane to Newport: Snow covered road.
1094021973271764992,3934221,1479,56820,1095,903,47377,2007-04-09 19:11:24,2,0,2019-02-08 23:55:39,RT @AvistaUtilities: There are outages in the North Spokane area. We are currently assessing the situation. Visit https://t.co/Sk4z5fQbw0 f‚Ä¶
1094018274021363712,3934221,1479,56820,1095,903,47377,2007-04-09 19:11:24,24,0,2019-02-08 23:40:57,"RT @NWSSeattle: Current conditions at Snoqualmie Pass: 17¬∫F and snowing. Snow and slush on the roadways, traction tires and required. If yo‚Ä¶"
1094018016658870274,3934221,1479,56820,1095,903,47377,2007-04-09 19:11:24,11,0,2019-02-08 23:39:55,RT @wspd6pio: #Beware - Troopers reporting areas of extremely poor visibility from Snoqualmie summit to Easton.
1094005829194342400,3934221,1479,56820,1095,903,47377,2007-04-09 19:11:24,1,0,2019-02-08 22:51:29,"With conflicting testimony on whether the risk of measles is greater than the danger of the vaccine to prevent it,‚Ä¶ https://t.co/fR5Q4OHTiv"
1093991854721294336,3934221,1479,56820,1095,903,47377,2007-04-09 19:11:24,9,0,2019-02-08 21:55:58,RT @NWSSpokane: Here's how much more snow is on tap for the region. The bulk of the snow is still expected overnight tonight especially for‚Ä¶
1093977204231331841,3934221,1479,56820,1095,903,47377,2007-04-09 19:11:24,3,3,2019-02-08 20:57:45,"Wolf shot, killed about 40 miles from Spokane in area with no documented packs https://t.co/XsKib9upKu https://t.co/cj19U6L7As"
1093962039326732288,3934221,1479,56820,1095,903,47377,2007-04-09 19:11:24,1,0,2019-02-08 19:57:29,"RT @kiphillreporter: Condon makes reference to the joint council/administrative strategic plan, which has guided his priorities in the last‚Ä¶"
1093962023673638912,3934221,1479,56820,1095,903,47377,2007-04-09 19:11:24,1,0,2019-02-08 19:57:25,"RT @kiphillreporter: ""This year isn't about looking back,"" Condon says, taking the stage. Says he's looking ahead to the future."
1093961153275867136,3934221,1479,56820,1095,903,47377,2007-04-09 19:11:24,4,0,2019-02-08 19:53:58,"RT @DNicholsSR: UPDATE: at 11:42 Pasco School District cancelled all activities for the weekend, including the basketball games at Pasco an‚Ä¶"
1093958970211938304,3934221,1479,56820,1095,903,47377,2007-04-09 19:11:24,0,0,2019-02-08 19:45:17,Spokane Mayor David Condon preparing to give his final State of the City Address. @kiphillreporter is covering the‚Ä¶ https://t.co/FeYMfxzVGA
1093957100508606464,3934221,1479,56820,1095,903,47377,2007-04-09 19:11:24,5,0,2019-02-08 19:37:52,"RT @DNicholsSR: Just spoke w/Herb Rotchford, D8/GSL Director. Everything in Spokane is on FOR NOW. If travel impacts teams coming in from T‚Ä¶"
1093954884133564417,3934221,1479,56820,1095,903,47377,2007-04-09 19:11:24,1,0,2019-02-08 19:29:03,"RT @kiphillreporter: Room is filling up as snow falls outside for Mayor David Condon‚Äôs State of the City address, set to begin in a few min‚Ä¶"
1093945069604724736,3934221,1479,56820,1095,903,47377,2007-04-09 19:11:24,2,0,2019-02-08 18:50:03,RT @kiphillreporter: Mayor David Condon will deliver his final state of the city address this morning around 11:30 a.m. You can watch on th‚Ä¶
1093944990365937664,3934221,1479,56820,1095,903,47377,2007-04-09 19:11:24,0,0,2019-02-08 18:49:44,David R. McConnell warned his stepdaughter if she ever told police about how he impregnated her years ago when she‚Ä¶ https://t.co/2wZfwduN6N
1093768790964199424,3934221,1479,56820,1095,903,47377,2007-04-09 19:11:24,2,0,2019-02-08 07:09:35,RT @SpokesmanSports: ‚úçÔ∏è From @JPBlanchette: The WCC gave a laudable accounting of itself in the pre-New Year‚Äôs free-for-all and could still‚Ä¶
1093760685731794950,3934221,1479,56820,1095,903,47377,2007-04-09 19:11:24,2,0,2019-02-08 06:37:23,"RT @SpokesmanSports: üèÄ Offense, defense share spotlight as #Gonzaga routs San Francisco

üì∞ Analysis of @ZagMBB's victory from @SRJimm ‚û°Ô∏è ht‚Ä¶"
1093749188934828032,3934221,1479,56820,1095,903,47377,2007-04-09 19:11:24,6,0,2019-02-08 05:51:42,"RT @SpokesmanSports: üèÄ @ZagMBB is just more than 75 percent of the way through its season, yet Brandon Clarke has found himself at the top‚Ä¶"
1093730372146188289,3934221,1479,56820,1095,903,47377,2007-04-09 19:11:24,1,0,2019-02-08 04:36:55,RT @SpokesmanSports: üì∫ TV Take: The first two games between fourth-ranked Gonzaga and the University of San Francisco haven‚Äôt been within s‚Ä¶
1093725195846660096,3934221,1479,56820,1095,903,47377,2007-04-09 19:11:24,1,0,2019-02-08 04:16:21,RT @SpokesmanSports: üèÄ #Gonzaga-San Francisco: 3 keys to the Bulldogs‚Äô 92-62 victory over the Dons ‚û°Ô∏è https://t.co/It4SSMol33 https://t.co/‚Ä¶
1093721859936251904,3934221,1479,56820,1095,903,47377,2007-04-09 19:11:24,0,3,2019-02-08 04:03:06,@BartMihailovich Yesterday. Kicks in around 6 each evening
1093720008436310016,3934221,1479,56820,1095,903,47377,2007-04-09 19:11:24,4,0,2019-02-08 03:55:45,"RT @SpokesmanSports: üèÄ No. 4 #Gonzaga blows past Dons in 30-point win in Kennel 

- Clarke (GU): 20 pts, 16 reb, 5 blk
- Hachimura (GU): 17‚Ä¶"
1093709472743051264,3934221,1479,56820,1095,903,47377,2007-04-09 19:11:24,7,0,2019-02-08 03:13:53,"RT @TheoLawson_SR: #WSU picks up its first road win of the season, beating #ASU 91-70 in Tempe. This was always a team that could score on‚Ä¶"
1093704765182140416,3934221,1479,56820,1095,903,47377,2007-04-09 19:11:24,4,0,2019-02-08 02:55:10,"RT @SpokesmanSports: üèÄ No. 4 Gonzaga leads San Francisco by 13 at the half

- Norvell Jr. (GU): 15 pts, 3-3 3pt
- Clarke (GU): 11 pts, 8 re‚Ä¶"
1093696545650761728,3934221,1479,56820,1095,903,47377,2007-04-09 19:11:24,27,0,2019-02-08 02:22:31,RT @SpokesmanSports: ‚úã @brandonclarke23 breaks the #Gonzaga school record for blocks in a season with his 71st https://t.co/XY9jzr8192
1093695653845168128,3934221,1479,56820,1095,903,47377,2007-04-09 19:11:24,2,0,2019-02-08 02:18:58,RT @SpokesmanSports: üèÄ Updates: No. 4 Gonzaga hosts San Francisco in WCC rematch ‚û°Ô∏è https://t.co/SxWmJvtXuZ https://t.co/rCgchgcpbJ
1093688418284892161,3934221,1479,56820,1095,903,47377,2007-04-09 19:11:24,2,0,2019-02-08 01:50:13,"RT @SpokesmanSports: Tonight's starting 5Ô∏è‚É£ for @ZagMBB vs. San Francisco

Updates: https://t.co/SxWmJvtXuZ       
Follow: @SRJimm https://‚Ä¶"
1093684371955974144,3934221,1479,56820,1095,903,47377,2007-04-09 19:11:24,2,0,2019-02-08 01:34:08,Dog electrocuted in downtown Spokane in apparent ‚Äòstray voltage‚Äô incident outside bank https://t.co/HlPZFoc73e https://t.co/xOAGy0cv8l
1093679311591108608,3934221,1479,56820,1095,903,47377,2007-04-09 19:11:24,2,0,2019-02-08 01:14:02,"RT @SpokesmanSports: üèÄ Gonzaga great Adam Morrison got the Hall call from the West Coast Conference. Morrison, the 2006 co-national player‚Ä¶"
1093674377684500480,3934221,1479,56820,1095,903,47377,2007-04-09 19:11:24,1,0,2019-02-08 00:54:25,RT @wtcampbell: The suspect was arrested. https://t.co/Kwf7IhhGzA
1093672832377118720,3934221,1479,56820,1095,903,47377,2007-04-09 19:11:24,2,0,2019-02-08 00:48:17,"RT @wspd4pio: üö®üö®Traffic Alert üö®üö®

Whitman Co - SR 27 MP17, 2 miles N of Palouse, WA

Semi-Truck lost load of hay. @WSDOT_East and troopers‚Ä¶"
1093669979898036225,3934221,1479,56820,1095,903,47377,2007-04-09 19:11:24,1,0,2019-02-08 00:36:57,RT @wtcampbell: A manager at Sweet Burrito said she estimated thousands of dollars in damage from the tables and benches that were destroye‚Ä¶
1093669961094971392,3934221,1479,56820,1095,903,47377,2007-04-09 19:11:24,1,0,2019-02-08 00:36:52,RT @wtcampbell: Police are administering a field sobriety test on the driver. https://t.co/F6ZNOAldEW
1093669931508367360,3934221,1479,56820,1095,903,47377,2007-04-09 19:11:24,1,0,2019-02-08 00:36:45,RT @wtcampbell: https://t.co/hTeUEVC0w7
1093669829716787200,3934221,1479,56820,1095,903,47377,2007-04-09 19:11:24,1,0,2019-02-08 00:36:21,"RT @wtcampbell: A truck crashed into the Sweeto Burrito on Nora and Ruby. The driver doesn‚Äôt believe he was driving the car, according to P‚Ä¶"
1093654267280351232,3934221,1479,56820,1095,903,47377,2007-04-09 19:11:24,1,1,2019-02-07 23:34:31,And we thought it was cold here in Spokane this morning ... https://t.co/4jDGEi8QUL
1093651860727070721,3934221,1479,56820,1095,903,47377,2007-04-09 19:11:24,0,2,2019-02-07 23:24:57,"@wernies @nathan_h_b Right? Also, no such thing as too many of those garlic bread sticks. Eat now, pay later."
1093651035585822720,3934221,1479,56820,1095,903,47377,2007-04-09 19:11:24,0,2,2019-02-07 23:21:40,"@wernies @nathan_h_b Happy actually this pasta was created in Rome, which is in Italy, by a chef whose name was, wait for it, Alfredo,  Day."
1093649906068185088,3934221,1479,56820,1095,903,47377,2007-04-09 19:11:24,0,3,2019-02-07 23:17:11,Happy National Fettuccine Alfredo Day everyone! What is everyone doing today to celebrate National Fettuccine Alfre‚Ä¶ https://t.co/M8GNs4ZPJr
1093632593000509440,3934221,1479,56820,1095,903,47377,2007-04-09 19:11:24,1,0,2019-02-07 22:08:23,"RT @SRTMC: Updated: Collision blocking all three lanes on I-90 EB at milepost 289.82 near SR 27 Sb beginning at 1:28 pm on February 7, 2019‚Ä¶"
1093630962527723520,3934221,1479,56820,1095,903,47377,2007-04-09 19:11:24,4,0,2019-02-07 22:01:54,RT @WSDOT_East: Traffic backed up to Argonne right now due to a crash at the Pines exit on EB I-90. Please be patient as cars are passing t‚Ä¶
1093628537490161664,3934221,1479,56820,1095,903,47377,2007-04-09 19:11:24,2,0,2019-02-07 21:52:16,"RT @TomHolm4: One man in custody. No one else shot besides the agent, according to authorities https://t.co/1ECULAto79"
1093628494993514496,3934221,1479,56820,1095,903,47377,2007-04-09 19:11:24,6,0,2019-02-07 21:52:06,"RT @wspd4pio: üö®üö®Traffic Alert üö®üö®

EB I90 at Pines in Spokane Valley is blocked due to a four car, semi-truck crash. No serious injuries rep‚Ä¶"
1093628466749071360,3934221,1479,56820,1095,903,47377,2007-04-09 19:11:24,6,0,2019-02-07 21:51:59,RT @LewistonTribune: An FBI agent was shot today while serving a warrant in rural Nez Perce County. For more: https://t.co/a5gDVzYtMR
1093623285844066305,3934221,1479,56820,1095,903,47377,2007-04-09 19:11:24,1,0,2019-02-07 21:31:24,"RT @SRTMC: Collision blocking all three lanes on I-90 EB at milepost 289.82 near SR 27 Sb beginning at 1:28 pm on February 7, 2019 until fu‚Ä¶"
1093622795001520128,3934221,1479,56820,1095,903,47377,2007-04-09 19:11:24,0,1,2019-02-07 21:29:27,"With 90 percent of avalanches triggered by the victims, should meditation, mindfulness become backcountry tools?‚Ä¶ https://t.co/zUGPxgIU9e"
1093615385482485760,3934221,1479,56820,1095,903,47377,2007-04-09 19:11:24,1,1,2019-02-07 21:00:00,"Shopko to close North Spokane, Spokane Valley and Pullman stores https://t.co/0FiJ79uVLX https://t.co/Wa8vulRysO"
1093613603326898176,3934221,1479,56820,1095,903,47377,2007-04-09 19:11:24,14,0,2019-02-07 20:52:56,RT @NWSSpokane: Strong and gusty winds are expected are expected to develop on Saturday as the winter storm moves through. The combination‚Ä¶
1093606770591711232,3934221,1479,56820,1095,903,47377,2007-04-09 19:11:24,0,0,2019-02-07 20:25:46,Residents cite density concerns from proposed development at 28th and Adams in Spokane Valley‚Ä¶ https://t.co/UccHDlAQHH
1093601803852115968,3934221,1479,56820,1095,903,47377,2007-04-09 19:11:24,1,0,2019-02-07 20:06:02,"RT @SpokesmanSports: üèÄ Motivation strong for #Gonzaga, San Francisco in rematch

Tonight's game preview ‚û°Ô∏è https://t.co/SBrxbvdWCo https://‚Ä¶"
1093600701169655808,3934221,1479,56820,1095,903,47377,2007-04-09 19:11:24,0,0,2019-02-07 20:01:39,"Only 2 percent of Spokane water, trash customers pay bills on time. City officials hope to change that.‚Ä¶ https://t.co/znpOuvuadm"
1093598015569375232,3934221,1479,56820,1095,903,47377,2007-04-09 19:11:24,1,0,2019-02-07 19:50:59,RT @iflyspokane: The Garage Parking Lot is full. Please use the Outside Parking Lot or Economy Parking Lot. https://t.co/zb7DnEx95G
1093591317077143552,3934221,1479,56820,1095,903,47377,2007-04-09 19:11:24,2,0,2019-02-07 19:24:22,"Racist robocaller now living in Montana, but harassment in Sandpoint continues https://t.co/T0ntLEn7m9 https://t.co/Z7s5gPiM7k"
1093579247875047425,3934221,1479,56820,1095,903,47377,2007-04-09 19:11:24,1,0,2019-02-07 18:36:25,"RT @vinceg55: It's basketball night in the U.S. That's every Thursday this time of year, right? But there are only a couple of football sig‚Ä¶"
1093579227494899712,3934221,1479,56820,1095,903,47377,2007-04-09 19:11:24,3,0,2019-02-07 18:36:20,RT @elijah_nicholas: Yellowstone wolves flounder in snow while hunting elk. Video supports research reported this summer by @billingsgazett‚Ä¶
1093579163062030336,3934221,1479,56820,1095,903,47377,2007-04-09 19:11:24,3,0,2019-02-07 18:36:04,RT @kramer_becky: Penn Fix reflects on customer stories as Dodson's Jewelers in Spokane prepares to close. One man got so nervous buying an‚Ä¶
1093389463030394880,3934221,1479,56820,1095,903,47377,2007-04-09 19:11:24,4,0,2019-02-07 06:02:16,"RT @SpokesmanSports: üèà With both the early period and the official national signing day in the books, @TheoLawson_SR analyzes WSU‚Äôs latest‚Ä¶"
1093367227498225664,3934221,1479,56820,1095,903,47377,2007-04-09 19:11:24,1,0,2019-02-07 04:33:55,Tune in to @KHQLocalNews for latest updates on @CentralWashU at 10 &amp; 11 and pick up a copy of @SpokesmanReview in t‚Ä¶ https://t.co/jEVWwExA6o
1093352569097748481,3934221,1479,56820,1095,903,47377,2007-04-09 19:11:24,8,11,2019-02-07 03:35:40,A reported shooter at Central Washington University turned out to be a false alarm after the school went into lock‚Ä¶ https://t.co/xPiIsdm82r
1093346870930198528,3934221,1479,56820,1095,903,47377,2007-04-09 19:11:24,558,0,2019-02-07 03:13:02,RT @CentralWashU: University police reported that all buildings have been secured and the campus is safe and all-clear.
1093338748689862656,3934221,1479,56820,1095,903,47377,2007-04-09 19:11:24,3,1,2019-02-07 02:40:45,Report of active shooter at @CentralWashU campus. Campus police warning people to stay out of area.‚Ä¶ https://t.co/ib5i9ilsyQ
1093328602815287296,3934221,1479,56820,1095,903,47377,2007-04-09 19:11:24,3,1,2019-02-07 02:00:26,.@CWUObserver &amp; @cwu_police say there is a report of an active shooter on @CentralWashU campus in vicinity of Lind Hall.
1093313752043114496,3934221,1479,56820,1095,903,47377,2007-04-09 19:11:24,2,0,2019-02-07 01:01:25,"RT @SpokesmanSports: üèà @WSUCougFB bolsters both sides of line, inking two players on National Signing Day 
https://t.co/YqmbluA2kC"
1093277944242266112,3934221,1479,56820,1095,903,47377,2007-04-09 19:11:24,2,0,2019-02-06 22:39:08,"RT @TheoLawson_SR: As always, really informative stuff from @M_Chaz, @AlexBrink10 &amp; @JessamynMcIntyr. Interview w/ #WSU early enrollee QB G‚Ä¶"
1093259899360882688,3934221,1479,56820,1095,903,47377,2007-04-09 19:11:24,1,1,2019-02-06 21:27:26,Washington considers requirement for diaper changing stations in new restaurants in women‚Äôs and men‚Äôs restrooms‚Ä¶ https://t.co/rcGX3Jb4Yu
1092991047708246016,3934221,1479,56820,1095,903,47377,2007-04-09 19:11:24,0,2,2019-02-06 03:39:07,"Trade-NAFTA, Drug Pricing, Wages, Minority Unemployment, Human Trafficking, Economy, Women in the Workforce and Ene‚Ä¶ https://t.co/0FnHISWKcT"
1092990298324529153,3934221,1479,56820,1095,903,47377,2007-04-09 19:11:24,1,0,2019-02-06 03:36:08,RT @wtcampbell: 334 people in Spokane Valley are affected by a power outage. Updates to follow. https://t.co/83Lzv19NDq
1092988174886830080,3934221,1479,56820,1095,903,47377,2007-04-09 19:11:24,1,4,2019-02-06 03:27:42,President Donald Trump said Tuesday during #SOTU2019  he will hold a two-day summit with North Korea leader Kim Jon‚Ä¶ https://t.co/BXqfwWGFQc
1092980370276896768,3934221,1479,56820,1095,903,47377,2007-04-09 19:11:24,1,0,2019-02-06 02:56:41,AP FACT CHECK: Trump‚Äôs claims in his State of Union address (Updating throughout #SOTU2019 )‚Ä¶ https://t.co/Dl3r1HuTSI
1092968119641858048,3934221,1479,56820,1095,903,47377,2007-04-09 19:11:24,4,0,2019-02-06 02:08:00,"RT @TheoLawson_SR: #WSU picks up a verbal commitment from 6-0, 170-pound slot WR Zion Sorani. Goes to Cathedral Catholic in San Diego, had‚Ä¶"
1092966755037675520,3934221,1479,56820,1095,903,47377,2007-04-09 19:11:24,0,0,2019-02-06 02:02:35,President Donald Trump‚Äôs State of the Union: What to listen for in the Inland Northwest https://t.co/oGaGrMOAYs‚Ä¶ https://t.co/GN84ETjQQe
1092936044574498816,3934221,1479,56820,1095,903,47377,2007-04-09 19:11:24,1,0,2019-02-06 00:00:33,"RT @kiphillreporter: President Trump will deliver an address tonight in a similar position, but with a much different audience, than last y‚Ä¶"
1092935041657622528,3934221,1479,56820,1095,903,47377,2007-04-09 19:11:24,4,0,2019-02-05 23:56:34,RT @SRJimm: Promising center Oumar Ballo schedules recruiting visit to Gonzaga https://t.co/x93FmWiHoh
1092894947403980800,3934221,1479,56820,1095,903,47377,2007-04-09 19:11:24,3,0,2019-02-05 21:17:15,"RT @glovetrain: Breaking: Inmates at Coyote Ridge Corrections Center have been on a hunger strike since Friday, mostly over food made in Sp‚Ä¶"
1092892070405038080,3934221,1479,56820,1095,903,47377,2007-04-09 19:11:24,2,0,2019-02-05 21:05:49,"A majority of inmates at Coyote Ridge Corrections Center in Connell have launched a hunger strike, mostly in protes‚Ä¶ https://t.co/NLXdJHo5k7"
1092887860108087296,3934221,1479,56820,1095,903,47377,2007-04-09 19:11:24,2,0,2019-02-05 20:49:05,"RT @amyedelen: Artist Richard Warrington, who created a sculpture for Spokane Valley last year, is upset that city officials decided to sto‚Ä¶"
1092887502782849025,3934221,1479,56820,1095,903,47377,2007-04-09 19:11:24,1,0,2019-02-05 20:47:40,"RT @kramer_becky: Twenty-nine property owners at Priest Lake challenged Bonner County's assessed valuation of their waterfront lots. 
https‚Ä¶"
1092871361544970240,3934221,1479,56820,1095,903,47377,2007-04-09 19:11:24,2,0,2019-02-05 19:43:31,RT @elijah_nicholas: Anglers thrill in the chill of winter fishing https://t.co/CSlfVzqwL8
1092871009097605120,3934221,1479,56820,1095,903,47377,2007-04-09 19:11:24,1,0,2019-02-05 19:42:07,"RT @SRTMC: Updated: SR 26, from Washtucna to US 195, Colfax: compact snow and ice. SR 26, from I-90, Vantage, to Washtucna: bare and wet wi‚Ä¶"
1092511921360723969,3934221,1479,56820,1095,903,47377,2007-04-09 19:11:24,1,0,2019-02-04 19:55:14,RT @glovetrain: Inbox: @benshapiro is coming to Gonzaga in the spring. Previous coverage: https://t.co/vAza7A7upg https://t.co/rDU7TYqIFu
1092211130745839616,3934221,1479,56820,1095,903,47377,2007-04-09 19:11:24,3,6,2019-02-04 00:00:00,"When a Portland comedian was detained by U.S. Border Patrol agents last weekend at the Spokane Intermodal Center, h‚Ä¶ https://t.co/7Mycf2Del0"
1092180938488860672,3934221,1479,56820,1095,903,47377,2007-04-09 19:11:24,2,6,2019-02-03 22:00:02,"On this day in history: Last minute attempts to avoid a general strike in Seattle failed, and the city was bracing‚Ä¶ https://t.co/w47DnAUIGU"
1092150735872147457,3934221,1479,56820,1095,903,47377,2007-04-09 19:11:24,0,1,2019-02-03 20:00:01,Permit writers at the National Oceanic and Atmospheric Administration are hopeful they can meet a March 15 deadline‚Ä¶ https://t.co/9My63C5ofs
1092119969205108736,3934221,1479,56820,1095,903,47377,2007-04-09 19:11:24,1,1,2019-02-03 17:57:45,"Get tickets for Northwest Passages Book Club's An Evening with Author Pam Houston (""Deep Creek,"" ‚ÄúCowboys are My We‚Ä¶ https://t.co/E44b0BkWxE"
1092110939124465669,3934221,1479,56820,1095,903,47377,2007-04-09 19:11:24,3,2,2019-02-03 17:21:52,Author @pam_houston writes about finding home and hope in the American West in ‚ÄòDeep Creek.‚Äô She comes to Spokane F‚Ä¶ https://t.co/gPdAvFaDOW
1092105437074182144,3934221,1479,56820,1095,903,47377,2007-04-09 19:11:24,3,2,2019-02-03 17:00:01,"The statue of Marcus Whitman has stood in the U.S. Capitol Statuary Hall since 1876. 

If a proposal prompts a chan‚Ä¶ https://t.co/az0kqsHJfg"
1092075238253314048,3934221,1479,56820,1095,903,47377,2007-04-09 19:11:24,0,1,2019-02-03 15:00:01,"Everybody wants to cut down on plastic pollution in the oceans, but opponents of proposals to ban plastic bags and‚Ä¶ https://t.co/74rXDoP4LG"
1091959573932429312,3934221,1479,56820,1095,903,47377,2007-04-09 19:11:24,4,0,2019-02-03 07:20:24,"RT @SpokesmanSports: ‚úçÔ∏è From @JPBlanchette: The promise and, in a small way, the problem of Killian Tillie as Gonzaga basketball dips its t‚Ä¶"
1091941410721259520,3934221,1479,56820,1095,903,47377,2007-04-09 19:11:24,1,0,2019-02-03 06:08:14,"RT @SpokesmanSports: üèÄ Rui Hachimura, supporting cast spur #Gonzaga past San Diego, 85-69

üì∞ Analysis of @ZagMBB's victory from @SRJimm ‚û°Ô∏è‚Ä¶"
1091907572800544769,3934221,1479,56820,1095,903,47377,2007-04-09 19:11:24,2,0,2019-02-03 03:53:46,RT @SpokesmanSports: üèÄ #Gonzaga-San Diego: 3 keys to the Bulldogs‚Äô 85-69 victory over the Toreros ‚û°Ô∏è https://t.co/UAvP36dFiF https://t.co/d‚Ä¶
1091902246588010496,3934221,1479,56820,1095,903,47377,2007-04-09 19:11:24,1,0,2019-02-03 03:32:36,"RT @SpokesmanSports: üì∫ TV Take: San Diego didn‚Äôt get its first win at McCarthey, but it avoided the fate which has befallen most of Gonzaga‚Ä¶"
1091894667602321409,3934221,1479,56820,1095,903,47377,2007-04-09 19:11:24,2,0,2019-02-03 03:02:29,"RT @SpokesmanSports: üèÄ No. 4 #Gonzaga powers past San Diego in the Kennel, 85-69

- Hachimura (GU): 32 pts, 7 reb
- Norvell Jr. (GU): 21 pt‚Ä¶"
1091878942510702592,3934221,1479,56820,1095,903,47377,2007-04-09 19:11:24,8,25,2019-02-03 02:00:00,"The Ferris High School gym was full Saturday as firefighters, Hoopfest teammates, Special Olympics athletes, Albert‚Ä¶ https://t.co/GstpdOgtcc"
1091877767237402624,3934221,1479,56820,1095,903,47377,2007-04-09 19:11:24,1,0,2019-02-03 01:55:20,"RT @SpokesmanSports: üèÄ Going back and forth in the Kennel as No. 4 Gonzaga leads San Diego by 8 at the half

- Hachimura (GU): 20 pts, 3 re‚Ä¶"
1091864250350370818,3934221,1479,56820,1095,903,47377,2007-04-09 19:11:24,1,0,2019-02-03 01:01:37,RT @SpokesmanSports: üèÄ Updates: No. 4 Gonzaga hosts upstart San Diego ‚û°Ô∏è https://t.co/yJY6YwRmGI https://t.co/cdrdaIjUnd
1091841192021524480,3934221,1479,56820,1095,903,47377,2007-04-09 19:11:24,0,0,2019-02-02 23:30:00,As several 2020 Democratic presidential candidates call for Virginia Gov. Ralph Northam to resign following the dis‚Ä¶ https://t.co/itvmHSLmfk
1091818542737969152,3934221,1479,56820,1095,903,47377,2007-04-09 19:11:24,4,5,2019-02-02 22:00:00,"Washington state Rep. Joel Kretz, R-Wauconda, has introduced a bill that would move wolves onto Bainbridge Island.‚Ä¶ https://t.co/rhzl0KclD3"
1091782004704665600,3934221,1479,56820,1095,903,47377,2007-04-09 19:11:24,0,2,2019-02-02 19:34:48,"Don't put your winter gear away just yet. 

Looks like we have quite the cold snap coming our way next week. https://t.co/Vqj2uM5zwp"
1091778596203487232,3934221,1479,56820,1095,903,47377,2007-04-09 19:11:24,0,1,2019-02-02 19:21:16,"If Punxsutawney Phil's predictions hold true, it looks like spring could be coming early this year.‚Ä¶ https://t.co/b7B7Dh13C7"
1091736679960829952,3934221,1479,56820,1095,903,47377,2007-04-09 19:11:24,3,0,2019-02-02 16:34:42,"RT @VoiceofKristi: In book club - first rule is talk about book club. @SpokesmanReview book club hosts fascinating authors &amp; fun, smart  pe‚Ä¶"
1091577618002931712,3934221,1479,56820,1095,903,47377,2007-04-09 19:11:24,4,0,2019-02-02 06:02:39,"RT @wspd4pio: üö®üö®Traffic Alert üö®üö®

US2 MP329 in Pend Oreille Co 5 miles S of Newport 

Troopers are on scene 2 car fatal crash. 

Roadway is‚Ä¶"
1091566332363960320,3934221,1479,56820,1095,903,47377,2007-04-09 19:11:24,1,5,2019-02-02 05:17:48,"A fight at Ferris High School, in which a resource officer Shawn Audie put his knee to a student‚Äôs neck, is drawing‚Ä¶ https://t.co/1YjM3yP4cd"
1091533994401816577,3934221,1479,56820,1095,903,47377,2007-04-09 19:11:24,3,0,2019-02-02 03:09:18,"RT @SpokesmanSports: üèà Los Angeles Rams miss injured receiver Cooper Kupp heading into the Super Bowl
https://t.co/u4352LXtv6"
1091486357682307072,3934221,1479,56820,1095,903,47377,2007-04-09 19:11:24,1,3,2019-02-02 00:00:01,The Iowa Supreme Court says an insurance company doesn‚Äôt have to pay for damages after a squirrel climbed onto an e‚Ä¶ https://t.co/KMXTfw79Jz
1091485559032184833,3934221,1479,56820,1095,903,47377,2007-04-09 19:11:24,21,0,2019-02-01 23:56:50,"RT @SpokesmanSports: üèÄ Future @ZagMBB guard @Brock3ravet becomes Washington‚Äôs all-time scoring leader

üì∞: https://t.co/8lew8zaI5u https://t‚Ä¶"
1091484841621696515,3934221,1479,56820,1095,903,47377,2007-04-09 19:11:24,0,1,2019-02-01 23:53:59,"‚ÄúIt‚Äôs been an emotional 2 weeks making the hardest decision of my life, but I have accepted that I cannot continue‚Ä¶ https://t.co/ElDU8bh3OX"
1091478804596514816,3934221,1479,56820,1095,903,47377,2007-04-09 19:11:24,1,4,2019-02-01 23:30:00,"Gardner Minshew, Andre Dillard, James Williams will make up Washington State‚Äôs contingent at NFL Combine‚Ä¶ https://t.co/Pf2u5opzK8"
1091471254937194496,3934221,1479,56820,1095,903,47377,2007-04-09 19:11:24,1,1,2019-02-01 23:00:00,Operation Flamingo Lift: Thousands of baby flamingos in jeopardy amidst drought conditions being airlifted to safet‚Ä¶ https://t.co/V84vkIKDIO
1091469740952891393,3934221,1479,56820,1095,903,47377,2007-04-09 19:11:24,0,0,2019-02-01 22:53:59,Sheriff Knezovich also discussed his feelings on I-1639 and 'grandstanding' sheriffs with @ClouseThomas in today's‚Ä¶ https://t.co/4xr3e1j8li
1091463704858681344,3934221,1479,56820,1095,903,47377,2007-04-09 19:11:24,0,0,2019-02-01 22:30:00,The Environmental Protection Agency has appointed a scientist who argues for easing regulations on lower-level radi‚Ä¶ https://t.co/GVmsHRn7Ki
1091456172480065536,3934221,1479,56820,1095,903,47377,2007-04-09 19:11:24,2,0,2019-02-01 22:00:04,"RT @kiphillreporter: Just spoke with Coeur d'Alene schools. They've identified 1,200 students who may be susceptible to the virus who would‚Ä¶"
1091456159331028992,3934221,1479,56820,1095,903,47377,2007-04-09 19:11:24,0,0,2019-02-01 22:00:01,".@vinceg55 -- After the Huskies visited Spokane in December, we should have known where they would be right now‚Ä¶ https://t.co/fCfVdnC5Aw"
1091456068163497984,3934221,1479,56820,1095,903,47377,2007-04-09 19:11:24,2,0,2019-02-01 21:59:39,"RT @bychadsokol: I just heard back from Bennett's attorney, Matt Taylor, who said they're considering a variety of claims against UI, inclu‚Ä¶"
1091452404279570432,3934221,1479,56820,1095,903,47377,2007-04-09 19:11:24,13304,0,2019-02-01 21:45:06,RT @GeraldFSeib: It was 17 years ago this week that our friend and WSJ collegue Daniel Pearl was killed by terrorists in Pakistan. That is‚Ä¶
1091440618625130497,3934221,1479,56820,1095,903,47377,2007-04-09 19:11:24,3,0,2019-02-01 20:58:16,"RT @NWSSpokane: Planning out your weekend?

A weak weather system will bring unsettled weather today to the Inland NW, with a few showers c‚Ä¶"
1091433507036037121,3934221,1479,56820,1095,903,47377,2007-04-09 19:11:24,0,0,2019-02-01 20:30:00,UI administrators double down amid criticism of text alert implying professor was a safety threat‚Ä¶ https://t.co/7LukvmW1MC
1091429597223108608,3934221,1479,56820,1095,903,47377,2007-04-09 19:11:24,8,0,2019-02-01 20:14:28,"RT @kiphillreporter: According to Spokane Public Schools, 2,550 students - or about 8 percent of the student population - may have to stay‚Ä¶"
1091429550901227520,3934221,1479,56820,1095,903,47377,2007-04-09 19:11:24,5,12,2019-02-01 20:14:17,"""It's a great view from here. I'm having the time of my life.""  

~ @NASA astronaut &amp; @usairforce LTC Michael Ander‚Ä¶ https://t.co/ReNIWHRFJc"
1091425389694447616,3934221,1479,56820,1095,903,47377,2007-04-09 19:11:24,3,6,2019-02-01 19:57:45,School and health officials in Spokane County are urging parents and staff members to update their immunization rec‚Ä¶ https://t.co/BTJHIFvvvj
1091413373256904706,3934221,1479,56820,1095,903,47377,2007-04-09 19:11:24,0,11,2019-02-01 19:10:00,Spokane County Sheriff Ozzie Knezovich has a message to those who want him to publicly refuse to enforce Washington‚Ä¶ https://t.co/uwz8I6TbTO
1091407294032560128,3934221,1479,56820,1095,903,47377,2007-04-09 19:11:24,0,3,2019-02-01 18:45:50,The Spokane City Council wants you to support tax to maintain 30 firefighters and hire 20 new police officers. The‚Ä¶ https://t.co/9mvH3R49yt
1091404461342220288,3934221,1479,56820,1095,903,47377,2007-04-09 19:11:24,3,0,2019-02-01 18:34:35,RT @jcamden: #WaLeg has proposal to raise fees on studded tires to $100 each on July 1 and eventually phase them out. https://t.co/3bxwtYhQ‚Ä¶
1091404446905511936,3934221,1479,56820,1095,903,47377,2007-04-09 19:11:24,2,0,2019-02-01 18:34:32,"RT @jcamden: #WaLeg bill to ban dwarf tossing draws passionate support from little people, criticism for lawyer who reps entertainment comp‚Ä¶"
1091230683530317824,3934221,1479,56820,1095,903,47377,2007-04-09 19:11:24,1,0,2019-02-01 07:04:03,"RT @SpokesmanSports: üèÄ #Gonzaga silences BYU, crowd en route to 93-63 victory

üì∞ Analysis of @ZagMBB's victory from @SRJimm ‚û°Ô∏è https://t.co‚Ä¶"
1091225790073561090,3934221,1479,56820,1095,903,47377,2007-04-09 19:11:24,3,0,2019-02-01 06:44:37,RT @SpokesmanSports: üèÄ #Gonzaga-BYU: 3 keys to the Bulldogs‚Äô 93-63 victory over the Cougars ‚û°Ô∏è https://t.co/9slPm4KfjN https://t.co/hIpfhaZ‚Ä¶
1091221054440144896,3934221,1479,56820,1095,903,47377,2007-04-09 19:11:24,2,0,2019-02-01 06:25:47,"RT @SpokesmanSports: üì∫ TV Take: Most times Gonzaga appears on ESPN, the analyst has little-to-no connection to one of the nation‚Äôs winninge‚Ä¶"
1091213203936141312,3934221,1479,56820,1095,903,47377,2007-04-09 19:11:24,7,0,2019-02-01 05:54:36,"RT @SpokesmanSports: üèÄ No. 4 #Gonzaga blasts BYU in Provo, 93-63

- Clarke (GU): 23 pts, 9 reb
- Hachimura (GU): 20 pts, 9 reb
- Haws (BYU)‚Ä¶"
1091208232226381824,3934221,1479,56820,1095,903,47377,2007-04-09 19:11:24,15,0,2019-02-01 05:34:50,"RT @TheoLawson_SR: Gardner Minshew, Andre Dillard, James Williams to make up #WSU contingent at NFL Combine. It's the third time since 2015‚Ä¶"
1091197113608724480,3934221,1479,56820,1095,903,47377,2007-04-09 19:11:24,2,0,2019-02-01 04:50:40,"RT @SpokesmanSports: üèÄ No. 4 Gonzaga leads by 17 at the half over BYU

- Hachimura (GU): 11 pts, 5 reb
- Norvell Jr. (GU): 10 pts, 2-2 3pt‚Ä¶"
1091185260857937921,3934221,1479,56820,1095,903,47377,2007-04-09 19:11:24,2,0,2019-02-01 04:03:34,"RT @SpokesmanSports: Tonight's starting 5Ô∏è‚É£ for @ZagMBB at BYU 

Updates: https://t.co/pqaqYN07hq  
Follow: @SRJimm https://t.co/JDZhN5c9vZ"
1091152342068604928,3934221,1479,56820,1095,903,47377,2007-04-09 19:11:24,2,0,2019-02-01 01:52:45,RT @NWSSpokane: Our next weather system will move in Friday morning and will bring a few hours of freezing rain to the valleys along the Ca‚Ä¶
1091150806928113664,3934221,1479,56820,1095,903,47377,2007-04-09 19:11:24,0,2,2019-02-01 01:46:39,"QUIZ: 

1. Who would you rather listen to, @primus or @ArianaGrande?  

Remember to show your work. https://t.co/KXt0V44zNH"
1091123969179217920,3934221,1479,56820,1095,903,47377,2007-04-09 19:11:24,0,2,2019-02-01 00:00:01,"100 Years Ago in Spokane: Spokane formed its own branch of the @NAACP . In a meeting at the Bethel A.M.E. Church, 9‚Ä¶ https://t.co/Y0RXGjQbUh"
1091109801478610945,3934221,1479,56820,1095,903,47377,2007-04-09 19:11:24,1,0,2019-01-31 23:03:43,RT @TheoLawson_SR: Minshew's invite to the NFL Combine came in early January. Andre Dillard will also go to Indianapolis. James Williams to‚Ä¶
1091108868531372032,3934221,1479,56820,1095,903,47377,2007-04-09 19:11:24,3,11,2019-01-31 23:00:00,Yakima County sheriff won‚Äôt enforce new gun law https://t.co/rLIAOex3sP https://t.co/2FCrz4Fzot
1091104789050548224,3934221,1479,56820,1095,903,47377,2007-04-09 19:11:24,12,0,2019-01-31 22:43:48,"RT @NWSSpokane: We are tracking 2 storm systems through early next week: 1 Fri-Sat, and another Sun-Mon. Here are the latest snow forecast‚Ä¶"
1091101318939324416,3934221,1479,56820,1095,903,47377,2007-04-09 19:11:24,1,6,2019-01-31 22:30:00,The Idaho Fish and Game commission voted last week to drastically reduce the number of available moose tags for the‚Ä¶ https://t.co/UA9xdTe3z0
1091099692304236544,3934221,1479,56820,1095,903,47377,2007-04-09 19:11:24,0,1,2019-01-31 22:23:32,@amanda_braley Thanks for sticking with us and supporting local journalism Amanda. We try and publish really cool a‚Ä¶ https://t.co/6xbTC7vxPr
1091097542522068997,3934221,1479,56820,1095,903,47377,2007-04-09 19:11:24,0,0,2019-01-31 22:15:00,Trump says State of Union address to stress ‚Äòunity‚Äô https://t.co/SZcwJwDsq0 https://t.co/615v8W7ptO
1091093769691123713,3934221,1479,56820,1095,903,47377,2007-04-09 19:11:24,0,1,2019-01-31 22:00:00,".@vinceg55 -- UCLA, BYU bring back memories for local college basketball fans https://t.co/dMuZvYyLwM https://t.co/kGSdgWqdTA"
1091062803832614912,3934221,1479,56820,1095,903,47377,2007-04-09 19:11:24,7,0,2019-01-31 19:56:58,RT @NWSSpokane: Our period of dry weather comes to an end tonight as a system moves through the Inland Northwest. A stronger and colder sto‚Ä¶
1091030643826294784,3934221,1479,56820,1095,903,47377,2007-04-09 19:11:24,4,0,2019-01-31 17:49:10,RT @glovetrain: Hey Spokane tweeps. I'm looking for folks who've joy sparked their homes recently after watching Marie Kondo's Netflix show‚Ä¶
1090801141498109952,3934221,1479,56820,1095,903,47377,2007-04-09 19:11:24,10,0,2019-01-31 02:37:12,RT @NWSSpokane: Confidence is growing that a Canadian air mass will move over our region early next week.  Highs in the 20s will be common‚Ä¶
1090789912129892354,3934221,1479,56820,1095,903,47377,2007-04-09 19:11:24,0,1,2019-01-31 01:52:35,"Two more of Lori Isenberg's daughters, in addition to two who were sentenced in federal court Tuesday in CdA, have‚Ä¶ https://t.co/4UDdW1n2nv"
1090785881886142464,3934221,1479,56820,1095,903,47377,2007-04-09 19:11:24,2,0,2019-01-31 01:36:34,"UI bans journalism professor from Moscow campus, alleging meth use, access to guns https://t.co/x6ZwUi57by https://t.co/jgsCBcNie2"
1090782060652912640,3934221,1479,56820,1095,903,47377,2007-04-09 19:11:24,1,1,2019-01-31 01:21:23,Teen who was arrested for threatening to shoot up Lewis &amp; Clark High School last year arrested again Wednesday for‚Ä¶ https://t.co/EponMDRDj7
1090774115089174530,3934221,1479,56820,1095,903,47377,2007-04-09 19:11:24,1,0,2019-01-31 00:49:49,RT @glovetrain: Inbox: police have made an arrest in recent school shooting threats at Lewis and Clark High School. Suspect is former stude‚Ä¶
1090769128309342208,3934221,1479,56820,1095,903,47377,2007-04-09 19:11:24,0,0,2019-01-31 00:30:00,100 years ago in Puget Sound: 130 unions to participate in general strike https://t.co/vOEMXq1mkT https://t.co/5PUfgXD3Ns
1090759514356297728,3934221,1479,56820,1095,903,47377,2007-04-09 19:11:24,8,0,2019-01-30 23:51:48,"RT @NWSSpokane: The weather pattern will be changing as we progress over the next several days, into next week.  This is an evolving foreca‚Ä¶"
1090759384680939520,3934221,1479,56820,1095,903,47377,2007-04-09 19:11:24,11,0,2019-01-30 23:51:17,"RT @NickDeshais: Under this argument, nearly all of Spokane and Washington state is the functional equivalent of the border. https://t.co/h‚Ä¶"
1090754030274367488,3934221,1479,56820,1095,903,47377,2007-04-09 19:11:24,5,4,2019-01-30 23:30:00,".@vestal13 Border Patrol argues the 100-mile border zone, &amp; points of travel within, is the ‚Äúfunctional equivalent‚Äù‚Ä¶ https://t.co/MtyurBKpU1"
1090754028441665536,3934221,1479,56820,1095,903,47377,2007-04-09 19:11:24,0,1,2019-01-30 23:30:00,"After questioning of Portland comedian, Spokane Mayor David Condon says city can‚Äôt stop Border Patrol agents‚Ä¶ https://t.co/VBjzTa5CgF"
1090738930079547392,3934221,1479,56820,1095,903,47377,2007-04-09 19:11:24,1,2,2019-01-30 22:30:00,MacArthur Foundation grants another $1.9 million for criminal justice reform in Spokane County‚Ä¶ https://t.co/fKmVnVrF8A
1090735800801619968,3934221,1479,56820,1095,903,47377,2007-04-09 19:11:24,1,0,2019-01-30 22:17:34,RT @TheoLawson_SR: #WSU negotiated contract extensions with its offensive and defensive play-callers on Wednesday. Mike Leach and the Air R‚Ä¶
1090731380101660672,3934221,1479,56820,1095,903,47377,2007-04-09 19:11:24,0,0,2019-01-30 22:00:00,.@vinceg55 Show me 100 college basketball fans and I‚Äôll show you 98 who love offense. It‚Äôs pretty much the same in‚Ä¶ https://t.co/mwGJrTcErv
1090728048721199105,3934221,1479,56820,1095,903,47377,2007-04-09 19:11:24,6,0,2019-01-30 21:46:46,"RT @spokanehealth: MEASLES OR MMR QUESTIONS? @spokanehealth will be answering phones live tonight, 1/30, on @KHQLocalNews Connect Center du‚Ä¶"
1090726523189903361,3934221,1479,56820,1095,903,47377,2007-04-09 19:11:24,9,0,2019-01-30 21:40:42,RT @NWSSpokane: #Spokane is currently running at 60% of snowfall for this time of year. The mountains of the Inland Northwest are faring mu‚Ä¶
1090708730843299840,3934221,1479,56820,1095,903,47377,2007-04-09 19:11:24,0,3,2019-01-30 20:30:00,"Spokane‚Äôs housing market is bucking national trends, with home prices continuing to rise here.‚Ä¶ https://t.co/CCBIEFz7uu"
1090695323721248769,3934221,1479,56820,1095,903,47377,2007-04-09 19:11:24,0,0,2019-01-30 19:36:43,"Welcome to Great Northern School: 36 students, one 105-year-old school building donated by Great Northern Railway,‚Ä¶ https://t.co/bZt3qb0u6x"
1090693636663083008,3934221,1479,56820,1095,903,47377,2007-04-09 19:11:24,1,2,2019-01-30 19:30:01,"An abandoned home, which is a common marker along the Bloomsday route on Government Way, is also known for Crime Ch‚Ä¶ https://t.co/TAlZDP8I7k"
1090688271158366208,3934221,1479,56820,1095,903,47377,2007-04-09 19:11:24,11,12,2019-01-30 19:08:42,Researchers at Washington State University‚Äôs Elson S. Floyd College of Medicine have found that mortality rates in‚Ä¶ https://t.co/Z7OdZXzDJH
1090688011833008128,3934221,1479,56820,1095,903,47377,2007-04-09 19:11:24,2,0,2019-01-30 19:07:40,RT @adrianajanovich: Super Bowl LIII takes place Sunday at Mercedes-Benz Stadium in Atlanta and kicks off at 3:30 p.m. Pacific time. If you‚Ä¶
1090327021287133184,3934221,1479,56820,1095,903,47377,2007-04-09 19:11:24,2,0,2019-01-29 19:13:13,RT @amyedelen: Spokane Valley nuisance property law gives neighborhood new lease on life. https://t.co/jBwQF5zrvM
1090326784036368384,3934221,1479,56820,1095,903,47377,2007-04-09 19:11:24,2,0,2019-01-29 19:12:17,RT @vinceg55: As long as I can remember ‚Äì and that's a long time ‚Äì the WIAA has tried to balance out its classifications. The high school s‚Ä¶
1090326655069876224,3934221,1479,56820,1095,903,47377,2007-04-09 19:11:24,1,0,2019-01-29 19:11:46,"RT @AzariaP: Thanks so much to Michael Cavanaugh (@cavanaugh_music) for chatting this morning! Catch Michael performing ""The Music of #Bill‚Ä¶"
1090326628708712448,3934221,1479,56820,1095,903,47377,2007-04-09 19:11:24,1,0,2019-01-29 19:11:40,"RT @kiphillreporter: ""There‚Äôs no indication the administration has thought through this at any level. They just want to get out."" https://t‚Ä¶"
1090114206609756161,3934221,1479,56820,1095,903,47377,2007-04-09 19:11:24,7,0,2019-01-29 05:07:34,RT @joequist: Great crowd at the Bing to hear Super Bowl champs Jerry Kramer and Mark Rypien with hosts Dave Boling and Sam Adams. ‚Å¶@Spokes‚Ä¶
1090097687783862272,3934221,1479,56820,1095,903,47377,2007-04-09 19:11:24,3,5,2019-01-29 04:01:56,A former Spokane County Sheriff‚Äôs deputy was under investigation for the cold case murders of three women ‚Äì two of‚Ä¶ https://t.co/p9suqRW8oE
1090031482909802496,3934221,1479,56820,1095,903,47377,2007-04-09 19:11:24,0,0,2019-01-28 23:38:51,HOUSTON (AP) ‚Äì Police chief: Several officers shot in Houston incident.
1090004911717138432,3934221,1479,56820,1095,903,47377,2007-04-09 19:11:24,0,0,2019-01-28 21:53:16,@HeartlandDiary Thanks for sharing your thoughts with us.
1090003245139816448,3934221,1479,56820,1095,903,47377,2007-04-09 19:11:24,0,0,2019-01-28 21:46:39,"@HeartlandDiary We have written stories about the proposal to split Washington in half, but have not offered an end‚Ä¶ https://t.co/xEkpRcdZqD"
1090000856794030080,3934221,1479,56820,1095,903,47377,2007-04-09 19:11:24,1,4,2019-01-28 21:37:10,WASHINGTON (AP) ‚Äì House Speaker Pelosi invites Trump to deliver State of the Union address on Feb. 5.
1089992763175690240,3934221,1479,56820,1095,903,47377,2007-04-09 19:11:24,5,4,2019-01-28 21:05:00,"From our archives, 33 years ago Tuesday: ""A catastrophic explosion blew apart the space shuttle Challenger 74 secon‚Ä¶ https://t.co/C32WvlRUWO"
1089991511469477888,3934221,1479,56820,1095,903,47377,2007-04-09 19:11:24,1,0,2019-01-28 21:00:02,"RT @kiphillreporter: New federal rules require hospitals to post the pricing for their procedures online, but health care experts say don't‚Ä¶"
