1094725950799896576,14946895,127,113572,1120,1225,117163,2008-05-29 19:01:26,0,0,2019-02-10 22:33:00,"Judge orders evaluation after child abduction case defendant in ""almost catatonic"" state

https://t.co/YAWzpLjIvB"
1094714385988235266,14946895,127,113572,1120,1225,117163,2008-05-29 19:01:26,3,1,2019-02-10 21:47:03,"Norfolk police searching for hit-and-run driver who hit 85-year-old woman

https://t.co/fgz3Q0iSdx"
1094711103127515137,14946895,127,113572,1120,1225,117163,2008-05-29 19:01:26,0,0,2019-02-10 21:34:00,"A two-city search tracks down Publishers Clearing House prize winner

https://t.co/iSOMoJyk7s"
1094698016504799232,14946895,127,113572,1120,1225,117163,2008-05-29 19:01:26,3,1,2019-02-10 20:42:00,"Army's ""mad scientists"" want your best science fiction to prepare for the future

https://t.co/lqo6cWEayD"
1094687194093105152,14946895,127,113572,1120,1225,117163,2008-05-29 19:01:26,0,2,2019-02-10 19:59:00,"If you're looking to celebrate pancake day, Chesapeake has some tasty options

https://t.co/rlMtneSB3l"
1094673787768000512,14946895,127,113572,1120,1225,117163,2008-05-29 19:01:26,1,2,2019-02-10 19:05:43,"Border wall talks at an impasse as another shutdown looms Friday, officials say

https://t.co/YK636odYUS"
1094663225382264839,14946895,127,113572,1120,1225,117163,2008-05-29 19:01:26,4,16,2019-02-10 18:23:45,"Fate of 90-year-old Virginia ham smokehouse hangs in balance ‚Äî and may go to state Supreme Court

https://t.co/1DLgjXqwEW"
1094650705011400705,14946895,127,113572,1120,1225,117163,2008-05-29 19:01:26,1,3,2019-02-10 17:34:00,"York County photographer who had ""a lens to the world"" dies at age 92

https://t.co/d3F62TvplV"
1094638122481213441,14946895,127,113572,1120,1225,117163,2008-05-29 19:01:26,4,4,2019-02-10 16:44:00,"""It was never funny or cool"": #SNL confronts Virginia's blackface scandal

https://t.co/lJSOko914E"
1094630572608020480,14946895,127,113572,1120,1225,117163,2008-05-29 19:01:26,3,1,2019-02-10 16:14:00,"With EVMS in spotlight over racist photos, 1980s alumni recall an intense, collegial atmosphere

https://t.co/7khevYPJM8"
1094622293010116608,14946895,127,113572,1120,1225,117163,2008-05-29 19:01:26,2,2,2019-02-10 15:41:06,"Adoptable cats, dogs and a guinea pig found homes over the holidays

https://t.co/ACfcHeeVIY"
1094613568480268288,14946895,127,113572,1120,1225,117163,2008-05-29 19:01:26,10,8,2019-02-10 15:06:26,"Women accusing Fairfax of sexual assault would be willing to testify at impeachment proceedings

https://t.co/NCsuv9Oiqq"
1094376880961187845,14946895,127,113572,1120,1225,117163,2008-05-29 19:01:26,6,0,2019-02-09 23:25:55,RT @pierceall: Got to cover something fun today - a cube competition - and met this kid from Virginia Beach who just started playing with c‚Ä¶
1094364547941568512,14946895,127,113572,1120,1225,117163,2008-05-29 19:01:26,7,0,2019-02-09 22:36:55,RT @ByPeterCoutu: Virginia wants more action on climate change. These five maps show how residents feel on specific policies https://t.co/p‚Ä¶
1094349526016626689,14946895,127,113572,1120,1225,117163,2008-05-29 19:01:26,6,8,2019-02-09 21:37:13,"Virginia wants more action on climate change. 

Here's where residents stand on renewable energy, carbon emissions‚Ä¶ https://t.co/leAGJYZikH"
1094334799576215552,14946895,127,113572,1120,1225,117163,2008-05-29 19:01:26,0,0,2019-02-09 20:38:42,"Breaking: Man shot by Virginia Beach police during hours-long incident, officials say https://t.co/u6XnObxkMA"
1094316659735756800,14946895,127,113572,1120,1225,117163,2008-05-29 19:01:26,5,3,2019-02-09 19:26:37,"Northam still contends that he is not in the photograph of one person in blackface and another in KKK robes. 

He s‚Ä¶ https://t.co/jYZRPFX880"
1094314011334795264,14946895,127,113572,1120,1225,117163,2008-05-29 19:01:26,25,30,2019-02-09 19:16:06,Northam said he has asked his cabinet secretaries to come up with specific proposals to begin addressing issues of‚Ä¶ https://t.co/GoQKh4Jbkx
1094306932914118656,14946895,127,113572,1120,1225,117163,2008-05-29 19:01:26,10,15,2019-02-09 18:47:58,"In first interview since scandal, Virginia Gov. Ralph Northam says he wants to spend the remaining three years of h‚Ä¶ https://t.co/B3W8GZyynm"
1094297630715400192,14946895,127,113572,1120,1225,117163,2008-05-29 19:01:26,0,1,2019-02-09 18:11:00,A grandma helped her boyfriend register to vote in North Carolina. She was just sentenced to prison for it. https://t.co/JbqWbokIzE
1094291588895920128,14946895,127,113572,1120,1225,117163,2008-05-29 19:01:26,1,5,2019-02-09 17:47:00,Where to get international foods in Hampton Roads https://t.co/OH2xlRcO7T
1094287230808530947,14946895,127,113572,1120,1225,117163,2008-05-29 19:01:26,2,4,2019-02-09 17:29:41,"Hampton Roads seems to be attracting more immigrants in recent years.

And now, more international grocery markets‚Ä¶ https://t.co/UWHPEYSlHp"
1094282025471741954,14946895,127,113572,1120,1225,117163,2008-05-29 19:01:26,5,3,2019-02-09 17:09:00,"We asked Virginians for their thoughts on recent political scandals. 

Here's what they said. https://t.co/WbECTeZra0"
1094278250623389696,14946895,127,113572,1120,1225,117163,2008-05-29 19:01:26,5,4,2019-02-09 16:54:00,"Former Chesapeake sheriff's deputy smuggled heroin into city jail, feds say https://t.co/fLiKFRMyb6"
1094274475917561856,14946895,127,113572,1120,1225,117163,2008-05-29 19:01:26,11,14,2019-02-09 16:39:00,"Black Virginia voters feel betrayed, left in no-win scenario https://t.co/LSL7RgJcQ9"
1094270028000698371,14946895,127,113572,1120,1225,117163,2008-05-29 19:01:26,10,12,2019-02-09 16:21:19,The Democratic Party of Virginia has now called on Lt. Gov. Justin Fairfax to resign https://t.co/iSyyW2600B
1094266674440822784,14946895,127,113572,1120,1225,117163,2008-05-29 19:01:26,1,2,2019-02-09 16:08:00,"Calling it ""new normal,"" ICE agents in North Carolina arrest hundreds of immigrants https://t.co/I0GCgvlhS4"
1094263405370732544,14946895,127,113572,1120,1225,117163,2008-05-29 19:01:26,0,1,2019-02-09 15:55:00,Norfolk schools shorted employees‚Äô pay for over a decade ‚Äî but will give only months of back pay https://t.co/vLYRta1MWf
1094260131330547712,14946895,127,113572,1120,1225,117163,2008-05-29 19:01:26,0,1,2019-02-09 15:42:00,Virginia Beach parents can now track school buses with new app https://t.co/bSxoPoqPFQ
1094256608136310784,14946895,127,113572,1120,1225,117163,2008-05-29 19:01:26,1,3,2019-02-09 15:28:00,How the managing partner of a multi-billion dollar private equity firm became a college basketball coach in Virginia https://t.co/twiINIm9dI
1094253236071120897,14946895,127,113572,1120,1225,117163,2008-05-29 19:01:26,1,6,2019-02-09 15:14:36,"Virginia House Speaker Kirk Cox called for Lt. Gov. Justin Fairfax's resignation this morning.

Cox said Fairfax's‚Ä¶ https://t.co/q2aNNqqzSv"
1094248555047501824,14946895,127,113572,1120,1225,117163,2008-05-29 19:01:26,4,0,2019-02-09 14:56:00,It's been nearly 3 weeks and Tangier Island is still without fresh water https://t.co/XzjLTZj8jY
1094248294136590339,14946895,127,113572,1120,1225,117163,2008-05-29 19:01:26,0,0,2019-02-09 14:54:58,"@kevin_tucker_ dang we're just missing that sweet, sweet 70s weather. Thanks, Kevin."
1094245283641335808,14946895,127,113572,1120,1225,117163,2008-05-29 19:01:26,31,89,2019-02-09 14:43:00,"We broke a record for heat yesterday.

Today, the high is in the 30s. 

Oh, Virginia. https://t.co/TJxSjKPztV"
1094242518743412737,14946895,127,113572,1120,1225,117163,2008-05-29 19:01:26,1,3,2019-02-09 14:32:01,"There's a new build-your-own pizza place coming to Virginia Beach, and it'll be the first opening for this company‚Ä¶ https://t.co/uxM16uCmwl"
1094239007641423873,14946895,127,113572,1120,1225,117163,2008-05-29 19:01:26,0,7,2019-02-09 14:18:04,This could be the largest and oldest magnolia tree in all of North Carolina https://t.co/y2HVPPeJ06
1093997907861213185,14946895,127,113572,1120,1225,117163,2008-05-29 19:01:26,3,5,2019-02-08 22:20:01,"""I will not resign,"" Virginia Lt. Gov. Justin Fairfax says in new statement https://t.co/iSyyW2600B"
1093995488939073538,14946895,127,113572,1120,1225,117163,2008-05-29 19:01:26,7,4,2019-02-08 22:10:24,Statement from Lt. Gov. Justin Fairfax after second woman accuses him of sexual assault. https://t.co/S79jpU24fQ
1093994863840894976,14946895,127,113572,1120,1225,117163,2008-05-29 19:01:26,20,24,2019-02-08 22:07:55,"NEW: Former Virginia Gov. Terry McAuliffe calls for ""immediate resignation"" of Lt. Gov. Justin Fairfax after second‚Ä¶ https://t.co/6Jy5DclooL"
1093989514446598144,14946895,127,113572,1120,1225,117163,2008-05-29 19:01:26,8,10,2019-02-08 21:46:40,BREAKING: Second woman accuses Virginia Lt. Gov. Justin Fairfax of sexual assault https://t.co/iSyyW2600B
1093978173908369408,14946895,127,113572,1120,1225,117163,2008-05-29 19:01:26,0,1,2019-02-08 21:01:36,"Virginia Lt. Gov. Justin Faifax's accuser told friends of sexual assault in past two years
https://t.co/iSyyW2600B"
1093968207545651200,14946895,127,113572,1120,1225,117163,2008-05-29 19:01:26,3,0,2019-02-08 20:22:00,"We asked Virginians for their thoughts on the recent political scandals. 
Here's what they said.
https://t.co/WbECTeHPLq"
1093964122218205184,14946895,127,113572,1120,1225,117163,2008-05-29 19:01:26,1,1,2019-02-08 20:05:46,"Saturday, ODU's women's basketball team will play in their 17th annual Play For the Cure game.
For both coach Nikki‚Ä¶ https://t.co/BjYjixgO1J"
1093957906905657346,14946895,127,113572,1120,1225,117163,2008-05-29 19:01:26,4,8,2019-02-08 19:41:04,"Virginia Beach parents can now track school buses with new app
https://t.co/bSxoPo9eOi"
1093951522721931265,14946895,127,113572,1120,1225,117163,2008-05-29 19:01:26,2,0,2019-02-08 19:15:42,"Norfolk schools shorted employees‚Äô pay for over a decade - but will give only months of back pay
https://t.co/vLYRtajokP"
1093946816565891072,14946895,127,113572,1120,1225,117163,2008-05-29 19:01:26,2,6,2019-02-08 18:57:00,"It's February...right?
https://t.co/TJxSjKxY5l"
1093942511926693888,14946895,127,113572,1120,1225,117163,2008-05-29 19:01:26,4,3,2019-02-08 18:39:53,"Breaking: A Chesapeake sheriff's deputy was arrested this morning on charges he smuggled heroin into the city jail
https://t.co/fLiKFRMyb6"
1093935528528044032,14946895,127,113572,1120,1225,117163,2008-05-29 19:01:26,1,1,2019-02-08 18:12:08,"Suffolk school is latest to close because of flu-related absences
https://t.co/ulLc2941PU"
1093928191096438784,14946895,127,113572,1120,1225,117163,2008-05-29 19:01:26,6,3,2019-02-08 17:42:59,"""How deep does this go?"" 
Racist photos spur talk of change in Virginia's health department
https://t.co/LpYlM9748D"
1093923314215645185,14946895,127,113572,1120,1225,117163,2008-05-29 19:01:26,0,4,2019-02-08 17:23:36,"Discovered just this week, the massive tree exists in relative obscurity behind a two-story house in Manteo, N.C.‚Ä¶ https://t.co/Fgnb0ZFUhK"
1093917624591736833,14946895,127,113572,1120,1225,117163,2008-05-29 19:01:26,0,1,2019-02-08 17:01:00,"US-Mexico border arrests fall in January, 2nd straight drop
https://t.co/x8WOOTLTyN"
1093911332913627138,14946895,127,113572,1120,1225,117163,2008-05-29 19:01:26,0,1,2019-02-08 16:36:00,"Law, oil and gas, private equity, then basketball? 
.@edmillervp introduces us to the nation's least-likely coach,‚Ä¶ https://t.co/h6X4BcHlgS"
1093907306964811777,14946895,127,113572,1120,1225,117163,2008-05-29 19:01:26,0,0,2019-02-08 16:20:00,"Got a question about Hampton Roads? Put a Pilot reporter on it!

We want to hear from you through Glad You Asked. 
https://t.co/KZQabIUi96"
1093903441989156865,14946895,127,113572,1120,1225,117163,2008-05-29 19:01:26,1,2,2019-02-08 16:04:38,"From hockey, concerts and food festivals - there's plenty to do this weekend - here's a list
https://t.co/EJdyvTAclm"
1093898013167284224,14946895,127,113572,1120,1225,117163,2008-05-29 19:01:26,3,3,2019-02-08 15:43:04,"Northam, Republicans agree on deal to return nearly $1 billion to Virginians
https://t.co/RfYgsPOMw2"
1093891236488986629,14946895,127,113572,1120,1225,117163,2008-05-29 19:01:26,4,4,2019-02-08 15:16:08,"Hoping to fill a gap in local resources for children, new mental, behavioral therapy day center opens in Portsmouth
https://t.co/yPZsS5qSrv"
1093886761598676992,14946895,127,113572,1120,1225,117163,2008-05-29 19:01:26,7,5,2019-02-08 14:58:22,"Atlantic hurricanes have grown more powerful and climate change is partly to blame, scientists say
https://t.co/6MxNXA5YGH"
1093879875998502913,14946895,127,113572,1120,1225,117163,2008-05-29 19:01:26,2,1,2019-02-08 14:31:00,"A school in Suffolk will close Friday because of flu-related absences
https://t.co/HfGTRUTgyr"
1093875849076498437,14946895,127,113572,1120,1225,117163,2008-05-29 19:01:26,0,0,2019-02-08 14:15:00,"Virginia Beach-based builder, Armada Hoffler, predicts growth this year after hitting 2018 target
https://t.co/HkelxNi3Ef"
1093871822657843200,14946895,127,113572,1120,1225,117163,2008-05-29 19:01:26,0,0,2019-02-08 13:59:00,"Man's obsession drove him to kill, prosecutors say; jury calls for 81 years
https://t.co/myBRptdWER"
1093867517100072960,14946895,127,113572,1120,1225,117163,2008-05-29 19:01:26,2,1,2019-02-08 13:41:53,"Defense Department could start funding off-base infrastructure fixes for sea level rise, flooding
https://t.co/e3AibkY6dz"
1093863311471456256,14946895,127,113572,1120,1225,117163,2008-05-29 19:01:26,0,2,2019-02-08 13:25:11,"Her contractions started about 5 a.m.
They figured they had plenty of time to make it to the hospital.
Well...
https://t.co/OlcF4m7Bxh"
1093858765701636099,14946895,127,113572,1120,1225,117163,2008-05-29 19:01:26,4,0,2019-02-08 13:07:07,"It was a record-breaking year for guns at Norfolk International Airport.

https://t.co/X17p7hkBoo"
1093855756397342721,14946895,127,113572,1120,1225,117163,2008-05-29 19:01:26,3,2,2019-02-08 12:55:09,"Where is Ralph Northam? 

Virginia's governor has been staying out of sight.
https://t.co/jsOAYu2Oed"
1093850620367388672,14946895,127,113572,1120,1225,117163,2008-05-29 19:01:26,0,2,2019-02-08 12:34:45,"Amazon CEO accuses National Enquirer parent company of ""extortion"" over ""intimate texts"" https://t.co/7YYx1xPevm"
1093847866680987653,14946895,127,113572,1120,1225,117163,2008-05-29 19:01:26,4,1,2019-02-08 12:23:48,"Ex-Virginia Beach probation officer lies, then lies some more, in $1 million fraud https://t.co/ZLvam7R6xG"
1093644826862596103,14946895,127,113572,1120,1225,117163,2008-05-29 19:01:26,1,4,2019-02-07 22:57:00,"Norfolk drops plan to take traffic lanes off Hampton Boulevard after resident outcry
https://t.co/RY3yo05E5C"
1093637277035581442,14946895,127,113572,1120,1225,117163,2008-05-29 19:01:26,3,3,2019-02-07 22:27:00,"Veterinarian sentenced for implanting heroin in puppies used as drug mules
https://t.co/SLiP090qlz"
1093631237514715136,14946895,127,113572,1120,1225,117163,2008-05-29 19:01:26,2,7,2019-02-07 22:03:00,"First Nationals manager, Hall of Famer, baseball pioneer Frank Robinson dies at 83
https://t.co/CixoliFd1J"
1093610545826152448,14946895,127,113572,1120,1225,117163,2008-05-29 19:01:26,6,7,2019-02-07 20:40:47,"Defense Department could start funding off-base infrastructure fixes for sea level rise, flooding
https://t.co/e3AibkY6dz"
1093606071296450560,14946895,127,113572,1120,1225,117163,2008-05-29 19:01:26,0,1,2019-02-07 20:23:00,"Trump takes fresh aim at Democrats as scrutiny by party intensifies
https://t.co/JzPArVRknk"
1093603540524781574,14946895,127,113572,1120,1225,117163,2008-05-29 19:01:26,25,16,2019-02-07 20:12:56,"New: Sen. Norment has released a statement:
""The use of blackface is abhorrent in our society and I emphatically co‚Ä¶ https://t.co/tkvhFpsZ2v"
1093601541909401601,14946895,127,113572,1120,1225,117163,2008-05-29 19:01:26,2,1,2019-02-07 20:05:00,"Army aims for more combat-ready troops with new fitness test
https://t.co/lgI9MgxpGP"
1093593868489109504,14946895,127,113572,1120,1225,117163,2008-05-29 19:01:26,0,1,2019-02-07 19:34:30,"Happening now: Our food writer, @matthewkorfhage is doing an AMA on Reddit. 
Ask him a question or two! 
https://t.co/IGJzRCqwpq"
1093583963107540992,14946895,127,113572,1120,1225,117163,2008-05-29 19:01:26,1,0,2019-02-07 18:55:09,"Got weekend plans yet? 
There's plenty going on - here's a list
https://t.co/EJdyvTAclm"
1093579810897645569,14946895,127,113572,1120,1225,117163,2008-05-29 19:01:26,3,4,2019-02-07 18:38:39,.@khafner15 with comment from VMI - thread üëá https://t.co/U2nnqI35l0
1093575450906034176,14946895,127,113572,1120,1225,117163,2008-05-29 19:01:26,5,1,2019-02-07 18:21:19,"Norfolk International Airport breaks record for confiscated guns
https://t.co/X17p7hkBoo"
1093565167550500866,14946895,127,113572,1120,1225,117163,2008-05-29 19:01:26,4383,4839,2019-02-07 17:40:28,"Breaking: Virginia Sen. Tommy Norment was an editor for VMI yearbook filled with racist photos and slurs
https://t.co/S3Tcj5qIF2"
1093561380584783872,14946895,127,113572,1120,1225,117163,2008-05-29 19:01:26,1,2,2019-02-07 17:25:25,"Free pizza for you and anyone you love on Valentine's Day
https://t.co/SNCEx2VZXF"
1093553946277396486,14946895,127,113572,1120,1225,117163,2008-05-29 19:01:26,0,0,2019-02-07 16:55:52,"President Trump suggested the U.S. presence in Iraq could be used to ""watch"" Iran
https://t.co/Fja0DCZpfX"
1093548598573305861,14946895,127,113572,1120,1225,117163,2008-05-29 19:01:26,3,1,2019-02-07 16:34:37,"Parkland attack fueled big shift in America's gun politics
https://t.co/LxlpY34G9L"
1093542453230080000,14946895,127,113572,1120,1225,117163,2008-05-29 19:01:26,9,2,2019-02-07 16:10:12,"U.S. Rep. Bobby Scott knew of Justin Fairfax allegation last year - but says he had few details
https://t.co/4Vti57Gj5S"
1093538375846506499,14946895,127,113572,1120,1225,117163,2008-05-29 19:01:26,3,0,2019-02-07 15:54:00,"Male inmate accused of sex assault on female inmate at Virginia jail
https://t.co/v166IBlz83"
1093534349180338176,14946895,127,113572,1120,1225,117163,2008-05-29 19:01:26,1,2,2019-02-07 15:38:00,"Trump predicts tumult among Democrats in Virginia will turn the state red in 2020
https://t.co/hb10DfbcPP"
1093530070977835008,14946895,127,113572,1120,1225,117163,2008-05-29 19:01:26,3,2,2019-02-07 15:21:00,"Gucci pulls ""blackface sweater"" from stores after social media backlash
https://t.co/hiiEFJd4Zq"
1093526191355674624,14946895,127,113572,1120,1225,117163,2008-05-29 19:01:26,0,2,2019-02-07 15:05:35,"Who are the hidden songwriters of Hampton Roads? 
https://t.co/8cQxYMFSIl"
1093515474858586112,14946895,127,113572,1120,1225,117163,2008-05-29 19:01:26,2,0,2019-02-07 14:23:00,"North Carolina woman accused of making false claims for disaster relief
https://t.co/hRFGTZDcT9"
1093511699653550080,14946895,127,113572,1120,1225,117163,2008-05-29 19:01:26,2,2,2019-02-07 14:08:00,Single women own more homes than single men in Hampton Roads and in every one of the 50 largest metro areas in the‚Ä¶ https://t.co/qVrvrgOwnY
1093511687364399106,14946895,127,113572,1120,1225,117163,2008-05-29 19:01:26,1,1,2019-02-07 14:07:57,"Update: Chesapeake police have located the missing man
https://t.co/ZvUx4zADuL"
1093507925165916160,14946895,127,113572,1120,1225,117163,2008-05-29 19:01:26,3,0,2019-02-07 13:53:00,"Chesapeake police searching for a missing man who has serious medical needs
https://t.co/ZvUx4zADuL"
1093504150208503808,14946895,127,113572,1120,1225,117163,2008-05-29 19:01:26,2,1,2019-02-07 13:38:00,Trump now says he wants more legal immigration https://t.co/pES2169J56
1093501130166976520,14946895,127,113572,1120,1225,117163,2008-05-29 19:01:26,3,2,2019-02-07 13:26:00,"Rapper criticizes Newport News police after drugs, firearms found on tour bus outside show https://t.co/d2B3ZS20Is"
1093498362127511553,14946895,127,113572,1120,1225,117163,2008-05-29 19:01:26,4,3,2019-02-07 13:15:00,SunTrust and BB&amp;T are merging in $66 billion deal https://t.co/I2a1y0fhog
1093494838870167553,14946895,127,113572,1120,1225,117163,2008-05-29 19:01:26,1,1,2019-02-07 13:01:00,"Our food writer, @matthewkorfhage, is doing an AMA on Reddit today. 

You can submit questions now. https://t.co/IGJzRCI7gY"
1093491063887671297,14946895,127,113572,1120,1225,117163,2008-05-29 19:01:26,6,22,2019-02-07 12:46:00,"Consultant says Virginia Beach should give more contracts to businesses owned by women, minorities https://t.co/n3BvTCQ7Ce"
1093488044181782528,14946895,127,113572,1120,1225,117163,2008-05-29 19:01:26,8,3,2019-02-07 12:34:00,"Scandal rocks the Democratic Party of Virginia: ""This is just devastating"" https://t.co/cTn1x2bdwQ"
1093484325092446208,14946895,127,113572,1120,1225,117163,2008-05-29 19:01:26,5,7,2019-02-07 12:19:13,"What exactly are the Outer Banks of North Carolina?

How far south do they extend? https://t.co/iGMqBzioFD"
1093279419815342082,14946895,127,113572,1120,1225,117163,2008-05-29 19:01:26,4,6,2019-02-06 22:45:00,"Time to take a walk, count the birds for the Great American Bird Count
https://t.co/yXPhRikeCY"
1093270611684552704,14946895,127,113572,1120,1225,117163,2008-05-29 19:01:26,0,5,2019-02-06 22:10:00,"Vice President Mike Pence thanks Coast Guardsmen in Portsmouth for working without pay during shutdown
https://t.co/J0kwZPdPIX"
1093265606495928327,14946895,127,113572,1120,1225,117163,2008-05-29 19:01:26,9,0,2019-02-06 21:50:07,"RT @gragonews: ‚ÄúI cannot believe, given my obvious distress, that Mr. Fairfax thought this forced sexual act was consensual,‚Äù Vanessa Tyson‚Ä¶"
1093265074599342080,14946895,127,113572,1120,1225,117163,2008-05-29 19:01:26,6,8,2019-02-06 21:48:00,"Latest: Woman who accused Virginia Lt. Gov. Justin Fairfax of sexual assault tells her side of the story
https://t.co/xUhodB7jWB"
1093261299872485376,14946895,127,113572,1120,1225,117163,2008-05-29 19:01:26,1,0,2019-02-06 21:33:00,"""Remote, heathen and barbarous lands"": Outer Banks name has a storied history 
https://t.co/iGMqBz0Nh3"
1093253247102566401,14946895,127,113572,1120,1225,117163,2008-05-29 19:01:26,3,6,2019-02-06 21:01:00,"A life remembered: Norfolk doctor helped low-income communities and women of color 
https://t.co/65dz0EA5am"
1093248213698646016,14946895,127,113572,1120,1225,117163,2008-05-29 19:01:26,1,1,2019-02-06 20:41:00,"Rapper criticizes Newport News police after drugs, firearms found on tour bus outside show
https://t.co/d2B3ZS20Is"
1093243935290314752,14946895,127,113572,1120,1225,117163,2008-05-29 19:01:26,3,5,2019-02-06 20:24:00,"12 restaurants on the Outer Banks boast the symbol - letting visitors know that they're ""Dementia-friendly""
https://t.co/xxw35BM4cZ"
1093240417007611904,14946895,127,113572,1120,1225,117163,2008-05-29 19:01:26,1,2,2019-02-06 20:10:01,"Portsmouth police looking for a missing woman who suffers from medical condition
https://t.co/mauX40E83X"
1093235474624323584,14946895,127,113572,1120,1225,117163,2008-05-29 19:01:26,7,3,2019-02-06 19:50:23,"Virginia Democrats are awash in scandal. 
How will it impact them this fall?
https://t.co/cTn1x2bdwQ"
1093230396819623937,14946895,127,113572,1120,1225,117163,2008-05-29 19:01:26,8,1,2019-02-06 19:30:12,BREAKING: Lt. Gov. Justin Fairfax's staff denies NBC report he used profanity to describe his accuser https://t.co/uyTMVWywan
1093227608479813635,14946895,127,113572,1120,1225,117163,2008-05-29 19:01:26,1,0,2019-02-06 19:19:07,"In a visit yesterday to Newport News Shipbuilding, the Chief of Naval Operations defended last week‚Äôs $15.2 billion‚Ä¶ https://t.co/etUUb8Fmhz"
1093221170772615177,14946895,127,113572,1120,1225,117163,2008-05-29 19:01:26,4,3,2019-02-06 18:53:32,"Two Norfolk-based Navy ships were damaged Tuesday afternoon when they collided during a replenishment-at-sea, accor‚Ä¶ https://t.co/OOvUSRtZQF"
1093214491691618304,14946895,127,113572,1120,1225,117163,2008-05-29 19:01:26,1,4,2019-02-06 18:27:00,"Raises, new jobs included in Virginia Beach schools' $790M proposed budget
https://t.co/6XCDhwYvHK"
1093210567689601025,14946895,127,113572,1120,1225,117163,2008-05-29 19:01:26,7,3,2019-02-06 18:11:24,"""It may be a sign of some kind‚Äù: Huge wooden cross washes ashore on beach
https://t.co/6fqXWG8P0O"
1093204866510585860,14946895,127,113572,1120,1225,117163,2008-05-29 19:01:26,8,0,2019-02-06 17:48:45,RT @khafner15: Outside the AG‚Äôs office. No sign of him yet. This is about an hour after he admitted to dressing in blackface at a UVA party‚Ä¶
1093200631240814592,14946895,127,113572,1120,1225,117163,2008-05-29 19:01:26,4,2,2019-02-06 17:31:55,Virginian-Pilot food critic Matthew Korfhage is participating in a Reddit AMA on Thursday https://t.co/N8VLQEgEI2
1093194318444199936,14946895,127,113572,1120,1225,117163,2008-05-29 19:01:26,1,4,2019-02-06 17:06:50,"Herring said ‚Äúsome friends suggested we attend a party dressed like rappers we listened to at the time, like Kurtis‚Ä¶ https://t.co/0kDnf5aRUP"
1093193812258762753,14946895,127,113572,1120,1225,117163,2008-05-29 19:01:26,8,7,2019-02-06 17:04:50,"BREAKING: Mark Herring, who's second in line for Virginia governor, admits to dressing in blackface at college party https://t.co/yLgOFxuT34"
1093188858605432833,14946895,127,113572,1120,1225,117163,2008-05-29 19:01:26,36,36,2019-02-06 16:45:09,BREAKING: Virginia Attorney General Mark Herring admits he wore blackface as a 19-year-old college student in 1980.
1093183033019109376,14946895,127,113572,1120,1225,117163,2008-05-29 19:01:26,0,0,2019-02-06 16:22:00,"It's spring signing day!

Here's a look at the top 50 high school football recruits in South Hampton Roads

https://t.co/tqm3DXppkd"
1093175936508485634,14946895,127,113572,1120,1225,117163,2008-05-29 19:01:26,6,4,2019-02-06 15:53:48,"Gov. Northam's blackface photo reopens long history of bigotry in medicine

https://t.co/FRzVFOVjjw"
1093169252176199680,14946895,127,113572,1120,1225,117163,2008-05-29 19:01:26,0,0,2019-02-06 15:27:14,"Hot list: Top 5 places to eat soup this week in Hampton Roads

https://t.co/7eMwhunZMj"
1093163140194467841,14946895,127,113572,1120,1225,117163,2008-05-29 19:01:26,3,2,2019-02-06 15:02:57,"He said his wife and son moved to South Korea. Decades later, a North Carolina detective learned the truth.

https://t.co/Upu7lNwHEG"
1093152456610066432,14946895,127,113572,1120,1225,117163,2008-05-29 19:01:26,6,1,2019-02-06 14:20:30,"It‚Äôs halftime in Richmond. 

Here‚Äôs what could become law ‚Äì and what‚Äôs been killed. https://t.co/WT2FMOZGsw"
1093148979951489025,14946895,127,113572,1120,1225,117163,2008-05-29 19:01:26,4,9,2019-02-06 14:06:41,"Navy sailor, wife featured on ""House Hunters"" buying home in Newport News https://t.co/u227Gea7d2"
1093144109857079297,14946895,127,113572,1120,1225,117163,2008-05-29 19:01:26,2,4,2019-02-06 13:47:20,"The NorVa will host four-course dinner shows ‚Äì starting with legendary chef Sydney Meers
https://t.co/OJfcxNJyEi"
1093140252586377216,14946895,127,113572,1120,1225,117163,2008-05-29 19:01:26,6,5,2019-02-06 13:32:00,General Assembly bans holding cellphones while driving https://t.co/1GMmQiBcU2
1093137483942944769,14946895,127,113572,1120,1225,117163,2008-05-29 19:01:26,1,0,2019-02-06 13:21:00,"Could racist EVMS yearbook photo have been inserted mistakenly or as a prank? 

Staff disagree.
https://t.co/toJIDEut7T"
1093134212746629120,14946895,127,113572,1120,1225,117163,2008-05-29 19:01:26,0,1,2019-02-06 13:08:00,"Trump calls for bipartisanship, a hard line on immigration https://t.co/ouy5dhtmng"
1093130665237843968,14946895,127,113572,1120,1225,117163,2008-05-29 19:01:26,2,10,2019-02-06 12:53:54,Vice President Mike Pence will be in Portsmouth today https://t.co/oyb9CiRdO7
1092921309749788672,14946895,127,113572,1120,1225,117163,2008-05-29 19:01:26,0,1,2019-02-05 23:02:00,"Portsmouth‚Äôs only school with uniforms could ditch them next year
https://t.co/ixefDSnlK1"
1092906210490269696,14946895,127,113572,1120,1225,117163,2008-05-29 19:01:26,5,3,2019-02-05 22:02:00,"""Money hides all sins"": #MuteRKelly founder speaks at Norfolk State University
https://t.co/6EMu4rKFH1"
1092897653468196864,14946895,127,113572,1120,1225,117163,2008-05-29 19:01:26,7,4,2019-02-05 21:28:00,"Multiple fights at Norview High School in Norfolk prompted administrators to put the school on lockdown today
https://t.co/f0KT7ZqB1I"
1092892520806313989,14946895,127,113572,1120,1225,117163,2008-05-29 19:01:26,0,1,2019-02-05 21:07:36,"Real estate broker Chantel Ray sues to prove she didn't plagiarize faith-based weight loss book
https://t.co/yj5LWolc5T"
1092838347968561152,14946895,127,113572,1120,1225,117163,2008-05-29 19:01:26,0,0,2019-02-05 17:32:20,"Runner fights off, kills mountain lion in northern Colorado 
https://t.co/ivuBbJt8nv"
1092834236187533312,14946895,127,113572,1120,1225,117163,2008-05-29 19:01:26,2,0,2019-02-05 17:16:00,"New Oregon Inlet bridge to open to cyclists and hikers after Saturday ceremony
https://t.co/hMeCWsny4E"
1092829957607239680,14946895,127,113572,1120,1225,117163,2008-05-29 19:01:26,0,1,2019-02-05 16:59:00,"Why female lawmakers are wearing white for State of the Union address
https://t.co/hEaE5Q3H5v"
1092825679186485248,14946895,127,113572,1120,1225,117163,2008-05-29 19:01:26,2,2,2019-02-05 16:42:00,"Fisherman‚Äôs viral ""shark bong"" video draws outrage, death threats
https://t.co/qyiQBlTdAJ"
1092820647275827200,14946895,127,113572,1120,1225,117163,2008-05-29 19:01:26,26,56,2019-02-05 16:22:00,"Killer whales spotted off the coast of Virginia Beach
https://t.co/wvalH92V1C"
1092816619556880384,14946895,127,113572,1120,1225,117163,2008-05-29 19:01:26,3,4,2019-02-05 16:06:00,"EVMS will investigate racist photos in all of its past yearbooks, campus culture
https://t.co/PaiWcPKwWI"
1092812179965919233,14946895,127,113572,1120,1225,117163,2008-05-29 19:01:26,0,4,2019-02-05 15:48:21,"Breaking: Vice President Mike Pence to visit Coast Guard base in Portsmouth for border security briefing
https://t.co/oyb9CiRdO7"
1092808860673413120,14946895,127,113572,1120,1225,117163,2008-05-29 19:01:26,0,0,2019-02-05 15:35:10,"Starting on Valentine's Day, The NorVa will feature something entirely new: fine wines and a four-course dinner
https://t.co/OJfcxNJyEi"
1092804404259012608,14946895,127,113572,1120,1225,117163,2008-05-29 19:01:26,1,4,2019-02-05 15:17:27,Clarification: The owner of a Virginia Beach-based investment firm used his investors' life savings for his own per‚Ä¶ https://t.co/7fhTA4vCU6
1092803710818963458,14946895,127,113572,1120,1225,117163,2008-05-29 19:01:26,6,4,2019-02-05 15:14:42,"The owner of a Virginia Beach-based investment firm used his investors life savings for his own personal gain.
Toda‚Ä¶ https://t.co/Dk8y2iw8fE"
1092799814834769921,14946895,127,113572,1120,1225,117163,2008-05-29 19:01:26,1,2,2019-02-05 14:59:13,"Remarks by Trump judicial pick on date rape, race draw criticism
https://t.co/pPpgpKOVMf"
1092789305452494848,14946895,127,113572,1120,1225,117163,2008-05-29 19:01:26,0,0,2019-02-05 14:17:28,"Time to vote again in our Glad You Asked feature. 
What should The Pilot investigate next? 
-A new Kroger on Milita‚Ä¶ https://t.co/Vbz1QxbOOS"
1092785414430027776,14946895,127,113572,1120,1225,117163,2008-05-29 19:01:26,2,0,2019-02-05 14:02:00,"Virginia state trooper killed in shootout during drug investigation, police say
https://t.co/zRJ3aTUur1"
1092781387764170752,14946895,127,113572,1120,1225,117163,2008-05-29 19:01:26,2,2,2019-02-05 13:46:00,"From abortion to blackface: Northam engulfed in controversy
https://t.co/8KvA3TCRP4"
1092777612659838979,14946895,127,113572,1120,1225,117163,2008-05-29 19:01:26,1,1,2019-02-05 13:31:00,"Virginia Beach man found in burning home died from multiple stab wounds, medical examiner says
https://t.co/EdVuCo098z"
1092773671041748992,14946895,127,113572,1120,1225,117163,2008-05-29 19:01:26,1,4,2019-02-05 13:15:20,"A North Carolina college student heard noises coming from her closet.

She asked who was there.

A man said, ""My na‚Ä¶ https://t.co/3guIfN8m4X"
1092766145881485312,14946895,127,113572,1120,1225,117163,2008-05-29 19:01:26,7,22,2019-02-05 12:45:26,NEW: Ikea to open Norfolk store in April https://t.co/vTLzUwMSYC
1092760713939075072,14946895,127,113572,1120,1225,117163,2008-05-29 19:01:26,2,3,2019-02-05 12:23:51,"Trump to call for unity in State of the Union, says White House https://t.co/AIw8d9yE5i"
1092530849319403522,14946895,127,113572,1120,1225,117163,2008-05-29 19:01:26,1,1,2019-02-04 21:10:27,"And finally, @DavidHallVP wrote about Leonard Fairley‚Äôs journey - one that took him from working at Cracker Barrel‚Ä¶ https://t.co/ByPSjAEBfI"
1092525954507902978,14946895,127,113572,1120,1225,117163,2008-05-29 19:01:26,6,3,2019-02-04 20:51:00,"Traffic near Navy bases could get worse during anti-terror exercise
https://t.co/7xWWnneA9t"
1092520364524142592,14946895,127,113572,1120,1225,117163,2008-05-29 19:01:26,2,1,2019-02-04 20:28:47,"New law gives Chesapeake more oversight of pet stores selling puppies, kittens
https://t.co/CuOdqe66Bc"
1092508598314418176,14946895,127,113572,1120,1225,117163,2008-05-29 19:01:26,35,26,2019-02-04 19:42:02,"EVMS banned yearbooks in 2013 after students posed in Confederate garb
https://t.co/ME0VFEz91G"
1092503443019841536,14946895,127,113572,1120,1225,117163,2008-05-29 19:01:26,1,0,2019-02-04 19:21:33,"First he was hoarse. 
Then he couldn't chew. 
How one man's hunch solved a medical mystery.
https://t.co/ZBLQiaNY94"
1092494435672354819,14946895,127,113572,1120,1225,117163,2008-05-29 19:01:26,21,0,2019-02-04 18:45:45,"RT @JournoMurph: If you went to the @virginianpilot website Friday, or anytime this weekend, for breaking coverage of the Northam Blackface‚Ä¶"
1092494334723846151,14946895,127,113572,1120,1225,117163,2008-05-29 19:01:26,1,1,2019-02-04 18:45:21,.@robynsidersky writes about a Virginia Beach woman who found WWII photos of her father at her door - now she's on‚Ä¶ https://t.co/8PkfizfjzJ
1092494333746515969,14946895,127,113572,1120,1225,117163,2008-05-29 19:01:26,3,0,2019-02-04 18:45:21,"How about an ""amphibious house""? @ByPeterCoutu showcases an innovative approach to living with sea level rise
https://t.co/SreE2if1t5"
1092494332987404288,14946895,127,113572,1120,1225,117163,2008-05-29 19:01:26,1,1,2019-02-04 18:45:21,.@JournoMurph wrote about how the city of Norfolk has made it difficult to find out how safe the city's Community S‚Ä¶ https://t.co/1JVO1OISli
1092490006642479105,14946895,127,113572,1120,1225,117163,2008-05-29 19:01:26,4,0,2019-02-04 18:28:09,"RT @gragonews: ‚ÄúThat allegation is completely false,‚Äù Fairfax tells reporters of latest WaPo story. Calls it a smear. https://t.co/RRx0NCK3‚Ä¶"
1092488205805309953,14946895,127,113572,1120,1225,117163,2008-05-29 19:01:26,3,4,2019-02-04 18:21:00,"Washington Post details its investigation into Lt. Gov. Justin Fairfax
https://t.co/LY5icGkir0"
1092484129952808963,14946895,127,113572,1120,1225,117163,2008-05-29 19:01:26,2,3,2019-02-04 18:04:48,"Justin Fairfax, who could soon be Virginia's governor, presides over Senate as usual
https://t.co/ykC45s3cis"
1092478965015633920,14946895,127,113572,1120,1225,117163,2008-05-29 19:01:26,0,0,2019-02-04 17:44:17,.@LeeTolliver introduces readers to a Virginia Beach fisherman who provides a window into his mind through his crea‚Ä¶ https://t.co/ir3ThmBpOg
1092478964122243073,14946895,127,113572,1120,1225,117163,2008-05-29 19:01:26,0,1,2019-02-04 17:44:16,.@stacypparker went deeper into the Virginia Beach dome site deal and how the city has wanted to redevelop that lan‚Ä¶ https://t.co/U2Cut3UM3k
1092478963371388928,14946895,127,113572,1120,1225,117163,2008-05-29 19:01:26,0,0,2019-02-04 17:44:16,.@MargaretMatray reported that the Portsmouth sheriff has stopped sending people to the Hampton Roads Regional Jail‚Ä¶ https://t.co/UcZ9AJvYqe
1092478962704502787,14946895,127,113572,1120,1225,117163,2008-05-29 19:01:26,1,1,2019-02-04 17:44:16,"It's February! 

-Our reporters told some great stories last month and we'd like to highlight a few in this thread‚Ä¶ https://t.co/IdkuiAwmxR"
1092468400071282690,14946895,127,113572,1120,1225,117163,2008-05-29 19:01:26,8,6,2019-02-04 17:02:18,"Northam's controversial yearbook photo and the racist origins of blackface
https://t.co/AaHlSkUIlV"
1092462415051137025,14946895,127,113572,1120,1225,117163,2008-05-29 19:01:26,6,9,2019-02-04 16:38:31,"How The @virginianpilot verified Ralph Northam's controversial yearbook photo
https://t.co/13r9Xzysur"
1092459379369168896,14946895,127,113572,1120,1225,117163,2008-05-29 19:01:26,5,0,2019-02-04 16:26:27,"RT @gragonews: The group just turned around and yelled ‚ÄúBoy bye‚Äù at the mansion. Now, much louder chants ringing out. ‚ÄúRalph resign.‚Äù https‚Ä¶"
1092458947334807553,14946895,127,113572,1120,1225,117163,2008-05-29 19:01:26,1,4,2019-02-04 16:24:44,The College of William and Mary has rescinded Northam‚Äôs invitation to activities celebrating the university‚Äôs 326th‚Ä¶ https://t.co/sWse2XPtsT
1092453291894755328,14946895,127,113572,1120,1225,117163,2008-05-29 19:01:26,0,1,2019-02-04 16:02:16,"Bud Light, Amazon among the Super Bowl ad winners
https://t.co/HlbPBDLg4C"
1092449204415447041,14946895,127,113572,1120,1225,117163,2008-05-29 19:01:26,5,0,2019-02-04 15:46:01,"Developing: Virginia lawmakers reluctant to consider impeaching Gov. Ralph Northam, House speaker says
https://t.co/ykC45s3cis"
1092444165474988032,14946895,127,113572,1120,1225,117163,2008-05-29 19:01:26,4,9,2019-02-04 15:26:00,"New tablets at Virginia Beach jail allow inmates to call family, play games, watch movies
https://t.co/qOjS6Ew1Fj"
1092440255062523906,14946895,127,113572,1120,1225,117163,2008-05-29 19:01:26,2,0,2019-02-04 15:10:28,"Shrimp boat wrecks onshore in Frisco N.C. and breaks apart
https://t.co/WvYyM3QBF8"
1092428040376852481,14946895,127,113572,1120,1225,117163,2008-05-29 19:01:26,1,1,2019-02-04 14:21:55,"With Northam controversy still boiling, lawmakers face a packed legislative agenda
https://t.co/ZSwM60Y0fF"
1092423204897996802,14946895,127,113572,1120,1225,117163,2008-05-29 19:01:26,1,1,2019-02-04 14:02:42,"Hampton Roads' population is growing, but it lags compared to rest of state
https://t.co/9frBsVZqzl"
1092418184924270593,14946895,127,113572,1120,1225,117163,2008-05-29 19:01:26,1,0,2019-02-04 13:42:46,"House, Senate square off on Governor Northam's proposed budget
https://t.co/YFZgJxyQo2"
1092413908789485568,14946895,127,113572,1120,1225,117163,2008-05-29 19:01:26,3,1,2019-02-04 13:25:46,"Where people stand on whether Ralph Northam should resign
https://t.co/1PmuG9tTnD"
1092409492032102401,14946895,127,113572,1120,1225,117163,2008-05-29 19:01:26,10,11,2019-02-04 13:08:13,"Lt. Gov. Justin Fairfax denies sexual assault allegation in tweeted statement
https://t.co/Os1DyH7JYt"
1092399066649112576,14946895,127,113572,1120,1225,117163,2008-05-29 19:01:26,1,0,2019-02-04 12:26:47,"Northam holds impromptu staff meeting amid calls for him to step down
https://t.co/Q6BD4MlG0n"
1092305065132601344,14946895,127,113572,1120,1225,117163,2008-05-29 19:01:26,0,3,2019-02-04 06:13:16,"Did you make it to the end? Super Bowl LIII was a defensive display with the Patriots surging late.
https://t.co/S6MdS7K5JS"
1092192255677411328,14946895,127,113572,1120,1225,117163,2008-05-29 19:01:26,0,3,2019-02-03 22:45:00,"No word on Northam's resignation as Congressional leaders continue pressuring the governor
https://t.co/ZSwM60GoR5"
1092181434440257537,14946895,127,113572,1120,1225,117163,2008-05-29 19:01:26,0,6,2019-02-03 22:02:00,"Cupid is looking for some love. He and 5 other pets are looking for forever homes.
https://t.co/Izvfeq89Ar"
1092175394252308480,14946895,127,113572,1120,1225,117163,2008-05-29 19:01:26,0,1,2019-02-03 21:38:00,"Blaze at unoccupied Ocean View apartment leaves one firefighter with minor injuries
https://t.co/lTITn4Ggm3"
1092162308233666561,14946895,127,113572,1120,1225,117163,2008-05-29 19:01:26,3,7,2019-02-03 20:46:00,"His first mistake was robbing a bank, police say. His second was allegedly fleeing on an electric scooter
https://t.co/QkmjCQbUFB"
1092151487000506368,14946895,127,113572,1120,1225,117163,2008-05-29 19:01:26,3,2,2019-02-03 20:03:00,"UPDATE: Where people stand on whether Ralph Northam should resign
https://t.co/1PmuG9chZ3"
1092139155528704000,14946895,127,113572,1120,1225,117163,2008-05-29 19:01:26,0,1,2019-02-03 19:14:00,"Living shoreline to help protect road used by Wright brothers

https://t.co/LawjVrZaU3"
1092129089446502400,14946895,127,113572,1120,1225,117163,2008-05-29 19:01:26,0,1,2019-02-03 18:34:00,"North End neighborhood wants to restrict parking near Cavalier Hotel in Virginia Beach
https://t.co/38E6Ujr8Bi"
1092116506220027904,14946895,127,113572,1120,1225,117163,2008-05-29 19:01:26,3,1,2019-02-03 17:44:00,"Hampton Roads' population is growing, but it lags compared to rest of state
https://t.co/9frBsWh1qT"
1092105181666385920,14946895,127,113572,1120,1225,117163,2008-05-29 19:01:26,11,9,2019-02-03 16:59:00,"Fairfax began preparing to become governor, but then Northam took a different tone
https://t.co/3kjpcnky0a"
1092093857079033856,14946895,127,113572,1120,1225,117163,2008-05-29 19:01:26,1,0,2019-02-03 16:14:00,"Neighbors of a Virginia Beach church say its new parking lot has destroyed their peace and privacy
https://t.co/utVhXWDNqF"
1092083997474242565,14946895,127,113572,1120,1225,117163,2008-05-29 19:01:26,1,2,2019-02-03 15:34:49,"No word on Northam's resignation as Congressional leaders continue pressuring the governor
https://t.co/ZSwM60Y0fF"
1092075240912371713,14946895,127,113572,1120,1225,117163,2008-05-29 19:01:26,1,1,2019-02-03 15:00:01,"Small plane goes down in Knotts Island marsh; pilot not injured

https://t.co/GmBcXHz5fD"
1092070201284349952,14946895,127,113572,1120,1225,117163,2008-05-29 19:01:26,2,8,2019-02-03 14:40:00,"A tip from a ""concerned citizen"" helps a reporter land the scoop of a lifetime
https://t.co/ge67dnDaeF"
1092063346168336384,14946895,127,113572,1120,1225,117163,2008-05-29 19:01:26,0,1,2019-02-03 14:12:45,"Man arrested, charged in Portsmouth stabbing that left one dead

https://t.co/k2JLXNkl6G"
1091880368360353792,14946895,127,113572,1120,1225,117163,2008-05-29 19:01:26,20,0,2019-02-03 02:05:40,"RT @SeanDKennedy: The president of EVMS is calling for an external investigation into the school‚Äôs yearbooks and campus culture, per a stat‚Ä¶"
1091854926475677696,14946895,127,113572,1120,1225,117163,2008-05-29 19:01:26,6,0,2019-02-03 00:24:34,"RT @gragonews: Read --&gt; ""The people of the Commonwealth are crying out to turn the corner,"" Del. Lamont Bagby, head of the Virginia Legisla‚Ä¶"
1091852444219387905,14946895,127,113572,1120,1225,117163,2008-05-29 19:01:26,5,5,2019-02-03 00:14:42,From Nancy Pelosi to John Legend: Where people stand on whether Ralph Northam should resign https://t.co/1PmuG9tTnD
1091848764569063426,14946895,127,113572,1120,1225,117163,2008-05-29 19:01:26,43,74,2019-02-03 00:00:05,"BREAKING: Three of the most influential politicians in Virginia ‚Äì Mark Warner, Tim Kaine and Bobby Scott ‚Äì just cal‚Ä¶ https://t.co/EZWkmOPQmG"
1091846205435461632,14946895,127,113572,1120,1225,117163,2008-05-29 19:01:26,22,0,2019-02-02 23:49:55,"RT @MarieAlbiges: NEW: @timkaine, @MarkWarner and @BobbyScott release joint statement calling for Northam to resign. They say the past 24 h‚Ä¶"
1091845557897830400,14946895,127,113572,1120,1225,117163,2008-05-29 19:01:26,68,174,2019-02-02 23:47:21,"BREAKING: Sens. Mark Warner, Tim Kaine and Rep. Bobby Scott all call for Virginia Gov. Ralph Northam to resign in a joint statement."
1091841165337550848,14946895,127,113572,1120,1225,117163,2008-05-29 19:01:26,7,3,2019-02-02 23:29:53,Racist yearbook photo becomes a test for 2020 Democrats https://t.co/6gpG5LnZt4
1091829437111459840,14946895,127,113572,1120,1225,117163,2008-05-29 19:01:26,0,4,2019-02-02 22:43:17,"It was a beautiful day for the Polar Plunge in Virginia Beach. 

Okay, okay, at least it wasn't raining.  https://t.co/xlSIqlrMdK"
1091823561109630977,14946895,127,113572,1120,1225,117163,2008-05-29 19:01:26,139,404,2019-02-02 22:19:56,The Virginian-Pilot Editorial Board heard Ralph Northam's press conference. He didn't change the board's opinion.‚Ä¶ https://t.co/J4fckdDLcK
1091818367592398849,14946895,127,113572,1120,1225,117163,2008-05-29 19:01:26,54,75,2019-02-02 21:59:18,NEW statement from Virginia Attorney General Mark Herring: ‚ÄúIt is no longer possible for Governor Northam to lead o‚Ä¶ https://t.co/TPL6ce7ypK
1091817977656328195,14946895,127,113572,1120,1225,117163,2008-05-29 19:01:26,9,0,2019-02-02 21:57:45,"RT @gragonews: Gathering reax from Virginia lawmakers. Sen. Louise Lucas on the phone just now, sounding spent from a long day: ""He expecte‚Ä¶"
1091815031820427265,14946895,127,113572,1120,1225,117163,2008-05-29 19:01:26,4,8,2019-02-02 21:46:03,Lt. Gov. Justin Fairfax releases statement on Gov. Ralph Northam but doesn't call for his resignation https://t.co/ElUsxJXIVr
1091802852991873024,14946895,127,113572,1120,1225,117163,2008-05-29 19:01:26,7,18,2019-02-02 20:57:39,"The Virginia Black Caucus again called for Ralph Northam's resignation after his press conference: ""Our confidence‚Ä¶ https://t.co/cOdlbgLedM"
1091797305064333312,14946895,127,113572,1120,1225,117163,2008-05-29 19:01:26,1902,1863,2019-02-02 20:35:36,Another photo in the 1984 EVMS yearbook pictures a man who appears to be in blackface and dressed as a woman with t‚Ä¶ https://t.co/dUeNXn8JxQ
1091796725361266689,14946895,127,113572,1120,1225,117163,2008-05-29 19:01:26,11,0,2019-02-02 20:33:18,RT @MarieAlbiges: Virginia Legislative Black Caucus renews call for him to resign https://t.co/rOnkjE4zae
1091792408118001664,14946895,127,113572,1120,1225,117163,2008-05-29 19:01:26,37,15,2019-02-02 20:16:09,"There's at least one other photo in Northam's 1984 yearbook of a man in blackface, dressed as a woman with the capt‚Ä¶ https://t.co/SG5UBRU0JA"
1091790735417008130,14946895,127,113572,1120,1225,117163,2008-05-29 19:01:26,3,0,2019-02-02 20:09:30,"RT @MarieAlbiges: ‚ÄúWhen I was shown this last night, it was horrific.‚Äù"
1091787662254583808,14946895,127,113572,1120,1225,117163,2008-05-29 19:01:26,10,5,2019-02-02 19:57:17,Northam admits he did wear blackface when he was younger to portray Michael Jackson at a dance contest in San Anton‚Ä¶ https://t.co/74b8lhWWTm
1091787025550843906,14946895,127,113572,1120,1225,117163,2008-05-29 19:01:26,3,2,2019-02-02 19:54:45,Northam says he had not seen that yearbook picture before Friday night https://t.co/18OLDpYf2E
1091786353489133568,14946895,127,113572,1120,1225,117163,2008-05-29 19:01:26,9,7,2019-02-02 19:52:05,"Virginia Gov. Ralph Northam says he is not ""not the person in that photo"" https://t.co/18OLDpYf2E"
1091783132745998337,14946895,127,113572,1120,1225,117163,2008-05-29 19:01:26,2,0,2019-02-02 19:39:17,The press conference with Virginia Gov. Ralph Northam is expected to begin in the next couple of minutes. Follow‚Ä¶ https://t.co/mDM4IFJCIW
1091778912244457473,14946895,127,113572,1120,1225,117163,2008-05-29 19:01:26,87,77,2019-02-02 19:22:31,EVMS alumni say students submitted their own photos to be published on their yearbook pages https://t.co/ahpjoZhShu
1091774105895034881,14946895,127,113572,1120,1225,117163,2008-05-29 19:01:26,7,6,2019-02-02 19:03:25,We're roughly 30 minutes from a scheduled statement by Gov. Ralph Northam in Richmond. https://t.co/obHNykrMjZ
1091765074610606080,14946895,127,113572,1120,1225,117163,2008-05-29 19:01:26,12,4,2019-02-02 18:27:32,A spokeswoman for Gov. Northam has confirmed that he will not be resigning when he makes a statement at 2:30 p.m. t‚Ä¶ https://t.co/M4qxTSsxLJ
1091761710753562625,14946895,127,113572,1120,1225,117163,2008-05-29 19:01:26,27,52,2019-02-02 18:14:10,"Virginian-Pilot Editorial: Ralph Northam must resign as governor.

The bonds of trust have been broken. https://t.co/HOjrORuERv"
1091754543317221376,14946895,127,113572,1120,1225,117163,2008-05-29 19:01:26,9,3,2019-02-02 17:45:41,"How did Northam's racist photo get in 1984 yearbook? EVMS president finds ""no explanation"" https://t.co/ahpjoZhShu"
1091751703907581953,14946895,127,113572,1120,1225,117163,2008-05-29 19:01:26,6,2,2019-02-02 17:34:24,Protesters outside the governor's mansion in Richmond speak about Virginia Gov. Ralph Northam https://t.co/N0qdaJKLZ3
1091750186257473536,14946895,127,113572,1120,1225,117163,2008-05-29 19:01:26,4,0,2019-02-02 17:28:22,"RT @GaryAHarki: I've seen @SenLouiseLucas deal with racism so many times. She once yelled at the Portsmouth City Council - ""You don't have‚Ä¶"
1091742670802825217,14946895,127,113572,1120,1225,117163,2008-05-29 19:01:26,4,4,2019-02-02 16:58:30,"Ralph Northam photo controversy: Could he be impeached? 

What if he resigns?
https://t.co/DktYFNtosj"
1091736040988200962,14946895,127,113572,1120,1225,117163,2008-05-29 19:01:26,4,0,2019-02-02 16:32:10,Virginia Gov. Ralph Northam is scheduled to provide a statement at 2:30 p.m. today https://t.co/C9inpQC8xM
1091732651080404992,14946895,127,113572,1120,1225,117163,2008-05-29 19:01:26,41,0,2019-02-02 16:18:42,RT @MarieAlbiges: NEW: Northam announces 2:30 pm press conference at the Governor‚Äôs mansion.
1091729861125779456,14946895,127,113572,1120,1225,117163,2008-05-29 19:01:26,324,842,2019-02-02 16:07:36,"Virginia Sen. Louise Lucas said Northam said he wouldn‚Äôt resign.

‚ÄúI‚Äôm not going to resign because it‚Äôs not me in t‚Ä¶ https://t.co/cQK0ig65dZ"
1091728226362314752,14946895,127,113572,1120,1225,117163,2008-05-29 19:01:26,42,33,2019-02-02 16:01:07,"BREAKING: Gov. Northam backtracks, telling Virginia Democrats he no longer believes he was in racist photo
 https://t.co/C9inpQC8xM"
1091726183778209794,14946895,127,113572,1120,1225,117163,2008-05-29 19:01:26,4,5,2019-02-02 15:53:00,BREAKING: Virginia Democrats say they've heard Gov. Northam will not resign https://t.co/C9inpQC8xM
1091720597246300161,14946895,127,113572,1120,1225,117163,2008-05-29 19:01:26,5,6,2019-02-02 15:30:48,Former Vice President Joe Biden was among the latest Saturday morning to call for Northam to step down and Lt. Gov.‚Ä¶ https://t.co/FRk9owDeiT
1091720059993710592,14946895,127,113572,1120,1225,117163,2008-05-29 19:01:26,5,9,2019-02-02 15:28:40,Calls for Virginia Gov. Ralph Northam to resign are mounting after racist yearbook photo revelation https://t.co/C9inpQC8xM
1091717094209654784,14946895,127,113572,1120,1225,117163,2008-05-29 19:01:26,18,0,2019-02-02 15:16:53,"RT @gragonews: Here‚Äôs James Boyd, the president of the Portsmouth NAACP, speaking earlier. ‚ÄúAnytime you mask yourself as blackface, it‚Äôs wr‚Ä¶"
1091711910515560449,14946895,127,113572,1120,1225,117163,2008-05-29 19:01:26,27,0,2019-02-02 14:56:17,RT @MarieAlbiges: Group of protesters gathering in front of the governor‚Äôs mansion. https://t.co/40FSzdYPIc
1091709936680210433,14946895,127,113572,1120,1225,117163,2008-05-29 19:01:26,5,0,2019-02-02 14:48:26,RT @gragonews: More speakers. Strong words from this gentleman. Video soon. https://t.co/rrpPgGZqX2
1091706415964741632,14946895,127,113572,1120,1225,117163,2008-05-29 19:01:26,42,0,2019-02-02 14:34:27,RT @gragonews: Protestors have turned around to face the governor‚Äôs mansion. Chants ringing out louder now. https://t.co/8GuWW12iZn
1091702144254791680,14946895,127,113572,1120,1225,117163,2008-05-29 19:01:26,61,0,2019-02-02 14:17:28,"RT @gragonews: Good morning from Richmond where a small group of protestors are standing outside the governor‚Äôs mansion, a day after Northa‚Ä¶"
1091701783137792000,14946895,127,113572,1120,1225,117163,2008-05-29 19:01:26,14,11,2019-02-02 14:16:02,Pressure mounts on calls for Ralph Northam's resignation https://t.co/6A89ejp5Ho
1091519755322675200,14946895,127,113572,1120,1225,117163,2008-05-29 19:01:26,17,0,2019-02-02 02:12:43,RT @MarieAlbiges: .@RepElaineLuria calls for Northam‚Äôs resignation. Statement: https://t.co/Cecgk1QVlf
1091476914420760577,14946895,127,113572,1120,1225,117163,2008-05-29 19:01:26,55,0,2019-02-01 23:22:29,"RT @gragonews: New -- Gov. Northam issues apology; says photograph of him in costume, as seen in medical school yearbook, was ""clearly raci‚Ä¶"
1091476598149255173,14946895,127,113572,1120,1225,117163,2008-05-29 19:01:26,19,0,2019-02-01 23:21:14,"RT @MarieAlbiges: Statement from @GovernorVA. Doesn‚Äôt specify which one he is in the photo, just that he appeared in it. https://t.co/iuu3X‚Ä¶"
1091444446183477248,14946895,127,113572,1120,1225,117163,2008-05-29 19:01:26,7963,9671,2019-02-01 21:13:28,"BREAKING: Gov. Ralph Northam yearbook page shows blackface and Klan photo
https://t.co/6A89ejp5Ho"
1091438962575577090,14946895,127,113572,1120,1225,117163,2008-05-29 19:01:26,9,22,2019-02-01 20:51:41,"Lawmakers kill plan to add tolls to I-81 in Virginia
https://t.co/3i7JEPi3KG"
1091431213502468096,14946895,127,113572,1120,1225,117163,2008-05-29 19:01:26,4,3,2019-02-01 20:20:53,"Nightly lane closures expected at Monitor-Merrimac to stop water seepage, VDOT says
https://t.co/dovqsH0twa"
1091425777629974528,14946895,127,113572,1120,1225,117163,2008-05-29 19:01:26,2,2,2019-02-01 19:59:17,"Union Bank, including its Xenith branches, to change name to Atlantic Union Bank
https://t.co/4xXOzrPUow"
1091418379792142346,14946895,127,113572,1120,1225,117163,2008-05-29 19:01:26,3,2,2019-02-01 19:29:53,"Hampton Roads Transit will cut service amid rising costs ‚Äî and cities might have to pay more
https://t.co/SFZOoeb9lq"
1091415210890575873,14946895,127,113572,1120,1225,117163,2008-05-29 19:01:26,2,0,2019-02-01 19:17:18,RT @JamiVP: The @NorfolkTides have a new manager. Story per @DavidHallVP. https://t.co/WfJEnnM2Zi
1091411136963100674,14946895,127,113572,1120,1225,117163,2008-05-29 19:01:26,2,5,2019-02-01 19:01:07,"Will a casino - or casinos - in Hampton Roads help or hurt the region?
https://t.co/2JCxxhaeYJ"
1091407840185507840,14946895,127,113572,1120,1225,117163,2008-05-29 19:01:26,0,1,2019-02-01 18:48:01,"Smooth sailing for sea power panel despite Washington power shift
https://t.co/m63bacILiX"
1091404110606286854,14946895,127,113572,1120,1225,117163,2008-05-29 19:01:26,1,2,2019-02-01 18:33:11,"Cooper's Hawk restaurant is now open in Virginia Beach. 
Here's a look at its food and wine.
https://t.co/btFtOYyqP2"
1091377889726091264,14946895,127,113572,1120,1225,117163,2008-05-29 19:01:26,1,0,2019-02-01 16:49:00,"14-year-old's FaceTime bug discovery could rattle Apple
https://t.co/GcOR9m7BPu"
1091374109647347714,14946895,127,113572,1120,1225,117163,2008-05-29 19:01:26,2,2,2019-02-01 16:33:59,"NC police investigating after home owner shot man who entered his back door
https://t.co/Wl04EdcwLP"
1091367259140997121,14946895,127,113572,1120,1225,117163,2008-05-29 19:01:26,5,6,2019-02-01 16:06:45,"New: Small ""upscale"" grocery market plans to open in downtown Norfolk in May
https://t.co/sxIRIzlM0H"
1091364299996418048,14946895,127,113572,1120,1225,117163,2008-05-29 19:01:26,8,18,2019-02-01 15:55:00,"Navy signs $15.2 billion deal for 2 new aircraft carriers to be built in Newport News
https://t.co/nTWHghjwJk"
1091360097228472322,14946895,127,113572,1120,1225,117163,2008-05-29 19:01:26,2,1,2019-02-01 15:38:18,"Local Boys &amp; Girls Clubs will celebrate 100 years on Feb. 8
https://t.co/2XFAXmCs1D"
1091355973044842496,14946895,127,113572,1120,1225,117163,2008-05-29 19:01:26,0,0,2019-02-01 15:21:55,"Want to play with Legos this weekend? 
Head over to the Half Moone Cruise Center in Norfolk tomorrow
https://t.co/b21PXJ4zRf"
1091350127137181697,14946895,127,113572,1120,1225,117163,2008-05-29 19:01:26,7,16,2019-02-01 14:58:41,"The Cavalier is first Virginia Beach hotel to receive prestigious AAA rating
https://t.co/4X6EsPyCld"
1091342892633939969,14946895,127,113572,1120,1225,117163,2008-05-29 19:01:26,1,2,2019-02-01 14:29:56,"The Norfolk Police Department unveiled a new look for its patrol cars this week
https://t.co/K4CXpeeMjl"
1091339800517459969,14946895,127,113572,1120,1225,117163,2008-05-29 19:01:26,1,1,2019-02-01 14:17:39,"Updated: Hampton Roads restaurant and store openings/closings of 2019 
https://t.co/FxQsBsxmeJ"
1091335152645689345,14946895,127,113572,1120,1225,117163,2008-05-29 19:01:26,1,1,2019-02-01 13:59:11,Developing: Secretary of State Mike Pompeo announced that the U.S. is pulling out of a nuclear arms control treaty‚Ä¶ https://t.co/GxakU4k0PX
1091333849521508352,14946895,127,113572,1120,1225,117163,2008-05-29 19:01:26,1,3,2019-02-01 13:54:00,"Flooding motivated Virginia Beach City Councilwoman to run for the General Assembly
https://t.co/HmmUvQTKIt"
1091330484704038914,14946895,127,113576,1120,1225,117163,2008-05-29 19:01:26,0,1,2019-02-01 13:40:38,Breaking: US announces that it will pullout from a treaty with Russia that's been a centerpiece of nuclear arms con‚Ä¶ https://t.co/m2g7JYCzNd
1091327306138669057,14946895,127,113576,1120,1225,117163,2008-05-29 19:01:26,1,1,2019-02-01 13:28:00,"Virginia Beach offers to test ground wells for arsenic and lead 
https://t.co/8HTc16vb2t"
1091323531412017152,14946895,127,113576,1120,1225,117163,2008-05-29 19:01:26,2,2,2019-02-01 13:13:00,Taste is opening a new restaurant in Virginia Beach Town Center https://t.co/27bjFJZ5EF
1091320008221884417,14946895,127,113576,1120,1225,117163,2008-05-29 19:01:26,5,10,2019-02-01 12:59:00,USPS unveils 2019 stamps honoring working military dogs https://t.co/oFaQp8rzTe
1091316846618468353,14946895,127,113576,1120,1225,117163,2008-05-29 19:01:26,5,3,2019-02-01 12:46:26,"Virginia delegate receives threats and backlash, says she ""misspoke"" about abortion bill https://t.co/4aujscq54D"
1091311776883449856,14946895,127,113576,1120,1225,117163,2008-05-29 19:01:26,2,3,2019-02-01 12:26:17,New Jersey Democratic Sen. Cory Booker says he's running for president https://t.co/dg76FRHckt
1091109370799124485,14946895,127,113576,1120,1225,117163,2008-05-29 19:01:26,1,2,2019-01-31 23:02:00,"No ""known hazard,"" but Virginia Beach offers to test ground wells for arsenic and lead
https://t.co/8HTc16vb2t"
1091098045754888197,14946895,127,113576,1120,1225,117163,2008-05-29 19:01:26,1,15,2019-01-31 22:17:00,"USPS unveils 2019 stamps honoring working military dogs
https://t.co/oFaQp8rzTe"
1091088986284544000,14946895,127,113576,1120,1225,117163,2008-05-29 19:01:26,1,1,2019-01-31 21:41:00,"Senate backs McConnell's rebuke of Trump's military drawdown plans in Syria, Afghanistan
https://t.co/UbsB1nfzHX"
1091081402710482945,14946895,127,113576,1120,1225,117163,2008-05-29 19:01:26,2,1,2019-01-31 21:10:52,"A reader asked the Pilot to do a ""serious inquiry"" into Suffolk's water rates. 
@AmyKPoulter did just that.
https://t.co/QKCjDTcW7T"
1091075358462562304,14946895,127,113576,1120,1225,117163,2008-05-29 19:01:26,3,6,2019-01-31 20:46:51,"#MuteRKelly founder to speak at Norfolk State University on Monday
https://t.co/I5IS3V531J"
1091068119626534912,14946895,127,113576,1120,1225,117163,2008-05-29 19:01:26,2,2,2019-01-31 20:18:05,"ODU researcher shows noise impacts audiovisual cues for those with ADHD
https://t.co/B3U3AIZFWD"
1091061544178380800,14946895,127,113576,1120,1225,117163,2008-05-29 19:01:26,0,0,2019-01-31 19:51:57,"She could not forget the stranger in the dark. 
She would see him in her nightmares. 
She would see him in real lif‚Ä¶ https://t.co/x8sXhA0UFy"
1091055828138946561,14946895,127,113576,1120,1225,117163,2008-05-29 19:01:26,10,41,2019-01-31 19:29:14,"Taste sandwich shop to open in Virginia Beach's Town Center
https://t.co/27bjFJZ5EF"
1091051869064101888,14946895,127,113576,1120,1225,117163,2008-05-29 19:01:26,1,0,2019-01-31 19:13:31,"Looking for something to do this weekend? 
Here's a list of what's happening
https://t.co/y476c9QUfw"
1091048037919744000,14946895,127,113576,1120,1225,117163,2008-05-29 19:01:26,0,0,2019-01-31 18:58:17,"What's going at the Target in Chesapeake?
@pierceall has the answer
https://t.co/AiKL1Urvs6"
1091042932822601728,14946895,127,113576,1120,1225,117163,2008-05-29 19:01:26,3,3,2019-01-31 18:38:00,"The @USNavy may have found the secret formula to getting children excited about history, math and science.
Playing‚Ä¶ https://t.co/asE3XzkAhh"
1091039067150737410,14946895,127,113576,1120,1225,117163,2008-05-29 19:01:26,1,0,2019-01-31 18:22:38,"Ex-customs agent gets house arrest for lying about inspecting hundreds of ships in Portsmouth
https://t.co/AhfS1K4RBW"
1091035382504812544,14946895,127,113576,1120,1225,117163,2008-05-29 19:01:26,1,2,2019-01-31 18:08:00,"If you love theater, you will love Norfolk in February
https://t.co/U4rFTpW9xt"
1091031607647989760,14946895,127,113576,1120,1225,117163,2008-05-29 19:01:26,0,0,2019-01-31 17:53:00,"A nonprofit had trouble finding doctors for an HIV-preventing drug. 
So it opened a clinic
https://t.co/euo6JXmJKl"
1091026323139686400,14946895,127,113572,1120,1225,117163,2008-05-29 19:01:26,0,1,2019-01-31 17:32:00,"A secret tunnel leads toward a bank. Law enforcement wants to know who put it there
https://t.co/AMd9amL49w"
1091022736464457731,14946895,127,113572,1120,1225,117163,2008-05-29 19:01:26,0,0,2019-01-31 17:17:45,"Charges dropped against activist who posted Portsmouth Commonwealth's Attorney's address online
https://t.co/4REHL5E2qw"
1091012363359305729,14946895,127,113572,1120,1225,117163,2008-05-29 19:01:26,4,9,2019-01-31 16:36:32,Do you remember the Animal Jungle pet store in Virginia Beach? The popular pet store closed in 2014 but the owner i‚Ä¶ https://t.co/1PadpQiikY
1091007448733888512,14946895,127,113572,1120,1225,117163,2008-05-29 19:01:26,1,5,2019-01-31 16:17:00,"Seals took over a beach during the shutdown and won't give it back
https://t.co/7C7qRc8DfF"
1091003673893695488,14946895,127,113572,1120,1225,117163,2008-05-29 19:01:26,2,2,2019-01-31 16:02:00,"ICE set up a fake university. Hundreds enrolled, not realizing it was a sting operation
https://t.co/y33jBtnBl3"
1090999647294746624,14946895,127,113572,1120,1225,117163,2008-05-29 19:01:26,2,8,2019-01-31 15:46:00,"External cameras added to Virginia Beach school buses to stop illegal passing, protect children
https://t.co/qlzLzMYpdI"
1090996270557204481,14946895,127,113572,1120,1225,117163,2008-05-29 19:01:26,1,1,2019-01-31 15:32:35,"Norfolk‚Äôs first indie comic expo is sure to be a Noice time
https://t.co/pIrQ7QcEaJ https://t.co/8lZw2tJ6Xg"
1090992298610122754,14946895,127,113572,1120,1225,117163,2008-05-29 19:01:26,1,0,2019-01-31 15:16:48,"Are you transitioning out of the military? 
Beginning tomorrow, The Veterans Career Compass, a new job site, aims t‚Ä¶ https://t.co/3UvAWGJhgK"
1090981024568360960,14946895,127,113572,1120,1225,117163,2008-05-29 19:01:26,1,3,2019-01-31 14:32:00,"Pregnant military women were told Langley's maternity ward is closing, but base officials won't say
https://t.co/FYeYjadl3Y"
1090976494556463104,14946895,127,113572,1120,1225,117163,2008-05-29 19:01:26,3,4,2019-01-31 14:14:00,"The Navy's costliest warship, the USS Gerald R. Ford, had 20 failures of its aircraft launch-and-landing systems du‚Ä¶ https://t.co/KYqW3n10pL"
1090972720215588864,14946895,127,113572,1120,1225,117163,2008-05-29 19:01:26,0,2,2019-01-31 13:59:00,"Kentucky gov. says canceling school during polar vortex is ""soft""
https://t.co/Hz5YLQEVe9"
1090968189716975616,14946895,127,113572,1120,1225,117163,2008-05-29 19:01:26,2,2,2019-01-31 13:41:00,"Hampton Roads finally has more jobs than before the recession, but economy still lags behind nation
https://t.co/6SohOmch4Q"
1090964415074193408,14946895,127,113572,1120,1225,117163,2008-05-29 19:01:26,1,0,2019-01-31 13:26:00,"Suffolk man charged with bestiality, animal cruelty following federal conviction https://t.co/G8wukdz8ob"
1090961395250647040,14946895,127,113572,1120,1225,117163,2008-05-29 19:01:26,2,1,2019-01-31 13:14:00,Virginia abortion feud erupts; Gov. Ralph Northam blasted for comments https://t.co/jSojuf1rH3
1090958124096344069,14946895,127,113572,1120,1225,117163,2008-05-29 19:01:26,0,0,2019-01-31 13:01:00,"1 dead after 3-vehicle crash on Oceana Boulevard, police say https://t.co/MyCqbWnCcx"
1090955103501086720,14946895,127,113572,1120,1225,117163,2008-05-29 19:01:26,0,0,2019-01-31 12:49:00,"Head of Casey's Seafood gets 3 years, 8 months in blue crab fraud case https://t.co/UDV225uEQP"
1090951769423777792,14946895,127,113572,1120,1225,117163,2008-05-29 19:01:26,0,0,2019-01-31 12:35:45,Police identify Virginia Beach man who died after being pulled from burning house https://t.co/x6eWM3d3LC
1090948301749473285,14946895,127,113572,1120,1225,117163,2008-05-29 19:01:26,0,1,2019-01-31 12:21:58,Norfolk council OKs controversial apartments near Military Highway light rail station https://t.co/bIJx6F46sk
1090737167620542467,14946895,127,113572,1120,1225,117163,2008-05-29 19:01:26,0,0,2019-01-30 22:23:00,"Man dies after being admitted to Virginia Beach jail
 https://t.co/IDwa9HNqZj"
1090726346681212928,14946895,127,113572,1120,1225,117163,2008-05-29 19:01:26,1,1,2019-01-30 21:40:00,"Hampton Roads finally has more jobs than it before the recession, but economy still lags behind nation
https://t.co/6SohOmtStq"
1090719360476426240,14946895,127,113572,1120,1225,117163,2008-05-29 19:01:26,0,0,2019-01-30 21:12:14,"Following federal conviction, Suffolk man charged with bestiality, animal cruelty
https://t.co/G8wukdz8ob"
1090711504297607172,14946895,127,113572,1120,1225,117163,2008-05-29 19:01:26,1,0,2019-01-30 20:41:01,"McConnell says bill that would make Election Day a federal holiday is a ""power grab"" by Democrats
https://t.co/PFcggfGcYy"
1090705207162490880,14946895,127,113572,1120,1225,117163,2008-05-29 19:01:26,1,2,2019-01-30 20:16:00,"Hampton Roads Regional Jail inmate lost foot to untreated infection, lawsuit says
https://t.co/WsLb4vmN5Q"
1090701432540536832,14946895,127,113572,1120,1225,117163,2008-05-29 19:01:26,0,0,2019-01-30 20:01:00,"University of Virginia confirms norovirus cases among students
https://t.co/niHZRvfVRw"
1090697909077663744,14946895,127,113572,1120,1225,117163,2008-05-29 19:01:26,1,0,2019-01-30 19:47:00,"Late-term abortion debate erupts in Virginia House over viral video
https://t.co/DikFciuNUO"
1090694134187212800,14946895,127,113572,1120,1225,117163,2008-05-29 19:01:26,1,3,2019-01-30 19:32:00,"Norfolk's fire chief retires after 40 years with the city, a boyhood dream fulfilled
https://t.co/rDBztVEYKW"
1090690107588276224,14946895,127,113572,1120,1225,117163,2008-05-29 19:01:26,3,2,2019-01-30 19:16:00,"With the polar vortex hitting the county, officials are finding unusual ways to warn the public
https://t.co/RbGK65nYDX"
1090685998818906113,14946895,127,113572,1120,1225,117163,2008-05-29 19:01:26,1,1,2019-01-30 18:59:40,"Want to see ""Black Panther"" for free? 
Here's how üëá
https://t.co/NCazvSMdwX"
1090682055287963648,14946895,127,113572,1120,1225,117163,2008-05-29 19:01:26,2,3,2019-01-30 18:44:00,".@LeeTolliver takes a look back at the life of David Kennedy, the Tap Dancing Terror of Tidewater
https://t.co/H3sZ2SMTtk"
1090678362190823424,14946895,127,113572,1120,1225,117163,2008-05-29 19:01:26,2,7,2019-01-30 18:29:20,Kids will never learn (via @PilotArchives) https://t.co/uQaEXApQME
1090674253173846019,14946895,127,113572,1120,1225,117163,2008-05-29 19:01:26,1,3,2019-01-30 18:13:00,"8 omelets you should try at Virginia Beach restaurants
https://t.co/S7MgeKyy4R"
1090669939189575680,14946895,127,113572,1120,1225,117163,2008-05-29 19:01:26,2,1,2019-01-30 17:55:51,"Breaking: No decision on casino in Norfolk or Portsmouth expected until 2020
https://t.co/DAWQ97ghlV"
1090668749546573825,14946895,127,113572,1120,1225,117163,2008-05-29 19:01:26,0,0,2019-01-30 17:51:08,"Trump blasts US spy agencies as passive, ""weak"" on Iran threat
https://t.co/znKVyVK7Oq"
1090662879135744001,14946895,127,113572,1120,1225,117163,2008-05-29 19:01:26,0,1,2019-01-30 17:27:48,"Some background from @courtneymabeus 
https://t.co/KQO2ZFMZks"
1090659679968153602,14946895,127,113572,1120,1225,117163,2008-05-29 19:01:26,4,3,2019-01-30 17:15:05,"Navy sailor tried to destroy urine samples in fire at Oceana, charges say
https://t.co/HdHQ8k07Sf"
1090656892530024448,14946895,127,113572,1120,1225,117163,2008-05-29 19:01:26,1,0,2019-01-30 17:04:01,"Currituck tourism is thriving. 
Now, if only people knew they were in Currituck
https://t.co/hapRwO1JkQ"
1090651308439289856,14946895,127,113572,1120,1225,117163,2008-05-29 19:01:26,0,2,2019-01-30 16:41:49,"Lobster rolls, clam chowder and Sam Adams facing off against Tacos, cheeseburgers and Golden Road.
@matthewkorfhage‚Ä¶ https://t.co/0aioByoYKr"
1090641034831413250,14946895,127,113572,1120,1225,117163,2008-05-29 19:01:26,1,0,2019-01-30 16:01:00,"Deadly arctic cold freezes Midwest as temperatures hit record lows
https://t.co/snGPLoPkka"
1090637044634796032,14946895,127,113572,1120,1225,117163,2008-05-29 19:01:26,3,3,2019-01-30 15:45:09,"Join us over on Facebook in 30 minutes for The Pilot's newest feature, ""Behind the Byline,"" where we'll introduce y‚Ä¶ https://t.co/JVyPdWmn7k"
1090634943074578432,14946895,127,113572,1120,1225,117163,2008-05-29 19:01:26,2,4,2019-01-30 15:36:48,"When pet owners are faced with life-or-death decisions, this Virginia Beach woman wants to help
https://t.co/doY2Om9dqv"
1090629620456669185,14946895,127,113572,1120,1225,117163,2008-05-29 19:01:26,0,1,2019-01-30 15:15:39,"Norfolk council OKs controversial apartments near Military Highway light rail station
https://t.co/bIJx6F46sk"
1090625200704630786,14946895,127,113572,1120,1225,117163,2008-05-29 19:01:26,0,1,2019-01-30 14:58:05,"Looking for tasty Gyros &amp; Kebabs? Head over to Istanbul...in Norfolk
https://t.co/x3vUuN5rI5"
1090618385120051206,14946895,127,113572,1120,1225,117163,2008-05-29 19:01:26,1,2,2019-01-30 14:31:00,"Marie Kondo Netflix show inspires tidying up and sparks joy in Hampton Roads
https://t.co/7tMxJI4HOa"
1090614106757816321,14946895,127,113572,1120,1225,117163,2008-05-29 19:01:26,3,3,2019-01-30 14:14:00,"Virginian-Pilot Editorial: It's time to fix a broken redistricting system in Virginia
https://t.co/BbpGa1Haqa"
1090610331716591616,14946895,127,113572,1120,1225,117163,2008-05-29 19:01:26,1,2,2019-01-30 13:59:00,"Virginia seals deal to extend toll lanes on Interstate 95 to Fredericksburg 
https://t.co/hthkEqdeI7"
1090606571393085440,14946895,127,113572,1120,1225,117163,2008-05-29 19:01:26,1,0,2019-01-30 13:44:03,A 74-year-old Virginia Beach man pleaded guilty yesterday to second-degree murder for killing his wife in their Tho‚Ä¶ https://t.co/fyplTGGatJ
1090601775512485894,14946895,127,113572,1120,1225,117163,2008-05-29 19:01:26,2,5,2019-01-30 13:25:00,"""I want him to declare an emergency"": Eric Trump urges his father to use executive power to build a border wall https://t.co/6TCz2W0Xur"
1090598354881597440,14946895,127,113572,1120,1225,117163,2008-05-29 19:01:26,0,0,2019-01-30 13:11:24,"Head of Casey's Seafood gets 3 years, 8 months in blue crab fraud case https://t.co/UDV225Mgfp"
1090595486447284224,14946895,127,113572,1120,1225,117163,2008-05-29 19:01:26,0,0,2019-01-30 13:00:00,"A teenager in South Carolina faked his own abduction for $130 from mom, authorities say https://t.co/YEK7ydPaKN"
1090591842905845760,14946895,127,113572,1120,1225,117163,2008-05-29 19:01:26,1,1,2019-01-30 12:45:32,There's a lot going on with the USS  Abraham Lincoln right now https://t.co/IgKP5ZeEkH
1090588496681713664,14946895,127,113572,1120,1225,117163,2008-05-29 19:01:26,6,13,2019-01-30 12:32:14,"Virginia Gov. Ralph Northam proposed putting new limits on campaign contributions in the state.

It hasn't gone wel‚Ä¶ https://t.co/r8jJDkCROX"
1090405985188020225,14946895,127,113572,1120,1225,117163,2008-05-29 19:01:26,2,2,2019-01-30 00:27:00,"Get daily updates from The Virginian-Pilot on your smart speaker.
Each briefing will include four or five stories,‚Ä¶ https://t.co/iWjecCtrHt"
1090378051349696512,14946895,127,113572,1120,1225,117163,2008-05-29 19:01:26,1,3,2019-01-29 22:36:00,"Head of Casey's Seafood gets three years, eight months in blue crab fraud case
https://t.co/UDV225uEQP"
1090369244951326721,14946895,127,113572,1120,1225,117163,2008-05-29 19:01:26,3,2,2019-01-29 22:01:00,"VMRC moves to Fort Monroe after 30 years in downtown Newport News
https://t.co/D42XUuu68F"
1090361693887094784,14946895,127,113572,1120,1225,117163,2008-05-29 19:01:26,1,0,2019-01-29 21:31:00,"Security guard charged in ""Pokemon Go"" shooting had history of brandishing gun, lawsuit says
https://t.co/XLz1VDD1WS"
1090354927749251072,14946895,127,113572,1120,1225,117163,2008-05-29 19:01:26,0,1,2019-01-29 21:04:07,"Breaking: Police identify Virginia Beach man shot by an officer after reports of gunfire
https://t.co/H4FidlX8Nw"
1090351627289153537,14946895,127,113572,1120,1225,117163,2008-05-29 19:01:26,1,1,2019-01-29 20:51:00,"Virginia seals deal to extend toll lanes on Interstate 95 to Fredericksburg
https://t.co/hthkEqdeI7"
1090348009051832320,14946895,127,113572,1120,1225,117163,2008-05-29 19:01:26,88,483,2019-01-29 20:36:37,"Ice-T (@FINALLEVEL) to deliver keynote speech at music conference in Norfolk
https://t.co/F4pTzDhGy7"
1090335269440565248,14946895,127,113572,1120,1225,117163,2008-05-29 19:01:26,4,2,2019-01-29 19:46:00,"Marie Kondo Netflix show inspires tidying up and sparks joy in Hampton Roads

https://t.co/7tMxJHN6pA"
1090327468391555072,14946895,127,113572,1120,1225,117163,2008-05-29 19:01:26,3,3,2019-01-29 19:15:00,"It's so hot in Australia that snakes are seeking refuge in people's toilets
https://t.co/hkPIQk80mp"
1090318660487516161,14946895,127,113572,1120,1225,117163,2008-05-29 19:01:26,2,4,2019-01-29 18:40:00,"There's a new antenna at First Landing State Park and it's helping scientists measure currents

https://t.co/aeQQevRvLt"
1090310858779983872,14946895,127,113572,1120,1225,117163,2008-05-29 19:01:26,0,0,2019-01-29 18:09:00,A man in Virginia Beach that was pulled from a burning house has died and a woman who was struck by a vehicle fleei‚Ä¶ https://t.co/AcmnEQzG04
1090308342340304897,14946895,127,113572,1120,1225,117163,2008-05-29 19:01:26,1,7,2019-01-29 17:59:00,"Hey Brunswick stew fans! We need your help!

(Do you know anyone who loves Brunswick stew?)
https://t.co/OCHhGlNW3e"
1090304802599436289,14946895,127,113572,1120,1225,117163,2008-05-29 19:01:26,0,1,2019-01-29 17:44:56,"To cover gambling debts, a reformed bank robber carried out 4 robberies in Hampton Roads https://t.co/cs789iHZkW"
1090300037148508160,14946895,127,113572,1120,1225,117163,2008-05-29 19:01:26,2,2,2019-01-29 17:26:00,"Judge slashes amount Portsmouth councilwoman must pay fired staffer from $775,000 to $150,000
https://t.co/oKkqU3nAtk"
1090296010876825600,14946895,127,113572,1120,1225,117163,2008-05-29 19:01:26,0,0,2019-01-29 17:10:00,"Farm Fresh agrees to pay $1 million to settle allegations its pharmacies kept bad records
https://t.co/FOZqWLrVdK"
1090291984198037504,14946895,127,113572,1120,1225,117163,2008-05-29 19:01:26,0,0,2019-01-29 16:54:00,"Hospital allowed woman to pull the plug on wrong man, lawsuit claims
https://t.co/HoGWiCd6iT"
1090287503133863936,14946895,127,113572,1120,1225,117163,2008-05-29 19:01:26,0,6,2019-01-29 16:36:11,"The three tiny WW-II era photos of her father mysteriously appeared on Christmas Eve.
She has no idea who left them‚Ä¶ https://t.co/lR18XHgC1c"
1090281833265352704,14946895,127,113572,1120,1225,117163,2008-05-29 19:01:26,0,0,2019-01-29 16:13:40,"Here's your chance for a prom do-over
https://t.co/pL2jdcvJCB"
1090275289131712518,14946895,127,113572,1120,1225,117163,2008-05-29 19:01:26,0,0,2019-01-29 15:47:39,"""The Bachelor"" turns serious, as a contestant reveals she was raped in college
https://t.co/gHUc02kxjU"
1090271348536922112,14946895,127,113572,1120,1225,117163,2008-05-29 19:01:26,0,1,2019-01-29 15:32:00,"Time to vote again in our Glad You Asked feature. 
What should The Pilot investigate next? 
-Jobs for teens
-High s‚Ä¶ https://t.co/gAxgmwHZ0q"
1090267573613023241,14946895,127,113572,1120,1225,117163,2008-05-29 19:01:26,1,0,2019-01-29 15:17:00,"Kempsville Middle student arrested after bringing to school BB gun with no BBs in it
https://t.co/3aTzBI1evB"
1090263278649929728,14946895,127,113572,1120,1225,117163,2008-05-29 19:01:26,0,3,2019-01-29 14:59:56,"""The only option available to us is to stand up for our kids and understand that we have not just a moral responsib‚Ä¶ https://t.co/3rDM3wdOK4"
1090255494197866497,14946895,127,113572,1120,1225,117163,2008-05-29 19:01:26,4,5,2019-01-29 14:29:00,"A proposed 236-unit apartment complex in Norfolk has become a lightning rod for nearby residents
https://t.co/8YPFvuZk14"
1090250964030808065,14946895,127,113572,1120,1225,117163,2008-05-29 19:01:26,0,4,2019-01-29 14:11:00,"Virginia House GOP leaders endorse plan for independent redistricting commission
https://t.co/bQPC3DGn6B"
1090246434102874112,14946895,127,113572,1120,1225,117163,2008-05-29 19:01:26,5,12,2019-01-29 13:53:00,"Thousands of Virginia teachers rally in Richmond for better pay, school funding
https://t.co/a2dpZDPR0m"
1090242407638003712,14946895,127,113572,1120,1225,117163,2008-05-29 19:01:26,0,1,2019-01-29 13:37:00,"FWIW, FYE has closed two stores in Hampton Roads
https://t.co/qftBIQOihK"
1090238632722599936,14946895,127,113572,1120,1225,117163,2008-05-29 19:01:26,1,1,2019-01-29 13:22:00,"ODU's Foreman Field to be renamed for longtime benefactor.
The playing surface at  S.B. Ballard Stadium will be cal‚Ä¶ https://t.co/GZ7oyXIKgj"
1090234743357169666,14946895,127,113572,1120,1225,117163,2008-05-29 19:01:26,0,0,2019-01-29 13:06:33,"Virginia Beach woman killed in Chesapeake crash Friday night, police say https://t.co/qaCtKT5kHz"
1090230831464046592,14946895,127,113572,1120,1225,117163,2008-05-29 19:01:26,1,0,2019-01-29 12:51:00,Prominent businessmen behind attack ads that failed to take down a Virginia Beach councilman https://t.co/LAObwf9mky
1090226713018142722,14946895,127,113572,1120,1225,117163,2008-05-29 19:01:26,0,1,2019-01-29 12:34:38,Lamia‚Äôs Crepes moving to Town Center in Virginia Beach next month https://t.co/ved3KqXIer
1089988232715165698,14946895,127,113572,1120,1225,117163,2008-05-29 19:01:26,0,1,2019-01-28 20:47:00,"Virginia Beach boat storage facility razed for new luxury apartment complex
https://t.co/YtpKatXbWP"
1089978582674407424,14946895,127,113572,1120,1225,117163,2008-05-29 19:01:26,0,1,2019-01-28 20:08:39,"Covington Catholic controversy provides lessons about social media
https://t.co/h6Ld6Zk8X9"
1089970875020050433,14946895,127,113572,1120,1225,117163,2008-05-29 19:01:26,5,2,2019-01-28 19:38:01,"Police asking public to help locate missing 65-year-old Norfolk man
https://t.co/MHIcgi35C4"
1089966764442771456,14946895,127,113572,1120,1225,117163,2008-05-29 19:01:26,0,3,2019-01-28 19:21:41,"Before the Bonner Bridge, 25 cents and a 2-car ferry would get you across the Oregon Inlet
https://t.co/Nd6Z6wVf9V"
1089958962013839361,14946895,127,113572,1120,1225,117163,2008-05-29 19:01:26,1,3,2019-01-28 18:50:41,"With slick sides and sharp angles, the USS Michael Monsoor cuts a distinct silhouette
https://t.co/TVlW84Q8nM"
1089953000540512261,14946895,127,113572,1120,1225,117163,2008-05-29 19:01:26,0,3,2019-01-28 18:27:00,"He chose swimming over football. Now First Colonial's Cason Wilburn seeks to make splash at state
https://t.co/7NHaSBYzDL"
1089948974075633664,14946895,127,113572,1120,1225,117163,2008-05-29 19:01:26,1,1,2019-01-28 18:11:00,"Are Slover and other Norfolk libraries really breaking up? 
It‚Äôs complicated.
https://t.co/clKYdJobL3"
1089944695797616640,14946895,127,113572,1120,1225,117163,2008-05-29 19:01:26,2,4,2019-01-28 17:54:00,"Just in time for this week's cold weather - Stockpot's new two-story diner opened today in downtown Norfolk
https://t.co/h8wH6mWxvi"
1089938908115275776,14946895,127,113572,1120,1225,117163,2008-05-29 19:01:26,0,0,2019-01-28 17:31:00,"Virginia Beach woman killed in Chesapeake crash Friday night, police say
https://t.co/qaCtKT5kHz"
1089934571615989762,14946895,127,113572,1120,1225,117163,2008-05-29 19:01:26,1,1,2019-01-28 17:13:46,"Virginia Beach officer shoots and injures suspect in Lake Edward area after reports of gunfire
https://t.co/K3qSMWLomt"
1089934164277776384,14946895,127,113572,1120,1225,117163,2008-05-29 19:01:26,13,0,2019-01-28 17:12:09,RT @saragregory: Some scenes from the #Red4ED march to the Capitol https://t.co/dm9I8FhdVy
1089927664255799302,14946895,127,113572,1120,1225,117163,2008-05-29 19:01:26,0,2,2019-01-28 16:46:19,"A large new airline is showing interest in Newport News airport, official say
https://t.co/MiTuiSqW9A"
1089921170424688645,14946895,127,113572,1120,1225,117163,2008-05-29 19:01:26,0,2,2019-01-28 16:20:31,"Commentary | One shutdown lesson: Americans need to save more 
https://t.co/VadB569ssA"
1089916907799674880,14946895,127,113572,1120,1225,117163,2008-05-29 19:01:26,2,0,2019-01-28 16:03:35,"34 measles cases confirmed in Washington outbreak, officials say
https://t.co/NEj50FBN8r"
1089911965840011264,14946895,127,113572,1120,1225,117163,2008-05-29 19:01:26,0,0,2019-01-28 15:43:56,"U.S. Rep. Walter Jones of North Carolina enters hospice care
https://t.co/slDOY8mEoH"
1089906695579389955,14946895,127,113572,1120,1225,117163,2008-05-29 19:01:26,3,1,2019-01-28 15:23:00,"""Ghost pots"" are a menace in the Chesapeake Bay. Researchers turn to watermen for help
https://t.co/ERJ8y60wQf"
1089902867551522816,14946895,127,113572,1120,1225,117163,2008-05-29 19:01:26,1,8,2019-01-28 15:07:47,"Trump gives his blessing to allowing states to teach Bible literacy in public schools
https://t.co/ZrLoGxmMpO"
1089896880983683079,14946895,127,113572,1120,1225,117163,2008-05-29 19:01:26,3,0,2019-01-28 14:44:00,"Virginian-Pilot Editorial: Continue higher education winning streak in Virginia
https://t.co/hZfs28j7Fr"
1089892347310153728,14946895,127,113572,1120,1225,117163,2008-05-29 19:01:26,2,3,2019-01-28 14:25:59,"Suffolk awards 4 grants for brewery expansion, new shops downtown
https://t.co/F1QFkpXQ7K"
1089888576026730497,14946895,127,113572,1120,1225,117163,2008-05-29 19:01:26,0,1,2019-01-28 14:11:00,"Afghan president calls for talks with Taliban; U.S. tentatively agrees on troop withdrawal plans
https://t.co/u2UtSsboKz"
1089884801182494720,14946895,127,113572,1120,1225,117163,2008-05-29 19:01:26,0,1,2019-01-28 13:56:00,"Trump ridicules Coulter, slams Fox News in fallout over wall
https://t.co/vIi6UfYsEW"
1089880745747927043,14946895,127,113572,1120,1225,117163,2008-05-29 19:01:26,7,3,2019-01-28 13:39:53,"Arctic cold front, icy conditions and a slight chance of snow predicted for Hampton Roads
https://t.co/vfro1SQn2f"
1089876728443490307,14946895,127,113572,1120,1225,117163,2008-05-29 19:01:26,1,0,2019-01-28 13:23:55,"Police body cameras mean extra work for prosecutors. 
Cities and state spar over who should pay
https://t.co/7Mk49AkTiC"
1089869235801808901,14946895,127,113572,1120,1225,117163,2008-05-29 19:01:26,0,0,2019-01-28 12:54:09,"State grant payout for shipbuilding work could be accelerated for Newport News Shipbuilding

https://t.co/7ednpGstku"
